dok_id,rm,titel,facit
HD037,2025/26,Stärkt kontroll över tandvårdssektorn,sjukvard
H803128,2020/21,Ändrade regler för mervärdesskatt vid handel med avfall och skrot,skatter
H603162d2,2018/19,En ny beteckning för kommuner på regional nivå och vissa frågor om regionindelning - Del 2,
HA031d22,2022/23,Budgetpropositionen för 2023 - Utgiftsområde 21 Energi,energi
H903257,2021/22,En ny biobankslag,sjukvard
H903252,2021/22,Extra ändringsbudget för 2022 – Stöd till jordbruket och fiskerinäringen samt kompensation för höga energipriser,energi
HA0399,2022/23,Vårändringsbudget för 2023,ekonomi
HB0343,2023/24,Prövotid för körkortsbehörigheten AM,
H70338,2019/20,Samarbete mellan svenska och norska särskilda insatsgrupper i krissituationer,lag
H903186,2021/22,En stärkt rättsprocess och en ökad lagföring,lag
H60371,2018/19,Genomförandet av barnrättsdirektivet och några andra straffprocessuella frågor,lag
H60353,2018/19,Åtgärder för att mildra konsekvenserna på det sociala området med anledning av brexit,valfard
H80341,2020/21,Förlängning av de tillfälliga åtgärderna för att underlätta genomförandet av bolags- och föreningsstämmor,
HB03148,2023/24,Två frågor om taxi – prisuppgiftsskyldigheten och ålderskravet för taxiförarlegitimation,
H703149,2019/20,Skärpta straff för de allvarligaste fallen av immaterialrättsintrång,lag
H803183,2020/21,Utfodring av vilt,miljo
H903132,2021/22,Förskola för fler barn,skola
H703143,2019/20,Tillfälliga åtgärder för att underlätta genomförandet av bolags- och föreningsstämmor,
HD0371,2025/26,Insyn i handlingar som inhämtas genom beslag och kopiering vid husrannsakan,lag
H803187,2020/21,Ändrade regler för kontroll av ekologisk produktion,miljo
H903165,2021/22,Ändrade transparensregler inom energibeskattningen,skatter;energi
H60360,2018/19,Högsta domstolens sammansättning i utlämningsärenden,lag
HA0320,2022/23,En tillfällig skatt på extraordinära vinster för vissa företag under 2023,skatter;energi
H60378,2018/19,Skärpt straff för subventionsmissbruk,lag
HC0359,2024/25,En modern straffrättslig preskriptionslagstiftning,lag
H90314,2021/22,En möjlighet till ny anmälan om avstämning av stöd vid korttidsarbete och ett nytt förfarande vid sen anmälan om avstämning,jobb
H90341,2021/22,En ny riksbankslag,ekonomi
H903286,2021/22,Bolags rörlighet över gränserna inom EU,
H60388,2018/19,Vissa inkomstskatteändringar,skatter
HD031d13,2025/26,Budgetpropositionen för 2026 - Utgiftsområde 11 Ekonomisk trygghet vid ålderdom,pension
H703137,2019/20,Förbättrad tillsyn på miljöområdet,miljo
H60338,2018/19,Kompletterande bestämmelser till EU:s förordning om transparens i transaktioner för värdepappersfinansiering och om återanvändning,
HD03124,2025/26,En europeisk gemensam åtkomstpunkt för finansiell och hållbarhetsrelaterad information,
H803118,2020/21,Tillfällig nedsättning av arbetsgivaravgifter för upp till två anställda,skatter;jobb
HA031d16,2022/23,Budgetpropositionen för 2023 - Utgiftsområde 15 Studiestöd,skola
HA031d9,2022/23,Budgetpropositionen för 2023 - Utgiftsområde 8 Migration,invandring
H603116,2018/19,Genomförande av EU:s reviderade direktiv om säkerhet ombord på passagerarfartyg,
H803113,2020/21,Utökad befrielse från energiskatt för egenproducerad el,skatter;energi
H603141,2018/19,Elektroniska fraktsedlar vid vägtransport,
HC031d5,2024/25,Budgetpropositionen för 2025 - Utgiftsområde 4 Rättsväsendet,lag
H603150,2018/19,Skärpta åtgärder mot penningtvätt och finansiering av terrorism,lag
H80366,2020/21,Nya bestämmelser om hållbarhetsrelaterade upplysningar för vissa aktörer på finansmarknadsområdet,
HB0352,2023/24,Likvärdiga krav på mål och riktlinjer för utförare av kommunal verksamhet,
HD03296,2025/26,Skattetransparenta värdepappersfonder för institutionella investerare,skatter
HC03185,2024/25,Extra ändringsbudget för 2025 – Kapitaltillskott till Apotek Produktion & Laboratorier AB,sjukvard
HD03262,2025/26,Utmönstring av permanent uppehållstillstånd och anpassning av svensk rätt till EU:s migrations- och asylpakt,invandring
HC032,2024/25,Höständringsbudget för 2024,ekonomi
HC03201,2024/25,Utvidgade möjligheter att meddela näringsförbud på grund av brott,lag
H803161,2020/21,Löneutmätning och digitala ansökningar i utsökningsförfarandet,
HB03143,2023/24,"Aktsamhet vid bygg-, rivnings- och markåtgärder",
HD03136,2025/26,Kvalificering till socialförsäkringen,valfard;invandring
H60394,2018/19,Befrielse från koldioxid- och energiskatt och förändrad omräkning av skatt för diesel och bensin,skatter;klimat
H603164,2018/19,Skärpta straffrättsliga sanktioner mot företag,lag
HD03187,2025/26,En mer flexibel hyresmarknad,bostad
H9031d18,2021/22,Budgetpropositionen för 2022 - Utgiftsområde 16 Utbildning och universitetsforskning,skola
H903153,2021/22,Genomförande av elmarknadsdirektivet när det gäller nätverksamhet,energi
HD03201,2025/26,Reformerat försörjningsstöd – bidragstak och ökade möjligheter till arbete,valfard
H803214,2020/21,Utökade möjligheter att avgöra mål på handlingarna i allmän domstol,lag
HA0374,2022/23,Sveriges medlemskap i Nato,forsvar
H903168,2021/22,En ökad differentiering av strandskyddet,miljo
H80354,2020/21,Ökad ordning och säkerhet i frivården,lag
H90392,2021/22, Ändrade regler för att möjliggöra utlämning av uppgifter för inkomststudier,
H70324,2019/20,Sänkt skatt på drivmedel,skatter;egen_ekonomi
HD03297,2025/26,Ett nytt straffrättsligt påföljdssystem,lag
H703161,2019/20,Ändrade övergångsbestämmelser när det gäller medicintekniska produkter,sjukvard
H90361,2021/22,Nytt punktskattedirektiv och vissa andra ändringar,skatter
HA0353,2022/23,Skärpta straff för brott i kriminella nätverk,lag
H60348,2018/19,Insolvensregister enligt 2015 års insolvensförordning,
H80387,2020/21,Godkännande av rådets beslut om systemet för EU:s egna medel för perioden 2021 och framåt,ekonomi
HA031d3,2022/23,Budgetpropositionen för 2023 - Utgiftsområde 2 Samhällsekonomi och finansförvaltning,ekonomi
HC0383,2024/25,Godkännanden och medgivanden inom punktskatteområdet vid konkurs,skatter
H803216,2020/21,Nya regler om husrannsakan för att söka efter vapen och andra farliga föremål,lag
H90391,2021/22,Skärpt miljöstyrning i bonus-malus-systemet,klimat
HC03183,2024/25,Intelligenta transportsystem – genomförande av ändringsdirektiv,
HB031d24,2023/24,"Budgetpropositionen för 2024 - Utgiftsområde 23 Areella näringar, landsbygd och livsmedel",
H803221,2020/21,Statlig ersättning för personskada orsakad av vaccin mot sjukdomen covid-19,sjukvard
H803176,2020/21,"Modernare regler för bekräftelse av föräldraskap, faderskapsundersökningar och för att åstadkomma könsneutral föräldraskapspresumtion",
HB03166,2023/24,Ändring av ikraftträdande av bestämmelser i skollagen om det nationella professionsprogrammet,skola
HB0378,2023/24,Avskaffat krav på bevarande av räkenskapsinformation i original,
HC031d7,2024/25,Budgetpropositionen för 2025 - Utgiftsområde 6 Försvar och samhällets krisberedskap,forsvar
H803158,2020/21,Skärpt kontroll över explosiva varor,lag
HD0368,2025/26,Avvikande från bestämmelserna om tyst godkännande i EU:s förordning om gigabitinfrastruktur,
HC0351,2024/25,Hemlig dataavläsning mot allvarliga brott,lag
H803112,2020/21,En heltäckande tobaksbeskattning - för ökad tydlighet och enhetlighet,skatter
H803129,2020/21,Genomförande av ändringar i Solvens II-direktivet,
H703189,2019/20,Digital kommunikation i domstolsprocesser,lag
HD03209,2025/26,En snabbare utbyggnad av kriminalvårdsanstalter och häkten,lag
HA031d18,2022/23,"Budgetpropositionen för 2023 - Utgiftsområde 17 Kultur, medier, trossamfund och fritid",
HD0328,2025/26,Ett starkt skydd för nätverks- och informationssystem – en ny cybersäkerhetslag,forsvar
H703186,2019/20,Ett förstärkt medarbetarskydd för polisanställda,lag
HA03121,2022/23,Nya krav på betaltjänstleverantörer att lämna uppgifter,skatter
HB031,2023/24,Budgetpropositionen för 2024,ekonomi
H603137,2018/19,Genomförande av EU:s direktiv om arbete ombord på fiskefartyg,jobb
HC03139,2024/25,Uppsägning av avtalet med Organisationen för det globala nätverket för vattenfrågor (GWPO) om immunitet och privilegier för organisationen och dess personal,
HA0365,2022/23,Ett likviditetsverktyg för fonder,
HD031d11,2025/26,"Budgetpropositionen för 2026 - Utgiftsområde 9 Hälsovård, sjukvård och social omsorg",sjukvard
HA0356,2022/23,Möjligheten till tidsbegränsade bygglov för bostäder förlängs,bostad
HC03131,2024/25,Nya regler för datacenter och hållbara bränslen samt en ny reduktionsplikt,klimat;energi
HB0324,2023/24,Sänkt skatt på bensin och diesel och sänkt skatt på jordbruksdiesel,skatter;egen_ekonomi
HD03179,2025/26,Signalspaning i försvarsunderrättelseverksamhet – en modern och ändamålsenlig lagstiftning,forsvar
H903152,2021/22,Extra ändringsbudget för 2022 - Garanti till Internationella återuppbyggnads- och utvecklingsbanken för lån till Ukraina ,
H8034,2020/21,Extra ändringsbudget för 2020 - Förlängda och förstärkta stöd och ersättningar med anledning av coronaviruset,ekonomi;jobb
HC031d25,2024/25,Budgetpropositionen för 2025 - Utgiftsområde 24 Näringsliv,
HD03230,2025/26,Ersättning vid rådighetsinskränkningar till följd av artskyddet,miljo
HD03107,2025/26,Modernisering av Skatteverkets kontrollverktyg,skatter
HB032,2023/24,Höständringsbudget för 2023,ekonomi
H803163,2020/21,Förebyggande av våld i nära relationer,lag;jamstalldhet
HC03165,2024/25,Stärkt skydd för demokratin och domstolarnas oberoende,
HB031d23,2023/24,Budgetpropositionen för 2024 - Utgiftsområde 22 Kommunikationer,
H6037,2018/19,Prövning av ärenden enligt EU:s förordning om värdepapperisering och volatilitetsjustering för försäkringsföretag,
HA03116,2022/23, Ett granskningssystem för utländska direktinvesteringar till skydd för svenska säkerhetsintressen,forsvar
HB0328,2023/24,Sänkning av reduktionsplikten för bensin och diesel,klimat;egen_ekonomi
HD0322,2025/26,Ytterligare kompletteringar till bestämmelserna om tilläggsskatt för företag i stora koncerner,skatter
HD031d5,2025/26,"Budgetpropositionen för 2026 - Utgiftsområde 3 Skatt, tull och exekution",skatter
H703197,2019/20,Delegationsbestämmelser för Skatterättsnämnden och Forskarskattenämnden och några ändringar i fråga om informationsutbyte på skatteområdet,skatter
HA0378,2022/23,Förbättrade åtgärder när barn misstänks för brott,lag
HD03158,2025/26,Hela Sverige ska fungera – politik för starkare landsbygder,
H70358,2019/20,Reglering av vapenmagasin,lag
HD03196,2025/26,Tid för undervisningsuppdraget,skola
HD036,2025/26,En tydlig beslutsordning för deltagande i Natos samlade verksamhet för avskräckning och försvar,forsvar
HD03231,2025/26,Sveriges anslutning till den utvidgade partiella överenskommelsen för den särskilda tribunalen för aggressionsbrottet mot Ukraina,
HB0316,2023/24,Utvidgad tidsgräns för expertskatt,skatter
HC031d12,2024/25,Budgetpropositionen för 2025 - Utgiftsområde 11 Ekonomisk trygghet vid ålderdom,pension
HD03301,2025/26,Skärpta villkor för anhöriginvandring,invandring
H803184,2020/21,Nya EU-bestämmelser om tullkontroller av kontanta medel,
HC0348,2024/25,En kapacitetsmekanism för elmarknaden,energi
HD03238,2025/26,Ny myndighet för miljöprövning,miljo
H803160,2020/21,Säkrare samordningsnummer och bättre förutsättningar för korrekta uppgifter i folkbokföringen,
HD03237,2025/26,En betald polisutbildning,lag
H90396,2021/22,Ytterligare sänkt mervärdesskatt på vissa reparationer,skatter
HC0374,2024/25,Enhetliga sekretessbestämmelser i Statens haverikommissions verksamhet,
HD03127,2025/26,Slopat krav på introduktionsutbildning för övningskörning,
H803150,2020/21,Ett stärkt barnrättsperspektiv i vårdnadstvister ,
H70381,2019/20,Genomförande av EU:s ändringsdirektiv om byggnaders energiprestanda,energi
H803185,2020/21,Hållbarhetskriterier – genomförande av det omarbetade förnybartdirektivet,energi;klimat
H703194,2019/20,Ett ändamålsenligt minoritetsskydd i aktiebolag och ekonomiska föreningar,
HD03143,2025/26,Extra ändringsbudget för 2026 – Stöd till Ukraina och vaccinberedskap,
HA0388,2022/23,Ökad transparens för stora företags skattebetalningar,skatter
H90327,2021/22,Komplettering av den utvidgade fåmansföretagsdefinitionen,skatter
H90399,2021/22,Vårändringsbudget för 2022,ekonomi
HC03164,2024/25,En långsiktigt hållbar kommersiell radioverksamhet,
HB03137,2023/24,Undantag från mervärdesskatt för väpnade styrkor inom Nato,skatter;forsvar
HD0326,2025/26,Regelverket för framtidens el- och gasnät,energi
H80355,2020/21,Språkplikt - deltagande i vuxenutbildning i svenska för invandrare (sfi) för rätt till försörjningsstöd,invandring;valfard
HD031d25,2025/26,"Budgetpropositionen för 2026 - Utgiftsområde 23 Areella näringar, landsbygd och livsmedel",
H803181,2020/21,Tidsfrister och kontaktpunkt för att främja tillförsel av förnybar energi,energi
HA03138,2022/23,En gemensam laddningsstandard för viss radioutrustning,
HB03139,2023/24,Explosiva varor – ett nationellt tillståndsregister och kriminalisering av förstadier till brott mot tillståndsplikten,lag
HA03119,2022/23,Effektiv ekonomistyrning i kommuner och regioner,
HD03243,2025/26,Förbättrade regler för svensk tonnagebeskattning,skatter
H703151,2019/20,Extra ändringsbudget för 2020 - Ytterligare åtgärder på skatteområdet med anledning av coronaviruset,skatter;ekonomi
H803110,2020/21,Ytterligare förstärkt nedsättning av arbetsgivaravgifter för personer som arbetar med forskning eller utveckling,skatter
HC031d26,2024/25,Budgetpropositionen för 2025 - Utgiftsområde 25 Allmänna bidrag till kommuner,
HA0389,2022/23,Kompletterande bestämmelser till EU:s gaslagringsförordning,energi
HC031d13,2024/25,Budgetpropositionen för 2025 - Utgiftsområde 12 Ekonomisk trygghet för familjer och barn,valfard
HA031d29,2022/23,Budgetpropositionen för 2023 - Ålderspensionssystemet vid sidan av statens budget,pension
H80334,2020/21,Revision av det enhetliga elektroniska rapporteringsformatet,
H903272,2021/22,Statens stöd till trossamfund samt demokrativillkor vid stöd till civilsamhället,
HD0393,2025/26,Ett språkkrav inom äldreomsorgen,aldre
HA031d15,2022/23,Budgetpropositionen för 2023 - Utgiftsområde 14 Arbetsmarknad och arbetsliv,jobb
H60391,2018/19,Anställningsskyddet förlängs tills arbetstagaren fyllt 69,jobb
HA03133,2022/23,Ett hållbart mediestöd för hela landet,
H80365,2020/21,Tillfällig utvidgning av statligt stöd genom nedsatt energiskatt,skatter;energi
H903139,2021/22,Stärkt integritet i idrottens antidopningsarbete,
HD03171,2025/26,En mer ändamålsenlig prövning av kärntekniska anläggningar,energi
H803168,2020/21,Undantag från sekretess för beslut om stöd vid korttidsarbete,jobb
HA031d10,2022/23,"Budgetpropositionen för 2023 - Utgiftsområde 9 Hälsovård, sjukvård och social omsorg",sjukvard
H903179,2021/22,Ett bättre premiepensionssystem,pension
HD03142,2025/26,Ett starkare skydd för civilbefolkningen vid höjd beredskap,forsvar
HB031d15,2023/24,Budgetpropositionen för 2024 - Utgiftsområde 14 Arbetsmarknad och arbetsliv,jobb
HD0314,2025/26,Extra ändringsbudget för 2025 – Försvarsmateriel och ytterligare stöd till Ukraina,forsvar
H903119,2021/22,Modernare regler för användningen av tvångsmedel,lag
HA03145,2022/23,Fortsatt giltighet av lagen om vissa register för forskning om vad arv och miljö betyder för människors hälsa,
HC0391,2024/25,En utvidgad insamling och utlämning av djurhälsodata,
HD03197,2025/26,Ett likvärdigt betygssystem,skola
H703131,2019/20,Ökat skydd mot hedersrelaterad brottslighet,lag;jamstalldhet
H903182,2021/22,Efterlevandestöd för barn som får vård eller boende bekostat av det allmänna,valfard
H90358,2021/22,"Stärkt äganderätt, flexibla skyddsformer och ökade incitament för naturvården i skogen med frivillighet som grund",miljo
HC0336,2024/25,Uppgifter som ska lämnas i samband med arbetsgivardeklarationen,skatter
H80382,2020/21,En översyn av regleringen för tjänstepensionsföretag,pension
H903243,2021/22,Pausad höjning av reduktionsplikten för bensin och diesel 2023,klimat;egen_ekonomi
H90364,2021/22,Etisk granskning av forskning - en övergångsbestämmelse som avser kliniska läkemedelsprövningar,
H903220,2021/22,Sjukersättning till äldre i förvärvsarbetande ålder,valfard
HB0318,2023/24,Vissa skärpta villkor för anhöriginvandring och begränsade möjligheter till uppehållstillstånd av humanitära skäl,invandring
H603118,2018/19,Reglering av mikrosimuleringsmodellen Fasit,
HA031d8,2022/23,Budgetpropositionen för 2023 - Utgiftsområde 7 Internationellt bistånd,
H903171,2021/22,Tryggare bostadsrätt,bostad
H70397,2019/20,Ny associationsrätt för medlemsbanker,
H903226,2021/22,Aktivitetskravet i plan- och bygglagen,bostad
H80332,2020/21,Svenskt deltagande i Förenta Nationernas stabiliseringsinsats i Mali,forsvar
HD033,2025/26,Förenklad hantering av skattefritt bränsle och vissa andra punktskattefrågor,skatter
HD03149,2025/26,Legitimation och behörighet i den tioåriga grundskolan,skola
HD031d9,2025/26,Budgetpropositionen för 2026 - Utgiftsområde 7 Internationellt bistånd,
H903201,2021/22,Ett års förlängd giltighetstid för undersökningstillstånd,
H80383,2020/21,"Extra ändringsbudget för 2021 - Förstärkta stöd till företag, nedsättning av arbetsgivaravgifter för unga och andra åtgärder med anledning av coronaviruset",ekonomi;jobb
HD0363,2025/26,Vissa sekretessfrågor som avser vapentransaktioner och Schengens informationssystem,
H90340,2021/22,Ett teknikneutralt krav på underskrift av regeringsbeslut,
HB0362,2023/24,Tillfälliga förbud att transportera personer utan giltiga identitetshandlingar till Sverige,invandring
HC03166,2024/25,En lag om public service och riktlinjer för verksamheten 2026–2033,
HA031d17,2022/23,Budgetpropositionen för 2023 - Utgiftsområde 16 Utbildning och universitetsforskning,skola
