kalla,fraga,parti,rang,sida,valar
valu_rd_2026_seminarium,Skatterna,V,7,13,2026
valu_rd_2026_seminarium,Skatterna,S,13,13,2026
valu_rd_2026_seminarium,Skatterna,MP,12,13,2026
valu_rd_2026_seminarium,Skatterna,C,16,13,2026
valu_rd_2026_seminarium,Skatterna,L,10,13,2026
valu_rd_2026_seminarium,Skatterna,KD,13,13,2026
valu_rd_2026_seminarium,Skatterna,M,4,13,2026
valu_rd_2026_seminarium,Skatterna,SD,7,13,2026
valu_rd_2026_seminarium,Miljön,V,5,13,2026
valu_rd_2026_seminarium,Miljön,S,8,13,2026
valu_rd_2026_seminarium,Miljön,MP,1,13,2026
valu_rd_2026_seminarium,Miljön,C,3,13,2026
valu_rd_2026_seminarium,Miljön,L,16,13,2026
valu_rd_2026_seminarium,Miljön,KD,16,13,2026
valu_rd_2026_seminarium,Miljön,M,16,13,2026
valu_rd_2026_seminarium,Miljön,SD,16,13,2026
valu_rd_2026_seminarium,Sysselsättning,V,9,13,2026
valu_rd_2026_seminarium,Sysselsättning,S,7,13,2026
valu_rd_2026_seminarium,Sysselsättning,MP,9,13,2026
valu_rd_2026_seminarium,Sysselsättning,C,7,13,2026
valu_rd_2026_seminarium,Sysselsättning,L,12,13,2026
valu_rd_2026_seminarium,Sysselsättning,KD,14,13,2026
valu_rd_2026_seminarium,Sysselsättning,M,12,13,2026
valu_rd_2026_seminarium,Sysselsättning,SD,12,13,2026
valu_rd_2026_seminarium,Svenska ekonomin,V,8,13,2026
valu_rd_2026_seminarium,Svenska ekonomin,S,6,13,2026
valu_rd_2026_seminarium,Svenska ekonomin,MP,10,13,2026
valu_rd_2026_seminarium,Svenska ekonomin,C,6,13,2026
valu_rd_2026_seminarium,Svenska ekonomin,L,2,13,2026
valu_rd_2026_seminarium,Svenska ekonomin,KD,3,13,2026
valu_rd_2026_seminarium,Svenska ekonomin,M,2,13,2026
valu_rd_2026_seminarium,Svenska ekonomin,SD,3,13,2026
valu_rd_2026_seminarium,Din egen ekonomi,V,11,13,2026
valu_rd_2026_seminarium,Din egen ekonomi,S,9,13,2026
valu_rd_2026_seminarium,Din egen ekonomi,MP,14,13,2026
valu_rd_2026_seminarium,Din egen ekonomi,C,14,13,2026
valu_rd_2026_seminarium,Din egen ekonomi,L,8,13,2026
valu_rd_2026_seminarium,Din egen ekonomi,KD,4,13,2026
valu_rd_2026_seminarium,Din egen ekonomi,M,3,13,2026
valu_rd_2026_seminarium,Din egen ekonomi,SD,4,13,2026
valu_rd_2026_seminarium,Försvarsfrågan,V,16,13,2026
valu_rd_2026_seminarium,Försvarsfrågan,S,15,13,2026
valu_rd_2026_seminarium,Försvarsfrågan,MP,15,13,2026
valu_rd_2026_seminarium,Försvarsfrågan,C,13,13,2026
valu_rd_2026_seminarium,Försvarsfrågan,L,4,13,2026
valu_rd_2026_seminarium,Försvarsfrågan,KD,6,13,2026
valu_rd_2026_seminarium,Försvarsfrågan,M,5,13,2026
valu_rd_2026_seminarium,Försvarsfrågan,SD,9,13,2026
valu_rd_2026_seminarium,Lag och ordning,V,14,13,2026
valu_rd_2026_seminarium,Lag och ordning,S,11,13,2026
valu_rd_2026_seminarium,Lag och ordning,MP,13,13,2026
valu_rd_2026_seminarium,Lag och ordning,C,12,13,2026
valu_rd_2026_seminarium,Lag och ordning,L,1,13,2026
valu_rd_2026_seminarium,Lag och ordning,KD,1,13,2026
valu_rd_2026_seminarium,Lag och ordning,M,1,13,2026
valu_rd_2026_seminarium,Lag och ordning,SD,1,13,2026
valu_rd_2026_seminarium,Flyktingar/invandring,V,10,13,2026
valu_rd_2026_seminarium,Flyktingar/invandring,S,12,13,2026
valu_rd_2026_seminarium,Flyktingar/invandring,MP,8,13,2026
valu_rd_2026_seminarium,Flyktingar/invandring,C,15,13,2026
valu_rd_2026_seminarium,Flyktingar/invandring,L,11,13,2026
valu_rd_2026_seminarium,Flyktingar/invandring,KD,10,13,2026
valu_rd_2026_seminarium,Flyktingar/invandring,M,9,13,2026
valu_rd_2026_seminarium,Flyktingar/invandring,SD,2,13,2026
valu_rd_2026_seminarium,Sjukvården,V,1,13,2026
valu_rd_2026_seminarium,Sjukvården,S,2,13,2026
valu_rd_2026_seminarium,Sjukvården,MP,5,13,2026
valu_rd_2026_seminarium,Sjukvården,C,5,13,2026
valu_rd_2026_seminarium,Sjukvården,L,6,13,2026
valu_rd_2026_seminarium,Sjukvården,KD,2,13,2026
valu_rd_2026_seminarium,Sjukvården,M,6,13,2026
valu_rd_2026_seminarium,Sjukvården,SD,5,13,2026
valu_rd_2026_seminarium,Jämställdheten mellan kvinnor och män,V,2,13,2026
valu_rd_2026_seminarium,Jämställdheten mellan kvinnor och män,S,3,13,2026
valu_rd_2026_seminarium,Jämställdheten mellan kvinnor och män,MP,3,13,2026
valu_rd_2026_seminarium,Jämställdheten mellan kvinnor och män,C,4,13,2026
valu_rd_2026_seminarium,Jämställdheten mellan kvinnor och män,L,14,13,2026
valu_rd_2026_seminarium,Jämställdheten mellan kvinnor och män,KD,12,13,2026
valu_rd_2026_seminarium,Jämställdheten mellan kvinnor och män,M,14,13,2026
valu_rd_2026_seminarium,Jämställdheten mellan kvinnor och män,SD,14,13,2026
valu_rd_2026_seminarium,Skola och utbildning,V,3,13,2026
valu_rd_2026_seminarium,Skola och utbildning,S,1,13,2026
valu_rd_2026_seminarium,Skola och utbildning,MP,4,13,2026
valu_rd_2026_seminarium,Skola och utbildning,C,2,13,2026
valu_rd_2026_seminarium,Skola och utbildning,L,3,13,2026
valu_rd_2026_seminarium,Skola och utbildning,KD,5,13,2026
valu_rd_2026_seminarium,Skola och utbildning,M,8,13,2026
valu_rd_2026_seminarium,Skola och utbildning,SD,11,13,2026
valu_rd_2026_seminarium,Företagens villkor,V,15,13,2026
valu_rd_2026_seminarium,Företagens villkor,S,16,13,2026
valu_rd_2026_seminarium,Företagens villkor,MP,16,13,2026
valu_rd_2026_seminarium,Företagens villkor,C,8,13,2026
valu_rd_2026_seminarium,Företagens villkor,L,9,13,2026
valu_rd_2026_seminarium,Företagens villkor,KD,11,13,2026
valu_rd_2026_seminarium,Företagens villkor,M,11,13,2026
valu_rd_2026_seminarium,Företagens villkor,SD,13,13,2026
valu_rd_2026_seminarium,Energi och kärnkraft,V,12,13,2026
valu_rd_2026_seminarium,Energi och kärnkraft,S,14,13,2026
valu_rd_2026_seminarium,Energi och kärnkraft,MP,6,13,2026
valu_rd_2026_seminarium,Energi och kärnkraft,C,11,13,2026
valu_rd_2026_seminarium,Energi och kärnkraft,L,7,13,2026
valu_rd_2026_seminarium,Energi och kärnkraft,KD,7,13,2026
valu_rd_2026_seminarium,Energi och kärnkraft,M,10,13,2026
valu_rd_2026_seminarium,Energi och kärnkraft,SD,6,13,2026
valu_rd_2026_seminarium,Äldreomsorgen,V,6,13,2026
valu_rd_2026_seminarium,Äldreomsorgen,S,4,13,2026
valu_rd_2026_seminarium,Äldreomsorgen,MP,7,13,2026
valu_rd_2026_seminarium,Äldreomsorgen,C,9,13,2026
valu_rd_2026_seminarium,Äldreomsorgen,L,13,13,2026
valu_rd_2026_seminarium,Äldreomsorgen,KD,8,13,2026
valu_rd_2026_seminarium,Äldreomsorgen,M,13,13,2026
valu_rd_2026_seminarium,Äldreomsorgen,SD,8,13,2026
valu_rd_2026_seminarium,Klimatfrågan,V,4,13,2026
valu_rd_2026_seminarium,Klimatfrågan,S,5,13,2026
valu_rd_2026_seminarium,Klimatfrågan,MP,2,13,2026
valu_rd_2026_seminarium,Klimatfrågan,C,1,13,2026
valu_rd_2026_seminarium,Klimatfrågan,L,15,13,2026
valu_rd_2026_seminarium,Klimatfrågan,KD,15,13,2026
valu_rd_2026_seminarium,Klimatfrågan,M,15,13,2026
valu_rd_2026_seminarium,Klimatfrågan,SD,15,13,2026
valu_rd_2026_seminarium,Frågor som rör svensk utrikes- och säkerhetspolitik,V,13,13,2026
valu_rd_2026_seminarium,Frågor som rör svensk utrikes- och säkerhetspolitik,S,10,13,2026
valu_rd_2026_seminarium,Frågor som rör svensk utrikes- och säkerhetspolitik,MP,11,13,2026
valu_rd_2026_seminarium,Frågor som rör svensk utrikes- och säkerhetspolitik,C,10,13,2026
valu_rd_2026_seminarium,Frågor som rör svensk utrikes- och säkerhetspolitik,L,5,13,2026
valu_rd_2026_seminarium,Frågor som rör svensk utrikes- och säkerhetspolitik,KD,9,13,2026
valu_rd_2026_seminarium,Frågor som rör svensk utrikes- och säkerhetspolitik,M,7,13,2026
valu_rd_2026_seminarium,Frågor som rör svensk utrikes- och säkerhetspolitik,SD,10,13,2026
valu_rd_2014_2022,Sjukvården,V,4,13,2022
valu_rd_2014_2022,Sjukvården,S,1,13,2022
valu_rd_2014_2022,Sjukvården,MP,6,13,2022
valu_rd_2014_2022,Sjukvården,C,4,13,2022
valu_rd_2014_2022,Sjukvården,L,3,13,2022
valu_rd_2014_2022,Sjukvården,KD,2,13,2022
valu_rd_2014_2022,Sjukvården,M,5,13,2022
valu_rd_2014_2022,Sjukvården,SD,4,13,2022
valu_rd_2014_2022,Skola och utbildning,V,5,13,2022
valu_rd_2014_2022,Skola och utbildning,S,2,13,2022
valu_rd_2014_2022,Skola och utbildning,MP,5,13,2022
valu_rd_2014_2022,Skola och utbildning,C,3,13,2022
valu_rd_2014_2022,Skola och utbildning,L,1,13,2022
valu_rd_2014_2022,Skola och utbildning,KD,4,13,2022
valu_rd_2014_2022,Skola och utbildning,M,8,13,2022
valu_rd_2014_2022,Skola och utbildning,SD,11,13,2022
valu_rd_2014_2022,Lag och ordning,V,16,13,2022
valu_rd_2014_2022,Lag och ordning,S,10,13,2022
valu_rd_2014_2022,Lag och ordning,MP,15,13,2022
valu_rd_2014_2022,Lag och ordning,C,11,13,2022
valu_rd_2014_2022,Lag och ordning,L,2,13,2022
valu_rd_2014_2022,Lag och ordning,KD,1,13,2022
valu_rd_2014_2022,Lag och ordning,M,1,13,2022
valu_rd_2014_2022,Lag och ordning,SD,1,13,2022
valu_rd_2014_2022,Energi och kärnkraft,V,11,13,2022
valu_rd_2014_2022,Energi och kärnkraft,S,13,13,2022
valu_rd_2014_2022,Energi och kärnkraft,MP,8,13,2022
valu_rd_2014_2022,Energi och kärnkraft,C,6,13,2022
valu_rd_2014_2022,Energi och kärnkraft,L,4,13,2022
valu_rd_2014_2022,Energi och kärnkraft,KD,3,13,2022
valu_rd_2014_2022,Energi och kärnkraft,M,3,13,2022
valu_rd_2014_2022,Energi och kärnkraft,SD,3,13,2022
valu_rd_2014_2022,Svenska ekonomin,V,14,13,2022
valu_rd_2014_2022,Svenska ekonomin,S,9,13,2022
valu_rd_2014_2022,Svenska ekonomin,MP,13,13,2022
valu_rd_2014_2022,Svenska ekonomin,C,7,13,2022
valu_rd_2014_2022,Svenska ekonomin,L,5,13,2022
valu_rd_2014_2022,Svenska ekonomin,KD,5,13,2022
valu_rd_2014_2022,Svenska ekonomin,M,2,13,2022
valu_rd_2014_2022,Svenska ekonomin,SD,5,13,2022
valu_rd_2014_2022,Sociala välfärden,V,1,13,2022
valu_rd_2014_2022,Sociala välfärden,S,3,13,2022
valu_rd_2014_2022,Sociala välfärden,MP,7,13,2022
valu_rd_2014_2022,Sociala välfärden,C,8,13,2022
valu_rd_2014_2022,Sociala välfärden,L,15,13,2022
valu_rd_2014_2022,Sociala välfärden,KD,9,13,2022
valu_rd_2014_2022,Sociala välfärden,M,15,13,2022
valu_rd_2014_2022,Sociala välfärden,SD,9,13,2022
valu_rd_2014_2022,Jämställdheten mellan kvinnor och män,V,3,13,2022
valu_rd_2014_2022,Jämställdheten mellan kvinnor och män,S,4,13,2022
valu_rd_2014_2022,Jämställdheten mellan kvinnor och män,MP,3,13,2022
valu_rd_2014_2022,Jämställdheten mellan kvinnor och män,C,2,13,2022
valu_rd_2014_2022,Jämställdheten mellan kvinnor och män,L,7,13,2022
valu_rd_2014_2022,Jämställdheten mellan kvinnor och män,KD,14,13,2022
valu_rd_2014_2022,Jämställdheten mellan kvinnor och män,M,13,13,2022
valu_rd_2014_2022,Jämställdheten mellan kvinnor och män,SD,15,13,2022
valu_rd_2014_2022,Äldreomsorgen,V,8,13,2022
valu_rd_2014_2022,Äldreomsorgen,S,6,13,2022
valu_rd_2014_2022,Äldreomsorgen,MP,9,13,2022
valu_rd_2014_2022,Äldreomsorgen,C,9,13,2022
valu_rd_2014_2022,Äldreomsorgen,L,10,13,2022
valu_rd_2014_2022,Äldreomsorgen,KD,6,13,2022
valu_rd_2014_2022,Äldreomsorgen,M,12,13,2022
valu_rd_2014_2022,Äldreomsorgen,SD,7,13,2022
valu_rd_2014_2022,Flyktingar/invandring,V,10,13,2022
valu_rd_2014_2022,Flyktingar/invandring,S,16,13,2022
valu_rd_2014_2022,Flyktingar/invandring,MP,11,13,2022
valu_rd_2014_2022,Flyktingar/invandring,C,13,13,2022
valu_rd_2014_2022,Flyktingar/invandring,L,13,13,2022
valu_rd_2014_2022,Flyktingar/invandring,KD,7,13,2022
valu_rd_2014_2022,Flyktingar/invandring,M,7,13,2022
valu_rd_2014_2022,Flyktingar/invandring,SD,2,13,2022
valu_rd_2014_2022,Pensionerna,V,9,13,2022
valu_rd_2014_2022,Pensionerna,S,8,13,2022
valu_rd_2014_2022,Pensionerna,MP,10,13,2022
valu_rd_2014_2022,Pensionerna,C,16,13,2022
valu_rd_2014_2022,Pensionerna,L,14,13,2022
valu_rd_2014_2022,Pensionerna,KD,11,13,2022
valu_rd_2014_2022,Pensionerna,M,14,13,2022
valu_rd_2014_2022,Pensionerna,SD,8,13,2022
valu_rd_2014_2022,Din egen ekonomi,V,15,13,2022
valu_rd_2014_2022,Din egen ekonomi,S,14,13,2022
valu_rd_2014_2022,Din egen ekonomi,MP,16,13,2022
valu_rd_2014_2022,Din egen ekonomi,C,14,13,2022
valu_rd_2014_2022,Din egen ekonomi,L,8,13,2022
valu_rd_2014_2022,Din egen ekonomi,KD,8,13,2022
valu_rd_2014_2022,Din egen ekonomi,M,4,13,2022
valu_rd_2014_2022,Din egen ekonomi,SD,6,13,2022
valu_rd_2014_2022,Klimatfrågan,V,6,13,2022
valu_rd_2014_2022,Klimatfrågan,S,7,13,2022
valu_rd_2014_2022,Klimatfrågan,MP,2,13,2022
valu_rd_2014_2022,Klimatfrågan,C,1,13,2022
valu_rd_2014_2022,Klimatfrågan,L,11,13,2022
valu_rd_2014_2022,Klimatfrågan,KD,16,13,2022
valu_rd_2014_2022,Klimatfrågan,M,16,13,2022
valu_rd_2014_2022,Klimatfrågan,SD,18,13,2022
valu_rd_2014_2022,Frågan om vinster i välfärden,V,2,13,2022
valu_rd_2014_2022,Frågan om vinster i välfärden,S,5,13,2022
valu_rd_2014_2022,Frågan om vinster i välfärden,MP,4,13,2022
valu_rd_2014_2022,Frågan om vinster i välfärden,C,17,13,2022
valu_rd_2014_2022,Frågan om vinster i välfärden,L,19,13,2022
valu_rd_2014_2022,Frågan om vinster i välfärden,KD,18,13,2022
valu_rd_2014_2022,Frågan om vinster i välfärden,M,18,13,2022
valu_rd_2014_2022,Frågan om vinster i välfärden,SD,17,13,2022
valu_rd_2014_2022,Sysselsättning,V,12,13,2022
valu_rd_2014_2022,Sysselsättning,S,12,13,2022
valu_rd_2014_2022,Sysselsättning,MP,12,13,2022
valu_rd_2014_2022,Sysselsättning,C,12,13,2022
valu_rd_2014_2022,Sysselsättning,L,9,13,2022
valu_rd_2014_2022,Sysselsättning,KD,12,13,2022
valu_rd_2014_2022,Sysselsättning,M,9,13,2022
valu_rd_2014_2022,Sysselsättning,SD,13,13,2022
valu_rd_2014_2022,Försvarsfrågan,V,18,13,2022
valu_rd_2014_2022,Försvarsfrågan,S,15,13,2022
valu_rd_2014_2022,Försvarsfrågan,MP,18,13,2022
valu_rd_2014_2022,Försvarsfrågan,C,15,13,2022
valu_rd_2014_2022,Försvarsfrågan,L,6,13,2022
valu_rd_2014_2022,Försvarsfrågan,KD,10,13,2022
valu_rd_2014_2022,Försvarsfrågan,M,10,13,2022
valu_rd_2014_2022,Försvarsfrågan,SD,10,13,2022
valu_rd_2014_2022,Skatterna,V,13,13,2022
valu_rd_2014_2022,Skatterna,S,17,13,2022
valu_rd_2014_2022,Skatterna,MP,17,13,2022
valu_rd_2014_2022,Skatterna,C,19,13,2022
valu_rd_2014_2022,Skatterna,L,18,13,2022
valu_rd_2014_2022,Skatterna,KD,13,13,2022
valu_rd_2014_2022,Skatterna,M,6,13,2022
valu_rd_2014_2022,Skatterna,SD,12,13,2022
valu_rd_2014_2022,Miljön,V,7,13,2022
valu_rd_2014_2022,Miljön,S,11,13,2022
valu_rd_2014_2022,Miljön,MP,1,13,2022
valu_rd_2014_2022,Miljön,C,5,13,2022
valu_rd_2014_2022,Miljön,L,16,13,2022
valu_rd_2014_2022,Miljön,KD,19,13,2022
valu_rd_2014_2022,Miljön,M,19,13,2022
valu_rd_2014_2022,Miljön,SD,19,13,2022
valu_rd_2014_2022,Företagens villkor,V,19,13,2022
valu_rd_2014_2022,Företagens villkor,S,19,13,2022
valu_rd_2014_2022,Företagens villkor,MP,19,13,2022
valu_rd_2014_2022,Företagens villkor,C,10,13,2022
valu_rd_2014_2022,Företagens villkor,L,12,13,2022
valu_rd_2014_2022,Företagens villkor,KD,15,13,2022
valu_rd_2014_2022,Företagens villkor,M,11,13,2022
valu_rd_2014_2022,Företagens villkor,SD,14,13,2022
valu_rd_2014_2022,EU,V,17,13,2022
valu_rd_2014_2022,EU,S,18,13,2022
valu_rd_2014_2022,EU,MP,14,13,2022
valu_rd_2014_2022,EU,C,18,13,2022
valu_rd_2014_2022,EU,L,17,13,2022
valu_rd_2014_2022,EU,KD,17,13,2022
valu_rd_2014_2022,EU,M,17,13,2022
valu_rd_2014_2022,EU,SD,16,13,2022
valu_rd_2014_2018,Skatterna,V,10,11,2018
valu_rd_2014_2018,Skatterna,S,14,11,2018
valu_rd_2014_2018,Skatterna,MP,15,11,2018
valu_rd_2014_2018,Skatterna,C,17,11,2018
valu_rd_2014_2018,Skatterna,L,16,11,2018
valu_rd_2014_2018,Skatterna,KD,13,11,2018
valu_rd_2014_2018,Skatterna,M,6,11,2018
valu_rd_2014_2018,Skatterna,SD,12,11,2018
valu_rd_2014_2018,Skatterna,FI,12,11,2018
valu_rd_2014_2018,Din egen ekonomi,V,15,11,2018
valu_rd_2014_2018,Din egen ekonomi,S,13,11,2018
valu_rd_2014_2018,Din egen ekonomi,MP,18,11,2018
valu_rd_2014_2018,Din egen ekonomi,C,11,11,2018
valu_rd_2014_2018,Din egen ekonomi,L,9,11,2018
valu_rd_2014_2018,Din egen ekonomi,KD,8,11,2018
valu_rd_2014_2018,Din egen ekonomi,M,5,11,2018
valu_rd_2014_2018,Din egen ekonomi,SD,9,11,2018
valu_rd_2014_2018,Din egen ekonomi,FI,17,11,2018
valu_rd_2014_2018,Försvarsfrågan,V,19,11,2018
valu_rd_2014_2018,Försvarsfrågan,S,18,11,2018
valu_rd_2014_2018,Försvarsfrågan,MP,19,11,2018
valu_rd_2014_2018,Försvarsfrågan,C,19,11,2018
valu_rd_2014_2018,Försvarsfrågan,L,17,11,2018
valu_rd_2014_2018,Försvarsfrågan,KD,16,11,2018
valu_rd_2014_2018,Försvarsfrågan,M,15,11,2018
valu_rd_2014_2018,Försvarsfrågan,SD,10,11,2018
valu_rd_2014_2018,Försvarsfrågan,FI,16,11,2018
valu_rd_2014_2018,Lag och ordning,V,16,11,2018
valu_rd_2014_2018,Lag och ordning,S,12,11,2018
valu_rd_2014_2018,Lag och ordning,MP,16,11,2018
valu_rd_2014_2018,Lag och ordning,C,12,11,2018
valu_rd_2014_2018,Lag och ordning,L,6,11,2018
valu_rd_2014_2018,Lag och ordning,KD,3,11,2018
valu_rd_2014_2018,Lag och ordning,M,1,11,2018
valu_rd_2014_2018,Lag och ordning,SD,2,11,2018
valu_rd_2014_2018,Lag och ordning,FI,15,11,2018
valu_rd_2014_2018,Flyktingar/invandring,V,11,11,2018
valu_rd_2014_2018,Flyktingar/invandring,S,15,11,2018
valu_rd_2014_2018,Flyktingar/invandring,MP,8,11,2018
valu_rd_2014_2018,Flyktingar/invandring,C,13,11,2018
valu_rd_2014_2018,Flyktingar/invandring,L,12,11,2018
valu_rd_2014_2018,Flyktingar/invandring,KD,9,11,2018
valu_rd_2014_2018,Flyktingar/invandring,M,9,11,2018
valu_rd_2014_2018,Flyktingar/invandring,SD,1,11,2018
valu_rd_2014_2018,Flyktingar/invandring,FI,7,11,2018
valu_rd_2014_2018,EU,V,17,11,2018
valu_rd_2014_2018,EU,S,16,11,2018
valu_rd_2014_2018,EU,MP,11,11,2018
valu_rd_2014_2018,EU,C,10,11,2018
valu_rd_2014_2018,EU,L,4,11,2018
valu_rd_2014_2018,EU,KD,17,11,2018
valu_rd_2014_2018,EU,M,14,11,2018
valu_rd_2014_2018,EU,SD,16,11,2018
valu_rd_2014_2018,EU,FI,18,11,2018
valu_rd_2014_2018,Sjukvården,V,5,11,2018
valu_rd_2014_2018,Sjukvården,S,1,11,2018
valu_rd_2014_2018,Sjukvården,MP,6,11,2018
valu_rd_2014_2018,Sjukvården,C,4,11,2018
valu_rd_2014_2018,Sjukvården,L,2,11,2018
valu_rd_2014_2018,Sjukvården,KD,1,11,2018
valu_rd_2014_2018,Sjukvården,M,4,11,2018
valu_rd_2014_2018,Sjukvården,SD,3,11,2018
valu_rd_2014_2018,Sjukvården,FI,5,11,2018
valu_rd_2014_2018,Jämställdheten mellan kvinnor och män,V,1,11,2018
valu_rd_2014_2018,Jämställdheten mellan kvinnor och män,S,4,11,2018
valu_rd_2014_2018,Jämställdheten mellan kvinnor och män,MP,2,11,2018
valu_rd_2014_2018,Jämställdheten mellan kvinnor och män,C,1,11,2018
valu_rd_2014_2018,Jämställdheten mellan kvinnor och män,L,5,11,2018
valu_rd_2014_2018,Jämställdheten mellan kvinnor och män,KD,11,11,2018
valu_rd_2014_2018,Jämställdheten mellan kvinnor och män,M,11,11,2018
valu_rd_2014_2018,Jämställdheten mellan kvinnor och män,SD,13,11,2018
valu_rd_2014_2018,Jämställdheten mellan kvinnor och män,FI,1,11,2018
valu_rd_2014_2018,Företagens villkor,V,18,11,2018
valu_rd_2014_2018,Företagens villkor,S,19,11,2018
valu_rd_2014_2018,Företagens villkor,MP,17,11,2018
valu_rd_2014_2018,Företagens villkor,C,7,11,2018
valu_rd_2014_2018,Företagens villkor,L,10,11,2018
valu_rd_2014_2018,Företagens villkor,KD,10,11,2018
valu_rd_2014_2018,Företagens villkor,M,8,11,2018
valu_rd_2014_2018,Företagens villkor,SD,17,11,2018
valu_rd_2014_2018,Företagens villkor,FI,19,11,2018
valu_rd_2014_2018,Energi och kärnkraft,V,14,11,2018
valu_rd_2014_2018,Energi och kärnkraft,S,17,11,2018
valu_rd_2014_2018,Energi och kärnkraft,MP,4,11,2018
valu_rd_2014_2018,Energi och kärnkraft,C,15,11,2018
valu_rd_2014_2018,Energi och kärnkraft,L,18,11,2018
valu_rd_2014_2018,Energi och kärnkraft,KD,14,11,2018
valu_rd_2014_2018,Energi och kärnkraft,M,17,11,2018
valu_rd_2014_2018,Energi och kärnkraft,SD,15,11,2018
valu_rd_2014_2018,Energi och kärnkraft,FI,11,11,2018
valu_rd_2014_2018,Äldreomsorgen,V,7,11,2018
valu_rd_2014_2018,Äldreomsorgen,S,5,11,2018
valu_rd_2014_2018,Äldreomsorgen,MP,9,11,2018
valu_rd_2014_2018,Äldreomsorgen,C,8,11,2018
valu_rd_2014_2018,Äldreomsorgen,L,8,11,2018
valu_rd_2014_2018,Äldreomsorgen,KD,4,11,2018
valu_rd_2014_2018,Äldreomsorgen,M,10,11,2018
valu_rd_2014_2018,Äldreomsorgen,SD,4,11,2018
valu_rd_2014_2018,Äldreomsorgen,FI,8,11,2018
valu_rd_2014_2018,Sociala välfärden,V,2,11,2018
valu_rd_2014_2018,Sociala välfärden,S,2,11,2018
valu_rd_2014_2018,Sociala välfärden,MP,5,11,2018
valu_rd_2014_2018,Sociala välfärden,C,9,11,2018
valu_rd_2014_2018,Sociala välfärden,L,11,11,2018
valu_rd_2014_2018,Sociala välfärden,KD,6,11,2018
valu_rd_2014_2018,Sociala välfärden,M,13,11,2018
valu_rd_2014_2018,Sociala välfärden,SD,7,11,2018
valu_rd_2014_2018,Sociala välfärden,FI,4,11,2018
valu_rd_2014_2018,Pensionerna,V,9,11,2018
valu_rd_2014_2018,Pensionerna,S,6,11,2018
valu_rd_2014_2018,Pensionerna,MP,13,11,2018
valu_rd_2014_2018,Pensionerna,C,14,11,2018
valu_rd_2014_2018,Pensionerna,L,14,11,2018
valu_rd_2014_2018,Pensionerna,KD,7,11,2018
valu_rd_2014_2018,Pensionerna,M,12,11,2018
valu_rd_2014_2018,Pensionerna,SD,5,11,2018
valu_rd_2014_2018,Pensionerna,FI,9,11,2018
valu_rd_2014_2018,Bostadsfrågan,V,8,11,2018
valu_rd_2014_2018,Bostadsfrågan,S,10,11,2018
valu_rd_2014_2018,Bostadsfrågan,MP,10,11,2018
valu_rd_2014_2018,Bostadsfrågan,C,16,11,2018
valu_rd_2014_2018,Bostadsfrågan,L,15,11,2018
valu_rd_2014_2018,Bostadsfrågan,KD,15,11,2018
valu_rd_2014_2018,Bostadsfrågan,M,16,11,2018
valu_rd_2014_2018,Bostadsfrågan,SD,11,11,2018
valu_rd_2014_2018,Bostadsfrågan,FI,10,11,2018
valu_rd_2014_2018,Frågan om vinster i välfärden,V,3,11,2018
valu_rd_2014_2018,Frågan om vinster i välfärden,S,8,11,2018
valu_rd_2014_2018,Frågan om vinster i välfärden,MP,7,11,2018
valu_rd_2014_2018,Frågan om vinster i välfärden,C,18,11,2018
valu_rd_2014_2018,Frågan om vinster i välfärden,L,19,11,2018
valu_rd_2014_2018,Frågan om vinster i välfärden,KD,19,11,2018
valu_rd_2014_2018,Frågan om vinster i välfärden,M,18,11,2018
valu_rd_2014_2018,Frågan om vinster i välfärden,SD,18,11,2018
valu_rd_2014_2018,Frågan om vinster i välfärden,FI,6,11,2018
