plattform,grupp,andel,forandring
Rörlig bild totalt,Totalt,95,
Strömmad tv,Totalt,68,
Tablålagd tv,Totalt,46,
YouTube,Totalt,52,
Rörlig bild totalt,Kvinna,93,
Strömmad tv,Kvinna,69,
Tablålagd tv,Kvinna,46,
YouTube,Kvinna,40,
Rörlig bild totalt,Man,96,
Strömmad tv,Man,68,
Tablålagd tv,Man,45,
YouTube,Man,64,
Rörlig bild totalt,9–14 år,97,
Strömmad tv,9–14 år,76,
Tablålagd tv,9–14 år,23,
YouTube,9–14 år,76,
Rörlig bild totalt,15–24 år,96,
Strömmad tv,15–24 år,70,
Tablålagd tv,15–24 år,24,
YouTube,15–24 år,83,
Rörlig bild totalt,25–44 år,93,
Strömmad tv,25–44 år,73,
Tablålagd tv,25–44 år,25,
YouTube,25–44 år,62,
Rörlig bild totalt,45–64 år,94,
Strömmad tv,45–64 år,70,
Tablålagd tv,45–64 år,54,
YouTube,45–64 år,42,
Rörlig bild totalt,65–85 år,97,
Strömmad tv,65–85 år,56,
Tablålagd tv,65–85 år,85,
YouTube,65–85 år,25,
Sociala medier (totalt),Totalt,84,0.0
Instagram,Totalt,59,1.0
Facebook,Totalt,58,-2.0
Snapchat,Totalt,32,3.0
TikTok,Totalt,20,2.0
LinkedIn,Totalt,14,-1.0
Reddit,Totalt,8,1.0
Sociala medier (totalt),Kvinna,89,
Instagram,Kvinna,71,
Facebook,Kvinna,65,
Snapchat,Kvinna,36,
TikTok,Kvinna,22,
LinkedIn,Kvinna,13,
Reddit,Kvinna,3,
Sociala medier (totalt),Man,80,
Instagram,Man,48,
Facebook,Man,52,
Snapchat,Man,27,
TikTok,Man,17,
LinkedIn,Man,16,
Reddit,Man,13,
Sociala medier (totalt),9–14 år,62,
Instagram,9–14 år,27,
Facebook,9–14 år,6,
Snapchat,9–14 år,47,
TikTok,9–14 år,35,
LinkedIn,9–14 år,0,
Reddit,9–14 år,2,
Sociala medier (totalt),15–24 år,97,
Instagram,15–24 år,79,
Facebook,15–24 år,32,
Snapchat,15–24 år,85,
TikTok,15–24 år,70,
LinkedIn,15–24 år,4,
Reddit,15–24 år,16,
Sociala medier (totalt),25–44 år,92,
Instagram,25–44 år,71,
Facebook,25–44 år,70,
Snapchat,25–44 år,35,
TikTok,25–44 år,16,
LinkedIn,25–44 år,24,
Reddit,25–44 år,16,
Sociala medier (totalt),45–64 år,87,
Instagram,45–64 år,61,
Facebook,45–64 år,71,
Snapchat,45–64 år,19,
TikTok,45–64 år,7,
LinkedIn,45–64 år,22,
Reddit,45–64 år,3,
Sociala medier (totalt),65–85 år,71,
Instagram,65–85 år,42,
Facebook,65–85 år,60,
Snapchat,65–85 år,5,
TikTok,65–85 år,2,
LinkedIn,65–85 år,5,
Reddit,65–85 år,0,
X,Totalt,7,-1.0
Threads,Totalt,4,1.0
Annat,Totalt,6,-1.0
