period,parti_a,parti_b,n,andel_lika
2014–2018,V,V,2233,100.0
2014–2018,V,S,2230,81.97309417040358
2014–2018,V,MP,2231,81.98117436127296
2014–2018,V,C,1997,48.97346019028543
2014–2018,V,L,2036,51.47347740667977
2014–2018,V,KD,1975,49.31645569620253
2014–2018,V,M,2063,44.78914202617547
2014–2018,V,SD,1985,39.19395465994962
2014–2018,S,V,2230,81.97309417040358
2014–2018,S,S,2533,100.0
2014–2018,S,MP,2533,100.0
2014–2018,S,C,2229,63.88515029161059
2014–2018,S,L,2283,67.71791502409111
2014–2018,S,KD,2204,66.0617059891107
2014–2018,S,M,2328,60.78178694158075
2014–2018,S,SD,2225,52.85393258426966
2014–2018,MP,V,2231,81.98117436127296
2014–2018,MP,S,2533,100.0
2014–2018,MP,MP,2534,100.0
2014–2018,MP,C,2230,63.856502242152466
2014–2018,MP,L,2284,67.68826619964973
2014–2018,MP,KD,2205,66.03174603174602
2014–2018,MP,M,2329,60.75568913696866
2014–2018,MP,SD,2226,52.83018867924528
2014–2018,C,V,1997,48.97346019028543
2014–2018,C,S,2229,63.88515029161059
2014–2018,C,MP,2230,63.856502242152466
2014–2018,C,C,2238,100.0
2014–2018,C,L,2116,84.07372400756144
2014–2018,C,KD,2063,85.7489093553078
2014–2018,C,M,2136,81.74157303370787
2014–2018,C,SD,1992,36.74698795180723
2014–2018,L,V,2036,51.47347740667977
2014–2018,L,S,2283,67.71791502409111
2014–2018,L,MP,2284,67.68826619964973
2014–2018,L,C,2116,84.07372400756144
2014–2018,L,L,2292,100.0
2014–2018,L,KD,2101,84.53117563065207
2014–2018,L,M,2175,80.32183908045977
2014–2018,L,SD,2036,38.94891944990177
2014–2018,KD,V,1975,49.31645569620253
2014–2018,KD,S,2204,66.0617059891107
2014–2018,KD,MP,2205,66.03174603174602
2014–2018,KD,C,2063,85.7489093553078
2014–2018,KD,L,2101,84.53117563065207
2014–2018,KD,KD,2213,100.0
2014–2018,KD,M,2115,81.7966903073286
2014–2018,KD,SD,1985,39.74811083123426
2014–2018,M,V,2063,44.78914202617547
2014–2018,M,S,2328,60.78178694158075
2014–2018,M,MP,2329,60.75568913696866
2014–2018,M,C,2136,81.74157303370787
2014–2018,M,L,2175,80.32183908045977
2014–2018,M,KD,2115,81.7966903073286
2014–2018,M,M,2337,100.0
2014–2018,M,SD,2060,38.640776699029125
2014–2018,SD,V,1985,39.19395465994962
2014–2018,SD,S,2225,52.85393258426966
2014–2018,SD,MP,2226,52.83018867924528
2014–2018,SD,C,1992,36.74698795180723
2014–2018,SD,L,2036,38.94891944990177
2014–2018,SD,KD,1985,39.74811083123426
2014–2018,SD,M,2060,38.640776699029125
2014–2018,SD,SD,2234,100.0
2018–2022,V,V,2759,100.0
2018–2022,V,S,2757,81.53790351831701
2018–2022,V,MP,2687,81.65240044659473
2018–2022,V,C,2473,60.61463809138697
2018–2022,V,L,2476,58.44103392568659
2018–2022,V,KD,2384,44.29530201342282
2018–2022,V,M,2452,41.027732463295266
2018–2022,V,SD,2311,36.91042838598009
2018–2022,S,V,2757,81.53790351831701
2018–2022,S,S,3168,100.0
2018–2022,S,MP,3060,96.43790849673202
2018–2022,S,C,2776,73.19884726224784
2018–2022,S,L,2783,72.51167804527489
2018–2022,S,KD,2623,55.01334349980937
2018–2022,S,M,2755,52.45009074410163
2018–2022,S,SD,2581,46.881053855094926
2018–2022,MP,V,2687,81.65240044659473
2018–2022,MP,S,3060,96.43790849673202
2018–2022,MP,MP,3063,100.0
2018–2022,MP,C,2714,72.40235814296241
2018–2022,MP,L,2718,71.11846946284032
2018–2022,MP,KD,2562,53.825136612021865
2018–2022,MP,M,2678,50.672143390589994
2018–2022,MP,SD,2516,45.310015898251194
2018–2022,C,V,2473,60.61463809138697
2018–2022,C,S,2776,73.19884726224784
2018–2022,C,MP,2714,72.40235814296241
2018–2022,C,C,2779,100.0
2018–2022,C,L,2556,70.4225352112676
2018–2022,C,KD,2403,57.42821473158551
2018–2022,C,M,2489,54.640417838489356
2018–2022,C,SD,2353,44.41138971525712
2018–2022,L,V,2476,58.44103392568659
2018–2022,L,S,2783,72.51167804527489
2018–2022,L,MP,2718,71.11846946284032
2018–2022,L,C,2556,70.4225352112676
2018–2022,L,L,2785,100.0
2018–2022,L,KD,2393,65.77517760133723
2018–2022,L,M,2488,62.86173633440515
2018–2022,L,SD,2360,51.90677966101694
2018–2022,KD,V,2384,44.29530201342282
2018–2022,KD,S,2623,55.01334349980937
2018–2022,KD,MP,2562,53.825136612021865
2018–2022,KD,C,2403,57.42821473158551
2018–2022,KD,L,2393,65.77517760133723
2018–2022,KD,KD,2631,100.0
2018–2022,KD,M,2425,75.4639175257732
2018–2022,KD,SD,2277,60.035133948177425
2018–2022,M,V,2452,41.027732463295266
2018–2022,M,S,2755,52.45009074410163
2018–2022,M,MP,2678,50.672143390589994
2018–2022,M,C,2489,54.640417838489356
2018–2022,M,L,2488,62.86173633440515
2018–2022,M,KD,2425,75.4639175257732
2018–2022,M,M,2763,100.0
2018–2022,M,SD,2329,59.081150708458566
2018–2022,SD,V,2311,36.91042838598009
2018–2022,SD,S,2581,46.881053855094926
2018–2022,SD,MP,2516,45.310015898251194
2018–2022,SD,C,2353,44.41138971525712
2018–2022,SD,L,2360,51.90677966101694
2018–2022,SD,KD,2277,60.035133948177425
2018–2022,SD,M,2329,59.081150708458566
2018–2022,SD,SD,2589,100.0
2022–2026,V,V,2088,100.0
2022–2026,V,S,1847,52.950730914997294
2022–2026,V,MP,1699,68.1577398469688
2022–2026,V,C,1679,42.227516378796906
2022–2026,V,L,2086,51.10258868648131
2022–2026,V,KD,2086,50.95877277085331
2022–2026,V,M,2087,51.126018207954004
2022–2026,V,SD,1892,37.684989429175474
2022–2026,S,V,1847,52.950730914997294
2022–2026,S,S,2238,100.0
2022–2026,S,MP,1755,54.301994301994306
2022–2026,S,C,1736,51.90092165898618
2022–2026,S,L,2235,57.04697986577181
2022–2026,S,KD,2235,56.91275167785235
2022–2026,S,M,2237,57.085382208314705
2022–2026,S,SD,2038,44.013738959764474
2022–2026,MP,V,1699,68.1577398469688
2022–2026,MP,S,1755,54.301994301994306
2022–2026,MP,MP,1919,100.0
2022–2026,MP,C,1567,49.13848117421825
2022–2026,MP,L,1917,48.930620761606676
2022–2026,MP,KD,1917,48.774126238914974
2022–2026,MP,M,1918,48.957247132429615
2022–2026,MP,SD,1753,35.31089560752994
2022–2026,C,V,1679,42.227516378796906
2022–2026,C,S,1736,51.90092165898618
2022–2026,C,MP,1567,49.13848117421825
2022–2026,C,C,1979,100.0
2022–2026,C,L,1979,64.17382516422435
2022–2026,C,KD,1979,64.07276402223346
2022–2026,C,M,1979,64.17382516422435
2022–2026,C,SD,1824,55.26315789473685
2022–2026,L,V,2086,51.10258868648131
2022–2026,L,S,2235,57.04697986577181
2022–2026,L,MP,1917,48.930620761606676
2022–2026,L,C,1979,64.17382516422435
2022–2026,L,L,2568,100.0
2022–2026,L,KD,2568,99.88317757009347
2022–2026,L,M,2568,100.0
2022–2026,L,SD,2343,86.85446009389672
2022–2026,KD,V,2086,50.95877277085331
2022–2026,KD,S,2235,56.91275167785235
2022–2026,KD,MP,1917,48.774126238914974
2022–2026,KD,C,1979,64.07276402223346
2022–2026,KD,L,2568,99.88317757009347
2022–2026,KD,KD,2568,100.0
2022–2026,KD,M,2568,99.88317757009347
2022–2026,KD,SD,2343,86.98250106700812
2022–2026,M,V,2087,51.126018207954004
2022–2026,M,S,2237,57.085382208314705
2022–2026,M,MP,1918,48.957247132429615
2022–2026,M,C,1979,64.17382516422435
2022–2026,M,L,2568,100.0
2022–2026,M,KD,2568,99.88317757009347
2022–2026,M,M,2570,100.0
2022–2026,M,SD,2344,86.86006825938567
2022–2026,SD,V,1892,37.684989429175474
2022–2026,SD,S,2038,44.013738959764474
2022–2026,SD,MP,1753,35.31089560752994
2022–2026,SD,C,1824,55.26315789473685
2022–2026,SD,L,2343,86.85446009389672
2022–2026,SD,KD,2343,86.98250106700812
2022–2026,SD,M,2344,86.86006825938567
2022–2026,SD,SD,2345,100.0
