kommunkod,kommun,valkrets_kod,valkrets,lan
0180,Stockholm,01,Stockholms kommun,01
0114,Upplands Väsby,02,Stockholms län,01
0115,Vallentuna,02,Stockholms län,01
0117,Österåker,02,Stockholms län,01
0120,Värmdö,02,Stockholms län,01
0123,Järfälla,02,Stockholms län,01
0125,Ekerö,02,Stockholms län,01
0126,Huddinge,02,Stockholms län,01
0127,Botkyrka,02,Stockholms län,01
0128,Salem,02,Stockholms län,01
0136,Haninge,02,Stockholms län,01
0138,Tyresö,02,Stockholms län,01
0139,Upplands-Bro,02,Stockholms län,01
0140,Nykvarn,02,Stockholms län,01
0160,Täby,02,Stockholms län,01
0162,Danderyd,02,Stockholms län,01
0163,Sollentuna,02,Stockholms län,01
0181,Södertälje,02,Stockholms län,01
0182,Nacka,02,Stockholms län,01
0183,Sundbyberg,02,Stockholms län,01
0184,Solna,02,Stockholms län,01
0186,Lidingö,02,Stockholms län,01
0187,Vaxholm,02,Stockholms län,01
0188,Norrtälje,02,Stockholms län,01
0191,Sigtuna,02,Stockholms län,01
0192,Nynäshamn,02,Stockholms län,01
0305,Håbo,03,Uppsala län,03
0319,Älvkarleby,03,Uppsala län,03
0330,Knivsta,03,Uppsala län,03
0331,Heby,03,Uppsala län,03
0360,Tierp,03,Uppsala län,03
0380,Uppsala,03,Uppsala län,03
0381,Enköping,03,Uppsala län,03
0382,Östhammar,03,Uppsala län,03
0428,Vingåker,04,Södermanlands län,04
0461,Gnesta,04,Södermanlands län,04
0480,Nyköping,04,Södermanlands län,04
0481,Oxelösund,04,Södermanlands län,04
0482,Flen,04,Södermanlands län,04
0483,Katrineholm,04,Södermanlands län,04
0484,Eskilstuna,04,Södermanlands län,04
0486,Strängnäs,04,Södermanlands län,04
0488,Trosa,04,Södermanlands län,04
0509,Ödeshög,05,Östergötlands län,05
0512,Ydre,05,Östergötlands län,05
0513,Kinda,05,Östergötlands län,05
0560,Boxholm,05,Östergötlands län,05
0561,Åtvidaberg,05,Östergötlands län,05
0562,Finspång,05,Östergötlands län,05
0563,Valdemarsvik,05,Östergötlands län,05
0580,Linköping,05,Östergötlands län,05
0581,Norrköping,05,Östergötlands län,05
0582,Söderköping,05,Östergötlands län,05
0583,Motala,05,Östergötlands län,05
0584,Vadstena,05,Östergötlands län,05
0586,Mjölby,05,Östergötlands län,05
0604,Aneby,06,Jönköpings län,06
0617,Gnosjö,06,Jönköpings län,06
0642,Mullsjö,06,Jönköpings län,06
0643,Habo,06,Jönköpings län,06
0662,Gislaved,06,Jönköpings län,06
0665,Vaggeryd,06,Jönköpings län,06
0680,Jönköping,06,Jönköpings län,06
0682,Nässjö,06,Jönköpings län,06
0683,Värnamo,06,Jönköpings län,06
0684,Sävsjö,06,Jönköpings län,06
0685,Vetlanda,06,Jönköpings län,06
0686,Eksjö,06,Jönköpings län,06
0687,Tranås,06,Jönköpings län,06
0760,Uppvidinge,07,Kronobergs län,07
0761,Lessebo,07,Kronobergs län,07
0763,Tingsryd,07,Kronobergs län,07
0764,Alvesta,07,Kronobergs län,07
0765,Älmhult,07,Kronobergs län,07
0767,Markaryd,07,Kronobergs län,07
0780,Växjö,07,Kronobergs län,07
0781,Ljungby,07,Kronobergs län,07
0821,Högsby,08,Kalmar län,08
0834,Torsås,08,Kalmar län,08
0840,Mörbylånga,08,Kalmar län,08
0860,Hultsfred,08,Kalmar län,08
0861,Mönsterås,08,Kalmar län,08
0862,Emmaboda,08,Kalmar län,08
0880,Kalmar,08,Kalmar län,08
0881,Nybro,08,Kalmar län,08
0882,Oskarshamn,08,Kalmar län,08
0883,Västervik,08,Kalmar län,08
0884,Vimmerby,08,Kalmar län,08
0885,Borgholm,08,Kalmar län,08
0980,Gotland,09,Gotlands län,09
1060,Olofström,10,Blekinge län,10
1080,Karlskrona,10,Blekinge län,10
1081,Ronneby,10,Blekinge län,10
1082,Karlshamn,10,Blekinge län,10
1083,Sölvesborg,10,Blekinge län,10
1280,Malmö,11,Malmö kommun,12
1214,Svalöv,12,Skåne läns västra,12
1260,Bjuv,12,Skåne läns västra,12
1266,Hörby,12,Skåne läns västra,12
1267,Höör,12,Skåne läns västra,12
1282,Landskrona,12,Skåne läns västra,12
1283,Helsingborg,12,Skåne läns västra,12
1284,Höganäs,12,Skåne läns västra,12
1285,Eslöv,12,Skåne läns västra,12
1230,Staffanstorp,13,Skåne läns södra,12
1231,Burlöv,13,Skåne läns södra,12
1233,Vellinge,13,Skåne läns södra,12
1261,Kävlinge,13,Skåne läns södra,12
1262,Lomma,13,Skåne läns södra,12
1263,Svedala,13,Skåne läns södra,12
1264,Skurup,13,Skåne läns södra,12
1265,Sjöbo,13,Skåne läns södra,12
1281,Lund,13,Skåne läns södra,12
1286,Ystad,13,Skåne läns södra,12
1287,Trelleborg,13,Skåne läns södra,12
1256,Östra Göinge,14,Skåne läns norra och östra,12
1257,Örkelljunga,14,Skåne läns norra och östra,12
1270,Tomelilla,14,Skåne läns norra och östra,12
1272,Bromölla,14,Skåne läns norra och östra,12
1273,Osby,14,Skåne läns norra och östra,12
1275,Perstorp,14,Skåne läns norra och östra,12
1276,Klippan,14,Skåne läns norra och östra,12
1277,Åstorp,14,Skåne läns norra och östra,12
1278,Båstad,14,Skåne läns norra och östra,12
1290,Kristianstad,14,Skåne läns norra och östra,12
1291,Simrishamn,14,Skåne läns norra och östra,12
1292,Ängelholm,14,Skåne läns norra och östra,12
1293,Hässleholm,14,Skåne läns norra och östra,12
1315,Hylte,15,Hallands län,13
1380,Halmstad,15,Hallands län,13
1381,Laholm,15,Hallands län,13
1382,Falkenberg,15,Hallands län,13
1383,Varberg,15,Hallands län,13
1384,Kungsbacka,15,Hallands län,13
1480,Göteborg,16,Göteborgs kommun,14
1401,Härryda,17,Västra Götalands läns västra,14
1402,Partille,17,Västra Götalands läns västra,14
1407,Öckerö,17,Västra Götalands läns västra,14
1415,Stenungsund,17,Västra Götalands läns västra,14
1419,Tjörn,17,Västra Götalands läns västra,14
1440,Ale,17,Västra Götalands läns västra,14
1441,Lerum,17,Västra Götalands läns västra,14
1462,Lilla Edet,17,Västra Götalands läns västra,14
1481,Mölndal,17,Västra Götalands läns västra,14
1482,Kungälv,17,Västra Götalands läns västra,14
1489,Alingsås,17,Västra Götalands läns västra,14
1421,Orust,18,Västra Götalands läns norra,14
1427,Sotenäs,18,Västra Götalands läns norra,14
1430,Munkedal,18,Västra Götalands läns norra,14
1435,Tanum,18,Västra Götalands läns norra,14
1438,Dals-Ed,18,Västra Götalands läns norra,14
1439,Färgelanda,18,Västra Götalands läns norra,14
1460,Bengtsfors,18,Västra Götalands läns norra,14
1461,Mellerud,18,Västra Götalands läns norra,14
1484,Lysekil,18,Västra Götalands läns norra,14
1485,Uddevalla,18,Västra Götalands läns norra,14
1486,Strömstad,18,Västra Götalands läns norra,14
1487,Vänersborg,18,Västra Götalands läns norra,14
1488,Trollhättan,18,Västra Götalands läns norra,14
1492,Åmål,18,Västra Götalands läns norra,14
1442,Vårgårda,19,Västra Götalands läns södra,14
1443,Bollebygd,19,Västra Götalands läns södra,14
1452,Tranemo,19,Västra Götalands läns södra,14
1463,Mark,19,Västra Götalands läns södra,14
1465,Svenljunga,19,Västra Götalands läns södra,14
1466,Herrljunga,19,Västra Götalands läns södra,14
1490,Borås,19,Västra Götalands läns södra,14
1491,Ulricehamn,19,Västra Götalands läns södra,14
1444,Grästorp,20,Västra Götalands läns östra,14
1445,Essunga,20,Västra Götalands läns östra,14
1446,Karlsborg,20,Västra Götalands läns östra,14
1447,Gullspång,20,Västra Götalands läns östra,14
1470,Vara,20,Västra Götalands läns östra,14
1471,Götene,20,Västra Götalands läns östra,14
1472,Tibro,20,Västra Götalands läns östra,14
1473,Töreboda,20,Västra Götalands läns östra,14
1493,Mariestad,20,Västra Götalands läns östra,14
1494,Lidköping,20,Västra Götalands läns östra,14
1495,Skara,20,Västra Götalands läns östra,14
1496,Skövde,20,Västra Götalands läns östra,14
1497,Hjo,20,Västra Götalands läns östra,14
1498,Tidaholm,20,Västra Götalands läns östra,14
1499,Falköping,20,Västra Götalands läns östra,14
1715,Kil,21,Värmlands län,17
1730,Eda,21,Värmlands län,17
1737,Torsby,21,Värmlands län,17
1760,Storfors,21,Värmlands län,17
1761,Hammarö,21,Värmlands län,17
1762,Munkfors,21,Värmlands län,17
1763,Forshaga,21,Värmlands län,17
1764,Grums,21,Värmlands län,17
1765,Årjäng,21,Värmlands län,17
1766,Sunne,21,Värmlands län,17
1780,Karlstad,21,Värmlands län,17
1781,Kristinehamn,21,Värmlands län,17
1782,Filipstad,21,Värmlands län,17
1783,Hagfors,21,Värmlands län,17
1784,Arvika,21,Värmlands län,17
1785,Säffle,21,Värmlands län,17
1814,Lekeberg,22,Örebro län,18
1860,Laxå,22,Örebro län,18
1861,Hallsberg,22,Örebro län,18
1862,Degerfors,22,Örebro län,18
1863,Hällefors,22,Örebro län,18
1864,Ljusnarsberg,22,Örebro län,18
1880,Örebro,22,Örebro län,18
1881,Kumla,22,Örebro län,18
1882,Askersund,22,Örebro län,18
1883,Karlskoga,22,Örebro län,18
1884,Nora,22,Örebro län,18
1885,Lindesberg,22,Örebro län,18
1904,Skinnskatteberg,23,Västmanlands län,19
1907,Surahammar,23,Västmanlands län,19
1960,Kungsör,23,Västmanlands län,19
1961,Hallstahammar,23,Västmanlands län,19
1962,Norberg,23,Västmanlands län,19
1980,Västerås,23,Västmanlands län,19
1981,Sala,23,Västmanlands län,19
1982,Fagersta,23,Västmanlands län,19
1983,Köping,23,Västmanlands län,19
1984,Arboga,23,Västmanlands län,19
2021,Vansbro,24,Dalarnas län,20
2023,Malung-Sälen,24,Dalarnas län,20
2026,Gagnef,24,Dalarnas län,20
2029,Leksand,24,Dalarnas län,20
2031,Rättvik,24,Dalarnas län,20
2034,Orsa,24,Dalarnas län,20
2039,Älvdalen,24,Dalarnas län,20
2061,Smedjebacken,24,Dalarnas län,20
2062,Mora,24,Dalarnas län,20
2080,Falun,24,Dalarnas län,20
2081,Borlänge,24,Dalarnas län,20
2082,Säter,24,Dalarnas län,20
2083,Hedemora,24,Dalarnas län,20
2084,Avesta,24,Dalarnas län,20
2085,Ludvika,24,Dalarnas län,20
2101,Ockelbo,25,Gävleborgs län,21
2104,Hofors,25,Gävleborgs län,21
2121,Ovanåker,25,Gävleborgs län,21
2132,Nordanstig,25,Gävleborgs län,21
2161,Ljusdal,25,Gävleborgs län,21
2180,Gävle,25,Gävleborgs län,21
2181,Sandviken,25,Gävleborgs län,21
2182,Söderhamn,25,Gävleborgs län,21
2183,Bollnäs,25,Gävleborgs län,21
2184,Hudiksvall,25,Gävleborgs län,21
2260,Ånge,26,Västernorrlands län,22
2262,Timrå,26,Västernorrlands län,22
2280,Härnösand,26,Västernorrlands län,22
2281,Sundsvall,26,Västernorrlands län,22
2282,Kramfors,26,Västernorrlands län,22
2283,Sollefteå,26,Västernorrlands län,22
2284,Örnsköldsvik,26,Västernorrlands län,22
2303,Ragunda,27,Jämtlands län,23
2305,Bräcke,27,Jämtlands län,23
2309,Krokom,27,Jämtlands län,23
2313,Strömsund,27,Jämtlands län,23
2321,Åre,27,Jämtlands län,23
2326,Berg,27,Jämtlands län,23
2361,Härjedalen,27,Jämtlands län,23
2380,Östersund,27,Jämtlands län,23
2401,Nordmaling,28,Västerbottens län,24
2403,Bjurholm,28,Västerbottens län,24
2404,Vindeln,28,Västerbottens län,24
2409,Robertsfors,28,Västerbottens län,24
2417,Norsjö,28,Västerbottens län,24
2418,Malå,28,Västerbottens län,24
2421,Storuman,28,Västerbottens län,24
2422,Sorsele,28,Västerbottens län,24
2425,Dorotea,28,Västerbottens län,24
2460,Vännäs,28,Västerbottens län,24
2462,Vilhelmina,28,Västerbottens län,24
2463,Åsele,28,Västerbottens län,24
2480,Umeå,28,Västerbottens län,24
2481,Lycksele,28,Västerbottens län,24
2482,Skellefteå,28,Västerbottens län,24
2505,Arvidsjaur,29,Norrbottens län,25
2506,Arjeplog,29,Norrbottens län,25
2510,Jokkmokk,29,Norrbottens län,25
2513,Överkalix,29,Norrbottens län,25
2514,Kalix,29,Norrbottens län,25
2518,Övertorneå,29,Norrbottens län,25
2521,Pajala,29,Norrbottens län,25
2523,Gällivare,29,Norrbottens län,25
2560,Älvsbyn,29,Norrbottens län,25
2580,Luleå,29,Norrbottens län,25
2581,Piteå,29,Norrbottens län,25
2582,Boden,29,Norrbottens län,25
2583,Haparanda,29,Norrbottens län,25
2584,Kiruna,29,Norrbottens län,25
