ar,varde
2023,5.25938129137927
2022,5.68785506406734
2021,5.82496147194208
2020,5.36986329823469
2019,5.99033026849403
2018,6.6338928167307
2017,5.60053642140356
2016,5.9758856179206
2015,6.10764769999508
2014,7.77583632803298
2013,6.28475218239032
2012,6.62533792798124
2011,8.22573808359796
2010,7.53651148130858
2009,7.45920999409923
2008,7.62351348002006
2007,8.16612495187063
2006,8.69753368536954
2005,9.48965055755712
2004,9.04631929189997
2003,10.6157557408448
2002,9.58072096498382
2001,9.13327915778459
2000,10.8757265993123
1999,10.981736271855
1998,11.0953571738518
1997,11.2089780758486
1996,11.3225989778455
1995,11.4209974209339
1994,11.5498407818391
1993,11.6634616838359
1992,11.7770825858328
1991,11.8907034878296
1990,12.0119356192804
