rm,typ,parti,antal
2014/15,fr,C,23.0
2014/15,fr,KD,51.0
2014/15,fr,L,116.0
2014/15,fr,M,416.0
2014/15,fr,MP,7.0
2014/15,fr,S,62.0
2014/15,fr,SD,33.0
2014/15,fr,V,81.0
2014/15,ip,C,60.0
2014/15,ip,KD,44.0
2014/15,ip,L,84.0
2014/15,ip,M,461.0
2014/15,ip,MP,3.0
2014/15,ip,S,9.0
2014/15,ip,SD,28.0
2014/15,ip,V,76.0
2014/15,mot,C,325.0
2014/15,mot,KD,323.0
2014/15,mot,L,235.0
2014/15,mot,M,1079.0
2014/15,mot,MP,84.0
2014/15,mot,S,625.0
2014/15,mot,SD,480.0
2014/15,mot,V,72.0
2015/16,fr,C,87.0
2015/16,fr,KD,61.0
2015/16,fr,L,133.0
2015/16,fr,M,1030.0
2015/16,fr,MP,9.0
2015/16,fr,S,92.0
2015/16,fr,SD,81.0
2015/16,fr,V,86.0
2015/16,ip,C,59.0
2015/16,ip,KD,40.0
2015/16,ip,L,74.0
2015/16,ip,M,523.0
2015/16,ip,MP,5.0
2015/16,ip,S,7.0
2015/16,ip,SD,21.0
2015/16,ip,V,64.0
2015/16,mot,C,374.0
2015/16,mot,KD,288.0
2015/16,mot,L,299.0
2015/16,mot,M,1307.0
2015/16,mot,MP,116.0
2015/16,mot,S,558.0
2015/16,mot,SD,599.0
2015/16,mot,V,104.0
2016/17,fr,C,91.0
2016/17,fr,KD,37.0
2016/17,fr,L,179.0
2016/17,fr,M,1307.0
2016/17,fr,MP,7.0
2016/17,fr,S,116.0
2016/17,fr,SD,81.0
2016/17,fr,V,100.0
2016/17,ip,C,36.0
2016/17,ip,KD,40.0
2016/17,ip,L,43.0
2016/17,ip,M,408.0
2016/17,ip,MP,1.0
2016/17,ip,S,7.0
2016/17,ip,SD,27.0
2016/17,ip,V,63.0
2016/17,mot,C,428.0
2016/17,mot,KD,297.0
2016/17,mot,L,331.0
2016/17,mot,M,1397.0
2016/17,mot,MP,142.0
2016/17,mot,S,564.0
2016/17,mot,SD,725.0
2016/17,mot,V,111.0
2017/18,fr,C,94.0
2017/18,fr,KD,73.0
2017/18,fr,L,137.0
2017/18,fr,M,1045.0
2017/18,fr,MP,8.0
2017/18,fr,S,95.0
2017/18,fr,SD,118.0
2017/18,fr,V,72.0
2017/18,ip,C,30.0
2017/18,ip,KD,35.0
2017/18,ip,L,26.0
2017/18,ip,M,411.0
2017/18,ip,MP,6.0
2017/18,ip,S,3.0
2017/18,ip,SD,20.0
2017/18,ip,V,51.0
2017/18,mot,C,429.0
2017/18,mot,KD,319.0
2017/18,mot,L,361.0
2017/18,mot,M,1600.0
2017/18,mot,MP,197.0
2017/18,mot,S,670.0
2017/18,mot,SD,697.0
2017/18,mot,V,119.0
2018/19,fr,C,60.0
2018/19,fr,KD,43.0
2018/19,fr,L,59.0
2018/19,fr,M,490.0
2018/19,fr,MP,1.0
2018/19,fr,S,68.0
2018/19,fr,SD,149.0
2018/19,fr,V,90.0
2018/19,ip,C,8.0
2018/19,ip,KD,38.0
2018/19,ip,L,17.0
2018/19,ip,M,176.0
2018/19,ip,MP,0.0
2018/19,ip,S,0.0
2018/19,ip,SD,43.0
2018/19,ip,V,37.0
2018/19,mot,C,345.0
2018/19,mot,KD,192.0
2018/19,mot,L,199.0
2018/19,mot,M,1108.0
2018/19,mot,MP,122.0
2018/19,mot,S,543.0
2018/19,mot,SD,569.0
2018/19,mot,V,84.0
2019/20,fr,C,101.0
2019/20,fr,KD,110.0
2019/20,fr,L,83.0
2019/20,fr,M,998.0
2019/20,fr,MP,2.0
2019/20,fr,S,78.0
2019/20,fr,SD,620.0
2019/20,fr,V,131.0
2019/20,ip,C,20.0
2019/20,ip,KD,56.0
2019/20,ip,L,13.0
2019/20,ip,M,210.0
2019/20,ip,MP,0.0
2019/20,ip,S,1.0
2019/20,ip,SD,109.0
2019/20,ip,V,54.0
2019/20,mot,C,394.0
2019/20,mot,KD,239.0
2019/20,mot,L,192.0
2019/20,mot,M,1301.0
2019/20,mot,MP,100.0
2019/20,mot,S,609.0
2019/20,mot,SD,672.0
2019/20,mot,V,131.0
2020/21,fr,C,155.0
2020/21,fr,KD,146.0
2020/21,fr,L,98.0
2020/21,fr,M,1641.0
2020/21,fr,MP,1.0
2020/21,fr,S,86.0
2020/21,fr,SD,1348.0
2020/21,fr,V,157.0
2020/21,ip,C,26.0
2020/21,ip,KD,52.0
2020/21,ip,L,20.0
2020/21,ip,M,444.0
2020/21,ip,MP,0.0
2020/21,ip,S,1.0
2020/21,ip,SD,267.0
2020/21,ip,V,75.0
2020/21,mot,C,412.0
2020/21,mot,KD,292.0
2020/21,mot,L,223.0
2020/21,mot,M,1526.0
2020/21,mot,MP,80.0
2020/21,mot,S,667.0
2020/21,mot,SD,769.0
2020/21,mot,V,166.0
2021/22,fr,C,107.0
2021/22,fr,KD,85.0
2021/22,fr,L,109.0
2021/22,fr,M,734.0
2021/22,fr,MP,29.0
2021/22,fr,S,70.0
2021/22,fr,SD,686.0
2021/22,fr,V,82.0
2021/22,ip,C,30.0
2021/22,ip,KD,23.0
2021/22,ip,L,15.0
2021/22,ip,M,245.0
2021/22,ip,MP,12.0
2021/22,ip,S,1.0
2021/22,ip,SD,182.0
2021/22,ip,V,39.0
2021/22,mot,C,483.0
2021/22,mot,KD,359.0
2021/22,mot,L,270.0
2021/22,mot,M,1870.0
2021/22,mot,MP,142.0
2021/22,mot,S,576.0
2021/22,mot,SD,876.0
2021/22,mot,V,189.0
2022/23,fr,C,143.0
2022/23,fr,KD,0.0
2022/23,fr,L,6.0
2022/23,fr,M,1.0
2022/23,fr,MP,45.0
2022/23,fr,S,554.0
2022/23,fr,SD,140.0
2022/23,fr,V,82.0
2022/23,ip,C,38.0
2022/23,ip,KD,0.0
2022/23,ip,L,0.0
2022/23,ip,M,0.0
2022/23,ip,MP,52.0
2022/23,ip,S,274.0
2022/23,ip,SD,31.0
2022/23,ip,V,37.0
2022/23,mot,C,326.0
2022/23,mot,KD,140.0
2022/23,mot,L,50.0
2022/23,mot,M,462.0
2022/23,mot,MP,174.0
2022/23,mot,S,619.0
2022/23,mot,SD,506.0
2022/23,mot,V,117.0
2023/24,fr,C,115.0
2023/24,fr,KD,0.0
2023/24,fr,L,1.0
2023/24,fr,M,0.0
2023/24,fr,MP,78.0
2023/24,fr,S,546.0
2023/24,fr,SD,311.0
2023/24,fr,V,67.0
2023/24,ip,C,39.0
2023/24,ip,KD,0.0
2023/24,ip,L,0.0
2023/24,ip,M,0.0
2023/24,ip,MP,47.0
2023/24,ip,S,644.0
2023/24,ip,SD,72.0
2023/24,ip,V,38.0
2023/24,mot,C,338.0
2023/24,mot,KD,178.0
2023/24,mot,L,74.0
2023/24,mot,M,613.0
2023/24,mot,MP,202.0
2023/24,mot,S,800.0
2023/24,mot,SD,571.0
2023/24,mot,V,124.0
2024/25,fr,C,135.0
2024/25,fr,KD,0.0
2024/25,fr,L,1.0
2024/25,fr,M,0.0
2024/25,fr,MP,125.0
2024/25,fr,S,870.0
2024/25,fr,SD,195.0
2024/25,fr,V,86.0
2024/25,ip,C,29.0
2024/25,ip,KD,0.0
2024/25,ip,L,0.0
2024/25,ip,M,0.0
2024/25,ip,MP,48.0
2024/25,ip,S,558.0
2024/25,ip,SD,43.0
2024/25,ip,V,67.0
2024/25,mot,C,360.0
2024/25,mot,KD,286.0
2024/25,mot,L,54.0
2024/25,mot,M,800.0
2024/25,mot,MP,222.0
2024/25,mot,S,836.0
2024/25,mot,SD,706.0
2024/25,mot,V,133.0
2025/26,fr,C,121.0
2025/26,fr,KD,0.0
2025/26,fr,L,0.0
2025/26,fr,M,1.0
2025/26,fr,MP,88.0
2025/26,fr,S,449.0
2025/26,fr,SD,265.0
2025/26,fr,V,66.0
2025/26,ip,C,19.0
2025/26,ip,KD,0.0
2025/26,ip,L,0.0
2025/26,ip,M,0.0
2025/26,ip,MP,31.0
2025/26,ip,S,412.0
2025/26,ip,SD,55.0
2025/26,ip,V,48.0
2025/26,mot,C,438.0
2025/26,mot,KD,318.0
2025/26,mot,L,168.0
2025/26,mot,M,1114.0
2025/26,mot,MP,282.0
2025/26,mot,S,905.0
2025/26,mot,SD,685.0
2025/26,mot,V,174.0
2026/27,fr,C,0.0
2026/27,fr,KD,0.0
2026/27,fr,L,0.0
2026/27,fr,M,0.0
2026/27,fr,MP,0.0
2026/27,fr,S,0.0
2026/27,fr,SD,0.0
2026/27,fr,V,0.0
2026/27,ip,C,0.0
2026/27,ip,KD,0.0
2026/27,ip,L,0.0
2026/27,ip,M,0.0
2026/27,ip,MP,0.0
2026/27,ip,S,0.0
2026/27,ip,SD,0.0
2026/27,ip,V,0.0
2026/27,mot,C,2.0
2026/27,mot,KD,3.0
2026/27,mot,L,0.0
2026/27,mot,M,0.0
2026/27,mot,MP,1.0
2026/27,mot,S,0.0
2026/27,mot,SD,0.0
2026/27,mot,V,0.0
