dok_id,rm,beteckning,doktyp,typ,subtyp,organ,titel,undertitel,datum,dokument_url_html
H901FiU1,2021/22,FiU1,bet,bet,bet,FiU,Statens budget 2022 - Rambeslutet,,2021-08-30,//data.riksdagen.se/dokument/H901FiU1.html
H901KU10,2021/22,KU10,bet,bet,bet,KU,Granskning av statsrådens tjänsteutövning och regeringsärendenas handläggning,,2021-09-16,//data.riksdagen.se/dokument/H901KU10.html
H901MJU4,2021/22,MJU4,bet,bet,bet,MJU,Producentansvar och straffansvar för nedskräpning,,2021-09-16,//data.riksdagen.se/dokument/H901MJU4.html
H901MJU5,2021/22,MJU5,bet,bet,bet,MJU,Genomförandet av EU:s ramdirektiv för vatten,,2021-09-16,//data.riksdagen.se/dokument/H901MJU5.html
H901MJU3,2021/22,MJU3,bet,bet,bet,MJU,Ändrade regler för kontroll av ekologisk produktion,,2021-09-20,//data.riksdagen.se/dokument/H901MJU3.html
H901SoU3,2021/22,SoU3,bet,bet,bet,SoU,Fortsatt giltighet av covid-19-lagen och lagen om tillfälliga smittskyddsåtgärder på serveringsställen,,2021-09-20,//data.riksdagen.se/dokument/H901SoU3.html
H901SoU2,2021/22,SoU2,bet,bet,bet,SoU,Utbetalning av ersättning för personlig assistans endast vid tillstånd,,2021-09-21,//data.riksdagen.se/dokument/H901SoU2.html
H901AU3,2021/22,AU3,bet,bet,bet,AU,Genomförande av visselblåsardirektivet,,2021-09-23,//data.riksdagen.se/dokument/H901AU3.html
H901AU4,2021/22,AU4,bet,bet,bet,AU,Samhall,,2021-09-23,//data.riksdagen.se/dokument/H901AU4.html
H901KU2,2021/22,KU2,bet,bet,bet,KU,Rättelse i lag om ändring i offentlighets- och sekretesslagen,,2021-09-24,//data.riksdagen.se/dokument/H901KU2.html
H901MJU7,2021/22,MJU7,bet,bet,bet,MJU,Regeringsprövning av kalkstenstäkter i undantagsfall,,2021-09-28,//data.riksdagen.se/dokument/H901MJU7.html
H901FiU8,2021/22,FiU8,bet,bet,bet,FiU,Riksrevisionens granskning av miljöskatter på lång sikt,,2021-10-01,//data.riksdagen.se/dokument/H901FiU8.html
H901FiU7,2021/22,FiU7,bet,bet,bet,FiU,Kompletterande bestämmelser till EU:s förordning om gräsrotsfinansiering,,2021-10-12,//data.riksdagen.se/dokument/H901FiU7.html
H901FiU9,2021/22,FiU9,bet,bet,bet,FiU,Riksrevisorns årliga rapport 2021,,2021-10-12,//data.riksdagen.se/dokument/H901FiU9.html
H901SkU2,2021/22,SkU2,bet,bet,bet,SkU,Tillfällig skattereduktion för arbetsinkomster för att hantera ökade arbetskostnader till följd av pandemin,,2021-10-12,//data.riksdagen.se/dokument/H901SkU2.html
H901SkU3,2021/22,SkU3,bet,bet,bet,SkU,Skattereduktion för investeringar i inventarier anskaffade år 2021,,2021-10-12,//data.riksdagen.se/dokument/H901SkU3.html
H901NU6,2021/22,NU6,bet,bet,bet,NU,En möjlighet till ny anmälan om avstämning av stöd vid korttidsarbete och ett nytt förfarande vid sen anmälan om avstämning,,2021-10-19,//data.riksdagen.se/dokument/H901NU6.html
H901FiU13,2021/22,FiU13,bet,bet,bet,FiU,Regellättnader på värdepappersmarknaden och några frågor om referensvärden,,2021-10-21,//data.riksdagen.se/dokument/H901FiU13.html
H901JuU2,2021/22,JuU2,bet,bet,bet,JuU,Nya regler om husrannsakan för att söka efter vapen och andra farliga föremål,,2021-10-21,//data.riksdagen.se/dokument/H901JuU2.html
H901JuU3,2021/22,JuU3,bet,bet,bet,JuU,Ett starkare skydd för Sveriges säkerhet,,2021-10-21,//data.riksdagen.se/dokument/H901JuU3.html
H901JuU4,2021/22,JuU4,bet,bet,bet,JuU,Aggressionsbrottet i svensk rätt och svensk straffrättslig domsrätt,,2021-10-21,//data.riksdagen.se/dokument/H901JuU4.html
H901NU5,2021/22,NU5,bet,bet,bet,NU,Riksrevisionens rapport om transportbidraget,,2021-10-21,//data.riksdagen.se/dokument/H901NU5.html
H901NU8,2021/22,NU8,bet,bet,utl,NU,Kommissionens meddelande om en långsiktig vision för EU:s landsbygdsområden till 2040,,2021-10-21,//data.riksdagen.se/dokument/H901NU8.html
H901NU9,2021/22,NU9,bet,bet,utl,NU,Subsidiaritetsprövning av kommissionens förslag till reviderat direktiv för förnybara energikällor,,2021-10-22,//data.riksdagen.se/dokument/H901NU9.html
H901SfU5,2021/22,SfU5,bet,bet,bet,SfU,Angiven yrkesgrupp – åtgärder för en begriplig sjukförsäkring,,2021-10-22,//data.riksdagen.se/dokument/H901SfU5.html
H901SfU6,2021/22,SfU6,bet,bet,bet,SfU,Justerad indragningsbestämmelse inom underhållsstödet,,2021-10-22,//data.riksdagen.se/dokument/H901SfU6.html
H901SfU7,2021/22,SfU7,bet,bet,bet,SfU,Avtal om social trygghet mellan Sverige och Japan,,2021-10-22,//data.riksdagen.se/dokument/H901SfU7.html
H901MJU10,2021/22,MJU10,bet,bet,utl,MJU,Subsidiaritetsprövning av kommissionens förslag till revidering av LULUCF-regelverket,,2021-10-27,//data.riksdagen.se/dokument/H901MJU10.html
H901MJU11,2021/22,MJU11,bet,bet,utl,MJU,Subsidiaritetsprövning av kommissionens förslag om inrättande av en social klimatfond,,2021-10-27,//data.riksdagen.se/dokument/H901MJU11.html
H901FiU12,2021/22,FiU12,bet,bet,bet,FiU,Riksrevisionens rapport om administrationen i statliga myndigheter,,2021-10-28,//data.riksdagen.se/dokument/H901FiU12.html
H901SoU5,2021/22,SoU5,bet,bet,bet,SoU,Statlig ersättning för personskada orsakad av vaccin mot sjukdomen covid-19,,2021-11-02,//data.riksdagen.se/dokument/H901SoU5.html
H901SkU4,2021/22,SkU4,bet,bet,bet,SkU,Ändring i skatteavtalet mellan Sverige samt Storbritannien och Nordirland,,2021-11-03,//data.riksdagen.se/dokument/H901SkU4.html
H901TU2,2021/22,TU2,bet,bet,bet,TU,Ändringar i vägsäkerhetslagen,,2021-11-08,//data.riksdagen.se/dokument/H901TU2.html
H901AU5,2021/22,AU5,bet,bet,bet,AU,Riksrevisionens rapport om arbetssökande över 55 år,,2021-11-09,//data.riksdagen.se/dokument/H901AU5.html
H901KU3,2021/22,KU3,bet,bet,bet,KU,2019 års riksdagsöversyn,,2021-11-10,//data.riksdagen.se/dokument/H901KU3.html
H901MJU9,2021/22,MJU9,bet,bet,bet,MJU,Riksrevisionens rapport om statens ansvar för veterinär service,,2021-11-10,//data.riksdagen.se/dokument/H901MJU9.html
H901FöU3,2021/22,FöU3,bet,bet,bet,FöU,Riksrevisionens rapport om projektbidrag från anslag 2:4 Krisberedskap,,2021-11-11,//data.riksdagen.se/dokument/H901FöU3.html
H901JuU6,2021/22,JuU6,bet,bet,bet,JuU,Utökade möjligheter att använda tidiga förhör,,2021-11-11,//data.riksdagen.se/dokument/H901JuU6.html
H901JuU8,2021/22,JuU8,bet,bet,bet,JuU,Skärpta straff för våld och andra kränkningar i nära relationer,,2021-11-11,//data.riksdagen.se/dokument/H901JuU8.html
H901KU8,2021/22,KU8,bet,bet,bet,KU,Sekretess hos den kommission som fått i uppdrag att granska arbetet med att uppnå frigivning av två svenska medborgare utomlands,,2021-11-11,//data.riksdagen.se/dokument/H901KU8.html
H901SkU7,2021/22,SkU7,bet,bet,bet,SkU,Skatteavtal mellan Sverige och Slovenien,,2021-11-11,//data.riksdagen.se/dokument/H901SkU7.html
H901UbU3,2021/22,UbU3,bet,bet,bet,UbU,Riksrevisionens rapport om riktade utbyggnadsuppdrag till universitet och högskolor,,2021-11-11,//data.riksdagen.se/dokument/H901UbU3.html
H901JuU5,2021/22,JuU5,bet,bet,bet,JuU,Slopad straffrabatt för unga myndiga vid allvarlig brottslighet,,2021-11-12,//data.riksdagen.se/dokument/H901JuU5.html
H901JuU7,2021/22,JuU7,bet,bet,bet,JuU,Utökade möjligheter att avgöra mål på handlingarna i allmän domstol,,2021-11-12,//data.riksdagen.se/dokument/H901JuU7.html
H901CU2,2021/22,CU2,bet,bet,bet,CU,Stärkt skydd för hyresgäster,,2021-11-15,//data.riksdagen.se/dokument/H901CU2.html
H901FiU14,2021/22,FiU14,bet,bet,bet,FiU,Ett förenklat upphandlingsregelverk,,2021-11-17,//data.riksdagen.se/dokument/H901FiU14.html
H901FiU6,2021/22,FiU6,bet,bet,bet,FiU,Redovisning av AP-fondernas verksamhet t.o.m. 2020,,2021-11-18,//data.riksdagen.se/dokument/H901FiU6.html
H901FiU11,2021/22,FiU11,bet,bet,bet,FiU,Höständringsbudget för 2021,,2021-11-18,//data.riksdagen.se/dokument/H901FiU11.html
H901FöU2,2021/22,FöU2,bet,bet,bet,FöU,Behandling av personuppgifter vid Försvarsmakten och Försvarets radioanstalt,,2021-11-18,//data.riksdagen.se/dokument/H901FöU2.html
H901JuU9,2021/22,JuU9,bet,bet,bet,JuU,Anpassningar av svensk lag till EU:s förordningar om Schengens informationssystem,,2021-11-18,//data.riksdagen.se/dokument/H901JuU9.html
H901SoU4,2021/22,SoU4,bet,bet,bet,SoU,Redovisning av fördelning av medel från Allmänna arvsfonden under budgetåret 2020,,2021-11-18,//data.riksdagen.se/dokument/H901SoU4.html
H901SoU7,2021/22,SoU7,bet,bet,bet,SoU,Bättre uppföljning av läkemedel för djur,,2021-11-18,//data.riksdagen.se/dokument/H901SoU7.html
H901SoU6,2021/22,SoU6,bet,bet,bet,SoU,Vård av unga vid Statens institutionsstyrelses särskilda ungdomshem,,2021-11-22,//data.riksdagen.se/dokument/H901SoU6.html
H901MJU6,2021/22,MJU6,bet,bet,bet,MJU,Åtgärder för att rädda fiskbestånden i Östersjön,,2021-11-24,//data.riksdagen.se/dokument/H901MJU6.html
H901FiU15,2021/22,FiU15,bet,bet,bet,FiU,Lagstiftningsåtgärder med anledning av EU:s gröna taxonomiförordning,,2021-11-25,//data.riksdagen.se/dokument/H901FiU15.html
H901SkU5,2021/22,SkU5,bet,bet,bet,SkU,Komplettering av den utvidgade fåmansföretagsdefinitionen,,2021-11-25,//data.riksdagen.se/dokument/H901SkU5.html
H901SkU6,2021/22,SkU6,bet,bet,bet,SkU,Ändrat alkoholskattedirektiv och vissa andra ändringar,,2021-11-25,//data.riksdagen.se/dokument/H901SkU6.html
H901CU1,2021/22,CU1,bet,bet,bet,CU,"Utgiftsområde 18 Samhällsplanering, bostadsförsörjning och byggande samt konsumentpolitik",,2021-11-26,//data.riksdagen.se/dokument/H901CU1.html
H901KU1,2021/22,KU1,bet,bet,bet,KU,Utgiftsområde 1 Rikets styrelse,,2021-11-26,//data.riksdagen.se/dokument/H901KU1.html
H901TU4,2021/22,TU4,bet,bet,bet,TU,Det nationella basutbudet av flygplatser,,2021-11-26,//data.riksdagen.se/dokument/H901TU4.html
H901UbU4,2021/22,UbU4,bet,bet,bet,UbU,Överlåtelse av förvaltningsuppgift till Internationella sjöfartsorganisationen att genom Världssjöfartsuniversitetet utfärda examina,,2021-11-26,//data.riksdagen.se/dokument/H901UbU4.html
H901UbU6,2021/22,UbU6,bet,bet,bet,UbU,Riksrevisionens rapport om statliga myndigheters FoU-verksamhet,,2021-11-26,//data.riksdagen.se/dokument/H901UbU6.html
H901KrU1,2021/22,KrU1,bet,bet,bet,KrU,"Utgiftsområde 17 Kultur, medier, trossamfund och fritid",,2021-11-29,//data.riksdagen.se/dokument/H901KrU1.html
H901NU10,2021/22,NU10,bet,bet,bet,NU,Stöd till drivmedelsstationer på landsbygderna,,2021-11-29,//data.riksdagen.se/dokument/H901NU10.html
H901SkU8,2021/22,SkU8,bet,bet,bet,SkU,Nya mervärdesskatteregler om vissa förvärv som görs av EU-organ med anledning av covid-19-pandemin,,2021-11-29,//data.riksdagen.se/dokument/H901SkU8.html
H901FöU1,2021/22,FöU1,bet,bet,bet,FöU,Utgiftsområde 6 Försvar och samhällets krisberedskap,,2021-12-02,//data.riksdagen.se/dokument/H901FöU1.html
H901JuU1,2021/22,JuU1,bet,bet,bet,JuU,Utgiftsområde 4 Rättsväsendet,,2021-12-03,//data.riksdagen.se/dokument/H901JuU1.html
H901MJU2,2021/22,MJU2,bet,bet,bet,MJU,"Utgiftsområde 23 Areella näringar, landsbygd och livsmedel",,2021-12-03,//data.riksdagen.se/dokument/H901MJU2.html
H901NU2,2021/22,NU2,bet,bet,bet,NU,Utgiftsområde 19 Regional utveckling,,2021-12-03,//data.riksdagen.se/dokument/H901NU2.html
H901NU3,2021/22,NU3,bet,bet,bet,NU,Utgiftsområde 21 Energi,,2021-12-03,//data.riksdagen.se/dokument/H901NU3.html
H901TU1,2021/22,TU1,bet,bet,bet,TU,Utgiftsområde 22 Kommunikationer,,2021-12-03,//data.riksdagen.se/dokument/H901TU1.html
H901UU4,2021/22,UU4,bet,bet,utl,UU,Kommissionens arbetsprogram 2022,,2021-12-03,//data.riksdagen.se/dokument/H901UU4.html
H901SoU8,2021/22,SoU8,bet,bet,bet,SoU,Fortsatt giltighet av covid-19-lagen och lagen om tillfälliga smittskyddsåtgärder på serveringsställen,,2021-12-06,//data.riksdagen.se/dokument/H901SoU8.html
H901AU1,2021/22,AU1,bet,bet,bet,AU,Utgiftsområde 13 Jämställdhet och nyanlända invandrares etablering,,2021-12-07,//data.riksdagen.se/dokument/H901AU1.html
H901MJU8,2021/22,MJU8,bet,bet,utl,MJU,Kommissionens meddelande om en ny EU-skogsstrategi för 2030,,2021-12-07,//data.riksdagen.se/dokument/H901MJU8.html
H901SkU1,2021/22,SkU1,bet,bet,bet,SkU,"Utgiftsområde 3 Skatt, tull och exekution",,2021-12-07,//data.riksdagen.se/dokument/H901SkU1.html
H901UFöU1,2021/22,UFöU1,bet,bet,bet,UFöU,Svenskt deltagande i Förenta nationernas stabiliseringsinsats i Mali,,2021-12-07,//data.riksdagen.se/dokument/H901UFöU1.html
H901UU1,2021/22,UU1,bet,bet,bet,UU,Utgiftsområde 5 Internationell samverkan,,2021-12-07,//data.riksdagen.se/dokument/H901UU1.html
H901UU2,2021/22,UU2,bet,bet,bet,UU,Utgiftsområde 7 Internationellt bistånd,,2021-12-07,//data.riksdagen.se/dokument/H901UU2.html
H901MJU1,2021/22,MJU1,bet,bet,bet,MJU,Utgiftsområde 20 Allmän miljö- och naturvård,,2021-12-08,//data.riksdagen.se/dokument/H901MJU1.html
H901SfU2,2021/22,SfU2,bet,bet,bet,SfU,Utgiftsområde 11 Ekonomisk trygghet vid ålderdom,,2021-12-08,//data.riksdagen.se/dokument/H901SfU2.html
H901SfU3,2021/22,SfU3,bet,bet,bet,SfU,Utgiftsområde 12 Ekonomisk trygghet för familjer och barn,,2021-12-08,//data.riksdagen.se/dokument/H901SfU3.html
H901UbU1,2021/22,UbU1,bet,bet,bet,UbU,Utgiftsområde 16 Utbildning och universitetsforskning,,2021-12-08,//data.riksdagen.se/dokument/H901UbU1.html
H901AU6,2021/22,AU6,bet,bet,bet,AU,Arbetsmarknadspolitik och arbetslöshetsförsäkringen,,2021-12-09,//data.riksdagen.se/dokument/H901AU6.html
H901FiU35,2021/22,FiU35,bet,bet,bet,FiU,En möjlighet för vissa försäkringsföreningar att tillämpa anpassade rörelseregler,,2021-12-09,//data.riksdagen.se/dokument/H901FiU35.html
H901KU6,2021/22,KU6,bet,bet,bet,KU,Förstärkt skydd för väljare vid röstmottagning,,2021-12-09,//data.riksdagen.se/dokument/H901KU6.html
H901NU1,2021/22,NU1,bet,bet,bet,NU,Utgiftsområde 24 Näringsliv,,2021-12-09,//data.riksdagen.se/dokument/H901NU1.html
H901SoU1,2021/22,SoU1,bet,bet,bet,SoU,"Utgiftsområde 9 Hälsovård, sjukvård och social omsorg",,2021-12-09,//data.riksdagen.se/dokument/H901SoU1.html
H901FiU3,2021/22,FiU3,bet,bet,bet,FiU,Utgiftsområde 25 Allmänna bidrag till kommuner,,2021-12-10,//data.riksdagen.se/dokument/H901FiU3.html
H901FiU5,2021/22,FiU5,bet,bet,bet,FiU,Utgiftsområde 27 Avgiften till Europeiska unionen,,2021-12-10,//data.riksdagen.se/dokument/H901FiU5.html
H901SfU1,2021/22,SfU1,bet,bet,bet,SfU,Utgiftsområde 10 Ekonomisk trygghet vid sjukdom och funktionsnedsättning,,2021-12-10,//data.riksdagen.se/dokument/H901SfU1.html
H901SfU4,2021/22,SfU4,bet,bet,bet,SfU,Utgiftsområde 8 Migration,,2021-12-10,//data.riksdagen.se/dokument/H901SfU4.html
H901UFöU2,2021/22,UFöU2,bet,bet,bet,UFöU,Fortsatt svenskt deltagande i militär insats för stärkt säkerhet i Mali,,2021-12-10,//data.riksdagen.se/dokument/H901UFöU2.html
H901UbU2,2021/22,UbU2,bet,bet,bet,UbU,Utgiftsområde 15 Studiestöd,,2021-12-10,//data.riksdagen.se/dokument/H901UbU2.html
H901SkU11,2021/22,SkU11,bet,bet,bet,SkU,Riskskatt för kreditinstitut,,2021-12-13,//data.riksdagen.se/dokument/H901SkU11.html
H901AU2,2021/22,AU2,bet,bet,bet,AU,Utgiftsområde 14 Arbetsmarknad och arbetsliv,,2021-12-14,//data.riksdagen.se/dokument/H901AU2.html
H901FiU2,2021/22,FiU2,bet,bet,bet,FiU,Utgiftsområde 2 Samhällsekonomi och finansförvaltning,,2021-12-14,//data.riksdagen.se/dokument/H901FiU2.html
H901FiU4,2021/22,FiU4,bet,bet,bet,FiU,Utgiftsområde 26 Statsskuldsräntor m.m.,,2021-12-14,//data.riksdagen.se/dokument/H901FiU4.html
H901CU4,2021/22,CU4,bet,bet,bet,CU,Sjöfylleri,,2021-12-16,//data.riksdagen.se/dokument/H901CU4.html
H901FiU10,2021/22,FiU10,bet,bet,bet,FiU,Statens budget för 2022,,2021-12-16,//data.riksdagen.se/dokument/H901FiU10.html
H901NU4,2021/22,NU4,bet,bet,bet,NU,2021 års redogörelse för bolag med statligt ägande,,2021-12-22,//data.riksdagen.se/dokument/H901NU4.html
H901KU20d3,2021/22,KU20,bet,bet,bet,KU,Granskningsbetänkande del 3,,2022-01-01,//data.riksdagen.se/dokument/H901KU20d3.html
H901KU20d2,2021/22,KU20,bet,bet,bet,KU,Granskningsbetänkande del 2,,2022-01-01,//data.riksdagen.se/dokument/H901KU20d2.html
H901KU5,2021/22,KU5,bet,bet,bet,KU,Uppföljning av riksdagens tillämpning av subsidiaritetsprincipen,,2022-01-12,//data.riksdagen.se/dokument/H901KU5.html
H901NU13,2021/22,NU13,bet,bet,bet,NU,Krav på rapportering av betalningstider,,2022-01-13,//data.riksdagen.se/dokument/H901NU13.html
H901KU4,2021/22,KU4,bet,bet,bet,KU,En konsultationsordning i frågor som rör det samiska folket,,2022-01-14,//data.riksdagen.se/dokument/H901KU4.html
H901KU11,2021/22,KU11,bet,bet,bet,KU,Justitieombudsmännens ämbetsberättelse,,2022-01-14,//data.riksdagen.se/dokument/H901KU11.html
H901NU7,2021/22,NU7,bet,bet,bet,NU,Kompletterande bestämmelser till EU:s förordningar inom sammanhållningspolitiken,,2022-01-14,//data.riksdagen.se/dokument/H901NU7.html
H901UbU11,2021/22,UbU11,bet,bet,bet,UbU,Etisk granskning av forskning – en övergångsbestämmelse som avser kliniska läkemedelsprövningar,,2022-01-14,//data.riksdagen.se/dokument/H901UbU11.html
H901SoU9,2021/22,SoU9,bet,bet,bet,SoU,Fortsatt beredskap genom förlängd giltighet av covid-19-lagen och lagen om tillfälliga smittskyddsåtgärder på serveringsställen,,2022-01-18,//data.riksdagen.se/dokument/H901SoU9.html
H901KU9,2021/22,KU9,bet,bet,bet,KU,Rätt till ledighet för politiska uppdrag på lokal och regional nivå i ett annat land,,2022-01-21,//data.riksdagen.se/dokument/H901KU9.html
H901KU33,2021/22,KU33,bet,bet,bet,KU,"Tryck- och yttrandefrihet, massmediefrågor",,2022-01-21,//data.riksdagen.se/dokument/H901KU33.html
H901KU7,2021/22,KU7,bet,bet,bet,KU,Riksrevisionens rapport om myndigheters service till enskilda som inte kan eller vill vara digitala,,2022-01-25,//data.riksdagen.se/dokument/H901KU7.html
H901SkU10,2021/22,SkU10,bet,bet,bet,SkU,Riksrevisionens rapport om Skatteverkets arbete med att beskatta delningsekonomin,,2022-01-25,//data.riksdagen.se/dokument/H901SkU10.html
H901UbU10,2021/22,UbU10,bet,bet,bet,UbU,Utökade möjligheter att stänga skolor med allvarliga brister,,2022-01-25,//data.riksdagen.se/dokument/H901UbU10.html
H901UbU5,2021/22,UbU5,bet,bet,bet,UbU,Riksrevisionens rapport om urvalet av elever till Pisaundersökningen,,2022-01-26,//data.riksdagen.se/dokument/H901UbU5.html
H901UbU9,2021/22,UbU9,bet,bet,bet,UbU,En sammanhållen utbildning för nyanlända som har utbildningsplikt,,2022-01-26,//data.riksdagen.se/dokument/H901UbU9.html
H901JuU12,2021/22,JuU12,bet,bet,bet,JuU,Riksrevisionens rapport om effektiviteten i Polismyndighetens arbete med information till brottsutsatta,,2022-01-27,//data.riksdagen.se/dokument/H901JuU12.html
H901MJU12,2021/22,MJU12,bet,bet,bet,MJU,Brott mot djur – skärpta straff och ett mer effektivt sanktionssystem,,2022-01-27,//data.riksdagen.se/dokument/H901MJU12.html
H901MJU14,2021/22,MJU14,bet,bet,bet,MJU,Livsmedelspolitik,,2022-01-27,//data.riksdagen.se/dokument/H901MJU14.html
H901TU5,2021/22,TU5,bet,bet,bet,TU,Kollektivtrafikfrågor,,2022-01-28,//data.riksdagen.se/dokument/H901TU5.html
H901TU3,2021/22,TU3,bet,bet,bet,TU,Kompletterande bestämmelser till EU:s förordning om en gemensam digital ingång,,2022-02-01,//data.riksdagen.se/dokument/H901TU3.html
H901FiU16,2021/22,FiU16,bet,bet,bet,FiU,"Extra ändringsbudget för 2022 – Ersättningar på sjukförsäkringsområdet, stöd till företag, medel för testning och smittspårning samt åtgärder på skatteområdet och andra områden med anledning av coronaviruset",,2022-02-02,//data.riksdagen.se/dokument/H901FiU16.html
H901CU7,2021/22,CU7,bet,bet,bet,CU,Ersättningsrätt och insolvensrätt,,2022-02-03,//data.riksdagen.se/dokument/H901CU7.html
H901CU11,2021/22,CU11,bet,bet,bet,CU,Associationsrätt,,2022-02-03,//data.riksdagen.se/dokument/H901CU11.html
H901CU14,2021/22,CU14,bet,bet,bet,CU,Riksrevisionens rapport om systemet med energideklarationer,,2022-02-03,//data.riksdagen.se/dokument/H901CU14.html
H901FöU6,2021/22,FöU6,bet,bet,bet,FöU,Försvarspolitik,,2022-02-03,//data.riksdagen.se/dokument/H901FöU6.html
H901FöU10,2021/22,FöU10,bet,bet,bet,FöU,Cybersäkerhetsfrågor,,2022-02-03,//data.riksdagen.se/dokument/H901FöU10.html
H901JuU11,2021/22,JuU11,bet,bet,bet,JuU,Lättnader i tillståndsplikten för ljuddämpare,,2022-02-03,//data.riksdagen.se/dokument/H901JuU11.html
H901JuU50,2021/22,JuU50,bet,bet,utl,JuU,Subsidiaritetsprövning av förslag till förordning om åtgärder mot transportföretag som underlättar eller ägnar sig åt människohandel eller smuggling av migranter i samband med olaglig inresa till EU,,2022-02-03,//data.riksdagen.se/dokument/H901JuU50.html
H901JuU20,2021/22,JuU20,bet,bet,bet,JuU,Preventiva tvångsmedel för att förhindra allvarlig brottslighet,,2022-02-04,//data.riksdagen.se/dokument/H901JuU20.html
H901TU7,2021/22,TU7,bet,bet,bet,TU,Väg- och fordonsfrågor,,2022-02-04,//data.riksdagen.se/dokument/H901TU7.html
H901UbU7,2021/22,UbU7,bet,bet,bet,UbU,Ämnesbetyg – betygen ska bättre spegla elevers kunskaper,,2022-02-04,//data.riksdagen.se/dokument/H901UbU7.html
H901UbU8,2021/22,UbU8,bet,bet,bet,UbU,Riksrevisionens rapport om yrkeshögskolan,,2022-02-04,//data.riksdagen.se/dokument/H901UbU8.html
H901TU6,2021/22,TU6,bet,bet,bet,TU,Digitaliserings- och postfrågor,,2022-02-07,//data.riksdagen.se/dokument/H901TU6.html
H901SoU10,2021/22,SoU10,bet,bet,bet,SoU,"Alkohol-, narkotika-, dopnings-, tobaks- och spelfrågor",,2022-02-08,//data.riksdagen.se/dokument/H901SoU10.html
H901SoU11,2021/22,SoU11,bet,bet,bet,SoU,Apoteks- och läkemedelsfrågor,,2022-02-08,//data.riksdagen.se/dokument/H901SoU11.html
H901SfU8,2021/22,SfU8,bet,bet,bet,SfU,Riksrevisionens rapport om att komma till Sverige som anhörig,,2022-02-10,//data.riksdagen.se/dokument/H901SfU8.html
H901SfU9,2021/22,SfU9,bet,bet,bet,SfU,Riksrevisionens rapport om Försäkringskassans arbete med att förebygga sjukskrivning,,2022-02-10,//data.riksdagen.se/dokument/H901SfU9.html
H901SfU10,2021/22,SfU10,bet,bet,bet,SfU,Deltagande på distans i styrelsesammanträden i samordningsförbund,,2022-02-10,//data.riksdagen.se/dokument/H901SfU10.html
H901FöU5,2021/22,FöU5,bet,bet,bet,FöU,Integritetsskydd vid signalspaning i försvarsunderrättelseverksamhet,,2022-02-15,//data.riksdagen.se/dokument/H901FöU5.html
H901AU7,2021/22,AU7,bet,bet,bet,AU,Arbetsrätt,,2022-02-17,//data.riksdagen.se/dokument/H901AU7.html
H901NU11,2021/22,NU11,bet,bet,bet,NU,Regional utveckling,,2022-02-17,//data.riksdagen.se/dokument/H901NU11.html
H901NU14,2021/22,NU14,bet,bet,bet,NU,Handläggande myndighet för ärenden om stöd vid korttidsarbete,,2022-02-17,//data.riksdagen.se/dokument/H901NU14.html
H901CU15,2021/22,CU15,bet,bet,bet,CU,Återinförande av tillfälliga åtgärder för att underlätta genomförandet av bolags- och föreningsstämmor,,2022-02-18,//data.riksdagen.se/dokument/H901CU15.html
H901FöU4,2021/22,FöU4,bet,bet,bet,FöU,Riksrevisionens rapport om att bygga nationell försvarsförmåga – statens arbete med att stärka arméstridskrafterna,,2022-02-18,//data.riksdagen.se/dokument/H901FöU4.html
H901JuU13,2021/22,JuU13,bet,bet,bet,JuU,2021 års redogörelse för tillämpningen av lagen om särskild utlänningskontroll,,2022-02-18,//data.riksdagen.se/dokument/H901JuU13.html
H901JuU14,2021/22,JuU14,bet,bet,bet,JuU,Redovisning av användningen av hemliga tvångsmedel under 2020,,2022-02-18,//data.riksdagen.se/dokument/H901JuU14.html
H901KU18,2021/22,KU18,bet,bet,bet,KU,Vissa frågor om sekretess när Justitiekanslern bevakar statens rätt,,2022-02-18,//data.riksdagen.se/dokument/H901KU18.html
H901KU25,2021/22,KU25,bet,bet,bet,KU,Allmänna helgdagar m.m.,,2022-02-18,//data.riksdagen.se/dokument/H901KU25.html
H901KU26,2021/22,KU26,bet,bet,bet,KU,Valfrågor,,2022-02-18,//data.riksdagen.se/dokument/H901KU26.html
H901KU27,2021/22,KU27,bet,bet,bet,KU,Offentlig förvaltning,,2022-02-18,//data.riksdagen.se/dokument/H901KU27.html
H901NU12,2021/22,NU12,bet,bet,bet,NU,Näringspolitik,,2022-02-18,//data.riksdagen.se/dokument/H901NU12.html
H901SfU11,2021/22,SfU11,bet,bet,bet,SfU,Socialavgifter,,2022-02-18,//data.riksdagen.se/dokument/H901SfU11.html
H901SfU12,2021/22,SfU12,bet,bet,bet,SfU,Pensioner,,2022-02-18,//data.riksdagen.se/dokument/H901SfU12.html
H901SfU13,2021/22,SfU13,bet,bet,bet,SfU,Medborgarskap,,2022-02-18,//data.riksdagen.se/dokument/H901SfU13.html
H901UbU12,2021/22,UbU12,bet,bet,bet,UbU,Studiestöd,,2022-02-18,//data.riksdagen.se/dokument/H901UbU12.html
H901UbU13,2021/22,UbU13,bet,bet,bet,UbU,Förskolan,,2022-02-18,//data.riksdagen.se/dokument/H901UbU13.html
H901UbU17,2021/22,UbU17,bet,bet,bet,UbU,Gymnasieskolan,,2022-02-18,//data.riksdagen.se/dokument/H901UbU17.html
H901MJU13,2021/22,MJU13,bet,bet,bet,MJU,Märkning och registrering av katter,,2022-02-21,//data.riksdagen.se/dokument/H901MJU13.html
H901MJU15,2021/22,MJU15,bet,bet,bet,MJU,Cirkulär ekonomi,,2022-02-21,//data.riksdagen.se/dokument/H901MJU15.html
H901MJU16,2021/22,MJU16,bet,bet,bet,MJU,Jakt och viltvård,,2022-02-21,//data.riksdagen.se/dokument/H901MJU16.html
H901AU16,2021/22,AU16,bet,bet,utl,AU,Subsidiaritetsprövning av direktivförslaget om bättre arbetsvillkor för plattformsarbete,,2022-02-22,//data.riksdagen.se/dokument/H901AU16.html
H901CU12,2021/22,CU12,bet,bet,bet,CU,Planering och byggande,,2022-02-22,//data.riksdagen.se/dokument/H901CU12.html
H901FiU44,2021/22,FiU44,bet,bet,bet,FiU,"Extra ändringsbudget för 2022 – Slopad karenstid för stöd vid korttidsarbete, förstärkt evenemangsstöd och andra åtgärder med anledning av coronaviruset samt kompensation till hushållen för höga elpriser",,2022-02-22,//data.riksdagen.se/dokument/H901FiU44.html
H901CU9,2021/22,CU9,bet,bet,bet,CU,Fastighetsrätt,,2022-02-23,//data.riksdagen.se/dokument/H901CU9.html
H901KrU2,2021/22,KrU2,bet,bet,bet,KrU,Det civila samhället,,2022-02-23,//data.riksdagen.se/dokument/H901KrU2.html
H901KrU4,2021/22,KrU4,bet,bet,bet,KrU,Konstarterna och kulturskaparnas villkor,,2022-02-23,//data.riksdagen.se/dokument/H901KrU4.html
H901SkU9,2021/22,SkU9,bet,bet,bet,SkU,Nytt punktskattedirektiv och vissa andra ändringar,,2022-02-23,//data.riksdagen.se/dokument/H901SkU9.html
H901FiU31,2021/22,FiU31,bet,bet,utl,FiU,Subsidiaritetsprövning av kommissionens förslag till ändrat beslut om systemet för Europeiska unionens egna medel,,2022-02-24,//data.riksdagen.se/dokument/H901FiU31.html
H901MJU19,2021/22,MJU19,bet,bet,utl,MJU,Subsidiaritetsprövning av kommissionens förslag till förordning om utsläppande på unionens marknad och export från unionen av vissa råvaror och produkter som är förknippade med avskogning och skogsförstörelse,,2022-02-24,//data.riksdagen.se/dokument/H901MJU19.html
H901KU30,2021/22,KU30,bet,bet,bet,KU,Författningsfrågor,,2022-02-25,//data.riksdagen.se/dokument/H901KU30.html
H901KU31,2021/22,KU31,bet,bet,bet,KU,Trossamfund och begravningsfrågor,,2022-02-25,//data.riksdagen.se/dokument/H901KU31.html
H901FiU40,2021/22,FiU40,bet,bet,bet,FiU,Ändringar i statens budget för 2022 – Ekonomiskt stöd och utrustning till Ukraina,,2022-02-28,//data.riksdagen.se/dokument/H901FiU40.html
H901FiU18,2021/22,FiU18,bet,bet,bet,FiU,Gränsöverskridande distribution av fonder,,2022-03-03,//data.riksdagen.se/dokument/H901FiU18.html
H901FiU19,2021/22,FiU19,bet,bet,bet,FiU,Nya kapitaltäckningsregler för mycket stora värdepappersbolag,,2022-03-03,//data.riksdagen.se/dokument/H901FiU19.html
H901SoU12,2021/22,SoU12,bet,bet,bet,SoU,Stöd till personer med funktionsnedsättning,,2022-03-07,//data.riksdagen.se/dokument/H901SoU12.html
H901KrU3,2021/22,KrU3,bet,bet,bet,KrU,Radio och tv i allmänhetens tjänst,,2022-03-08,//data.riksdagen.se/dokument/H901KrU3.html
H901MJU17,2021/22,MJU17,bet,bet,bet,MJU,Fiskeripolitik,,2022-03-08,//data.riksdagen.se/dokument/H901MJU17.html
H901NU16,2021/22,NU16,bet,bet,bet,NU,"En förenklingspolitik för stärkt konkurrenskraft, tillväxt och innovationsförmåga",,2022-03-08,//data.riksdagen.se/dokument/H901NU16.html
H901SkU13,2021/22,SkU13,bet,bet,bet,SkU,Inkomstskatt,,2022-03-10,//data.riksdagen.se/dokument/H901SkU13.html
H901UU11,2021/22,UU11,bet,bet,bet,UU,Vissa säkerhetspolitiska frågor,,2022-03-15,//data.riksdagen.se/dokument/H901UU11.html
H901FiU45,2021/22,FiU45,bet,bet,bet,FiU,Extra ändringsbudget för 2022 – Garanti till Internationella återuppbyggnads- och utvecklingsbanken för lån till Ukraina,,2022-03-16,//data.riksdagen.se/dokument/H901FiU45.html
H901SoU20,2021/22,SoU20,bet,bet,bet,SoU,Riksrevisionens rapport om öppna jämförelser i socialtjänsten,,2022-03-16,//data.riksdagen.se/dokument/H901SoU20.html
H901SoU21,2021/22,SoU21,bet,bet,bet,SoU,Riksrevisionens rapport om statens subventionering av läkemedel,,2022-03-16,//data.riksdagen.se/dokument/H901SoU21.html
H901CU33,2021/22,CU33,bet,bet,bet,CU,Den nationella planen för omprövning av vattenkraft,,2022-03-17,//data.riksdagen.se/dokument/H901CU33.html
H901CU34,2021/22,CU34,bet,bet,utl,CU,Subsidiaritetsprövning av kommissionens förslag till ett omarbetat direktiv om byggnaders energiprestanda,,2022-03-17,//data.riksdagen.se/dokument/H901CU34.html
H901JuU48,2021/22,JuU48,bet,bet,utl,JuU,Subsidiaritetsprövning av kommissionens förslag till direktiv om skydd för miljön genom straffrättsliga bestämmelser,,2022-03-17,//data.riksdagen.se/dokument/H901JuU48.html
H901UbU21,2021/22,UbU21,bet,bet,bet,UbU,Stärkt kvalitet och likvärdighet i pedagogisk omsorg,,2022-03-17,//data.riksdagen.se/dokument/H901UbU21.html
H901KU32,2021/22,KU32,bet,bet,bet,KU,Minoritetsfrågor,,2022-03-18,//data.riksdagen.se/dokument/H901KU32.html
H901SfU14,2021/22,SfU14,bet,bet,bet,SfU,Anpassning av svensk rätt till EU:s nya in- och utresesystem,,2022-03-18,//data.riksdagen.se/dokument/H901SfU14.html
H901SfU16,2021/22,SfU16,bet,bet,bet,SfU,Utlänningar i Sverige utan tillstånd,,2022-03-18,//data.riksdagen.se/dokument/H901SfU16.html
H901SfU21,2021/22,SfU21,bet,bet,bet,SfU,Förstärkt nedsättning av arbetsgivaravgifter för 19–23-åringar under sommaren 2022,,2022-03-18,//data.riksdagen.se/dokument/H901SfU21.html
H901SkU18,2021/22,SkU18,bet,bet,bet,SkU,Tillfällig utvidgning av statligt stöd genom nedsatt energiskatt,,2022-03-18,//data.riksdagen.se/dokument/H901SkU18.html
H901SoU36,2021/22,SoU36,bet,bet,bet,SoU,Vårdfrågor,,2022-03-18,//data.riksdagen.se/dokument/H901SoU36.html
H901UbU14,2021/22,UbU14,bet,bet,bet,UbU,Övergripande skolfrågor,,2022-03-18,//data.riksdagen.se/dokument/H901UbU14.html
H901SkU19,2021/22,SkU19,bet,bet,bet,SkU,Sänkt energiskatt på bensin och diesel,,2022-03-21,//data.riksdagen.se/dokument/H901SkU19.html
H901SoU13,2021/22,SoU13,bet,bet,bet,SoU,Äldrefrågor,,2022-03-21,//data.riksdagen.se/dokument/H901SoU13.html
H901SoU27,2021/22,SoU27,bet,bet,bet,SoU,Upphävande av covid-19-lagen och lagen om tillfälliga smittskyddsåtgärder på serveringsställen,,2022-03-21,//data.riksdagen.se/dokument/H901SoU27.html
H901FiU25,2021/22,FiU25,bet,bet,bet,FiU,Statlig förvaltning,,2022-03-22,//data.riksdagen.se/dokument/H901FiU25.html
H901FiU26,2021/22,FiU26,bet,bet,bet,FiU,Kommunala frågor,,2022-03-22,//data.riksdagen.se/dokument/H901FiU26.html
H901JuU24,2021/22,JuU24,bet,bet,bet,JuU,Processrättsliga frågor,,2022-03-22,//data.riksdagen.se/dokument/H901JuU24.html
H901MJU18,2021/22,MJU18,bet,bet,bet,MJU,"Stärkt äganderätt, flexibla skyddsformer och ökade incitament för naturvården i skogen med frivillighet som grund",,2022-03-22,//data.riksdagen.se/dokument/H901MJU18.html
H901SkU12,2021/22,SkU12,bet,bet,utl,SkU,Subsidiaritetsprövning av kommissionens förslag till direktiv om en global minimiskatt för multinationella företag inom EU,,2022-03-22,//data.riksdagen.se/dokument/H901SkU12.html
H901SkU32,2021/22,SkU32,bet,bet,utl,SkU,Subsidiaritetsprövning av kommissionens förslag till direktiv med regler för att förhindra att legala enheter som saknar substans missbrukas för skatteändamål,,2022-03-22,//data.riksdagen.se/dokument/H901SkU32.html
H901FiU46,2021/22,FiU46,bet,bet,bet,FiU,Ändringar i statens budget för 2022 – Stöd till Ukraina med efterfrågad försvarsmateriel,,2022-03-23,//data.riksdagen.se/dokument/H901FiU46.html
H901AU8,2021/22,AU8,bet,bet,bet,AU,Jämställdhet och åtgärder mot diskriminering,,2022-03-24,//data.riksdagen.se/dokument/H901AU8.html
H901AU9,2021/22,AU9,bet,bet,bet,AU,Integration,,2022-03-24,//data.riksdagen.se/dokument/H901AU9.html
H901CU3,2021/22,CU3,bet,bet,bet,CU,En ny konsumentköplag,,2022-03-24,//data.riksdagen.se/dokument/H901CU3.html
H901FiU17,2021/22,FiU17,bet,bet,bet,FiU,Ändrade regler för att möjliggöra utlämning av uppgifter för inkomststudier,,2022-03-24,//data.riksdagen.se/dokument/H901FiU17.html
H901FöU8,2021/22,FöU8,bet,bet,bet,FöU,Försvarsmaktens personal,,2022-03-24,//data.riksdagen.se/dokument/H901FöU8.html
H901JuU49,2021/22,JuU49,bet,bet,bet,JuU,Redogörelse för verksamheten inom den gemensamma parlamentariska kontrollgruppen för Europol och den svenska delegationens arbete under 2021,,2022-03-24,//data.riksdagen.se/dokument/H901JuU49.html
H901MJU20,2021/22,MJU20,bet,bet,bet,MJU,Klimatpolitik,,2022-03-24,//data.riksdagen.se/dokument/H901MJU20.html
H901UU17,2021/22,UU17,bet,bet,utl,UU,"Ukrainas, Georgiens och Moldaviens ansökningar om medlemskap i EU",,2022-03-24,//data.riksdagen.se/dokument/H901UU17.html
H901CU8,2021/22,CU8,bet,bet,bet,CU,Konsumenträtt,,2022-03-25,//data.riksdagen.se/dokument/H901CU8.html
H901CU10,2021/22,CU10,bet,bet,bet,CU,Bostadspolitik,,2022-03-25,//data.riksdagen.se/dokument/H901CU10.html
H901FöU9,2021/22,FöU9,bet,bet,bet,FöU,Militära frågor,,2022-03-25,//data.riksdagen.se/dokument/H901FöU9.html
H901KU12,2021/22,KU12,bet,bet,bet,KU,Ett teknikneutralt krav på underskrift av regeringsbeslut,,2022-03-25,//data.riksdagen.se/dokument/H901KU12.html
H901SkU21,2021/22,SkU21,bet,bet,bet,SkU,Begränsning av avdragsrätten för underskott från tidigare år,,2022-03-25,//data.riksdagen.se/dokument/H901SkU21.html
H901TU8,2021/22,TU8,bet,bet,bet,TU,Luftfartsfrågor,,2022-03-25,//data.riksdagen.se/dokument/H901TU8.html
H901TU10,2021/22,TU10,bet,bet,bet,TU,Genomförande av direktivet om elektroniska vägtullssystem,,2022-03-25,//data.riksdagen.se/dokument/H901TU10.html
H901UU7,2021/22,UU7,bet,bet,bet,UU,Mänskliga rättigheter ur ett tematiskt perspektiv,,2022-03-25,//data.riksdagen.se/dokument/H901UU7.html
H901UbU16,2021/22,UbU16,bet,bet,bet,UbU,Lärare och elever,,2022-03-25,//data.riksdagen.se/dokument/H901UbU16.html
H901NU15,2021/22,NU15,bet,bet,bet,NU,Energipolitik,,2022-03-29,//data.riksdagen.se/dokument/H901NU15.html
H901TU11,2021/22,TU11,bet,bet,bet,TU,Cykelfrågor,,2022-03-30,//data.riksdagen.se/dokument/H901TU11.html
H901AU10,2021/22,AU10,bet,bet,bet,AU,Arbetsmiljö och arbetstid,,2022-03-31,//data.riksdagen.se/dokument/H901AU10.html
H901KU13,2021/22,KU13,bet,bet,bet,KU,Föreningsfrihet och terroristorganisationer,,2022-03-31,//data.riksdagen.se/dokument/H901KU13.html
H901KU16,2021/22,KU16,bet,bet,bet,KU,Utlandsspioneri,,2022-03-31,//data.riksdagen.se/dokument/H901KU16.html
H901MJU21,2021/22,MJU21,bet,bet,bet,MJU,Jordbrukspolitik,,2022-04-01,//data.riksdagen.se/dokument/H901MJU21.html
H901SoU22,2021/22,SoU22,bet,bet,bet,SoU,Ökad kontinuitet och effektivitet i vården - en primärvårdsreform,,2022-04-01,//data.riksdagen.se/dokument/H901SoU22.html
H901UbU15,2021/22,UbU15,bet,bet,bet,UbU,Grundläggande om utbildning,,2022-04-01,//data.riksdagen.se/dokument/H901UbU15.html
H901UbU18,2021/22,UbU18,bet,bet,bet,UbU,Vuxenutbildning,,2022-04-01,//data.riksdagen.se/dokument/H901UbU18.html
H901SfU15,2021/22,SfU15,bet,bet,bet,SfU,Riksrevisionens rapport om neddragningar hos Migrationsverket 2017–2020,,2022-04-04,//data.riksdagen.se/dokument/H901SfU15.html
H901FiU22,2021/22,FiU22,bet,bet,bet,FiU,Finansiell stabilitet och finansmarknadsfrågor,,2022-04-05,//data.riksdagen.se/dokument/H901FiU22.html
H901FiU47,2021/22,FiU47,bet,bet,bet,FiU,Extra ändringsbudget för 2022 – Åtgärder för att stärka rikets militära försvar och kompensation till hushållen för höga elpriser,,2022-04-05,//data.riksdagen.se/dokument/H901FiU47.html
H901KrU5,2021/22,KrU5,bet,bet,bet,KrU,Folkbildning och spelfrågor,,2022-04-05,//data.riksdagen.se/dokument/H901KrU5.html
H901UbU22,2021/22,UbU22,bet,bet,bet,UbU,Ökade möjligheter till grundläggande behörighet för elever på gymnasieskolans yrkesprogram,,2022-04-05,//data.riksdagen.se/dokument/H901UbU22.html
H901JuU25,2021/22,JuU25,bet,bet,bet,JuU,Kriminalvårdsfrågor,,2022-04-06,//data.riksdagen.se/dokument/H901JuU25.html
H901JuU15,2021/22,JuU15,bet,bet,bet,JuU,Modernare regler för användningen av tvångsmedel,,2022-04-07,//data.riksdagen.se/dokument/H901JuU15.html
H901JuU16,2021/22,JuU16,bet,bet,bet,JuU,Riksrevisionens rapport om polisens och åklagarnas arbete mot internetrelaterade sexuella övergrepp mot barn,,2022-04-07,//data.riksdagen.se/dokument/H901JuU16.html
H901JuU18,2021/22,JuU18,bet,bet,bet,JuU,Tillträdesförbud till badanläggningar och bibliotek,,2022-04-07,//data.riksdagen.se/dokument/H901JuU18.html
H901NU18,2021/22,NU18,bet,bet,bet,NU,"Genomförande av ändringar i energieffektiviseringsdirektivet om värme, kyla och tappvarmvatten för hushållsbruk",,2022-04-07,//data.riksdagen.se/dokument/H901NU18.html
H901SkU15,2021/22,SkU15,bet,bet,bet,SkU,Punktskatt,,2022-04-07,//data.riksdagen.se/dokument/H901SkU15.html
H901SkU16,2021/22,SkU16,bet,bet,bet,SkU,Mervärdesskatt,,2022-04-07,//data.riksdagen.se/dokument/H901SkU16.html
H901SkU20,2021/22,SkU20,bet,bet,bet,SkU,Skärpt miljöstyrning i bonus malus-systemet,,2022-04-07,//data.riksdagen.se/dokument/H901SkU20.html
H901TU9,2021/22,TU9,bet,bet,bet,TU,Fjärde järnvägspaketet och andra järnvägsfrågor,,2022-04-07,//data.riksdagen.se/dokument/H901TU9.html
H901FiU23,2021/22,FiU23,bet,bet,bet,FiU,Riksbankens förvaltning 2021,,2022-04-08,//data.riksdagen.se/dokument/H901FiU23.html
H901KU22,2021/22,KU22,bet,bet,bet,KU,Ändringar i ersättningslagen,,2022-04-08,//data.riksdagen.se/dokument/H901KU22.html
H901TU12,2021/22,TU12,bet,bet,bet,TU,Sjöfartsfrågor,,2022-04-08,//data.riksdagen.se/dokument/H901TU12.html
H901TU13,2021/22,TU13,bet,bet,bet,TU,Omhändertagande och återkallelse av förarbevis för vattenskoter,,2022-04-08,//data.riksdagen.se/dokument/H901TU13.html
H901KU28,2021/22,KU28,bet,bet,bet,KU,"Offentlighet, sekretess och integritet",,2022-04-11,//data.riksdagen.se/dokument/H901KU28.html
H901KrU7,2021/22,KrU7,bet,bet,bet,KrU,Kultur för alla,,2022-04-11,//data.riksdagen.se/dokument/H901KrU7.html
H901SoU14,2021/22,SoU14,bet,bet,bet,SoU,Kompetensförsörjning inom hälso- och sjukvården m.m.,,2022-04-11,//data.riksdagen.se/dokument/H901SoU14.html
H901JuU23,2021/22,JuU23,bet,bet,bet,JuU,Straffrättsliga frågor,,2022-04-12,//data.riksdagen.se/dokument/H901JuU23.html
H901SfU19,2021/22,SfU19,bet,bet,bet,SfU,Arbetskraftsinvandring,,2022-04-12,//data.riksdagen.se/dokument/H901SfU19.html
H901JuU10,2021/22,JuU10,bet,bet,bet,JuU,Skärpta straff för grova trafikbrott,,2022-04-19,//data.riksdagen.se/dokument/H901JuU10.html
H901SfU22,2021/22,SfU22,bet,bet,bet,SfU,Skärpta och förbättrade regler om arbetskraftsinvandring,,2022-04-19,//data.riksdagen.se/dokument/H901SfU22.html
H901SoU23,2021/22,SoU23,bet,bet,bet,SoU,Riksrevisionens rapport om statens suicidpreventiva arbete,,2022-04-20,//data.riksdagen.se/dokument/H901SoU23.html
H901UU6,2021/22,UU6,bet,bet,bet,UU,Internationellt utvecklingsbistånd,,2022-04-20,//data.riksdagen.se/dokument/H901UU6.html
H901UU15,2021/22,UU15,bet,bet,bet,UU,Mänskliga rättigheter i länder och regioner m.m.,,2022-04-20,//data.riksdagen.se/dokument/H901UU15.html
H901CU17,2021/22,CU17,bet,bet,bet,CU,Ett bättre underlag för åtgärder på bostadsmarknaden,,2022-04-21,//data.riksdagen.se/dokument/H901CU17.html
H901FöU7,2021/22,FöU7,bet,bet,bet,FöU,Civilt försvar och krisberedskap,,2022-04-21,//data.riksdagen.se/dokument/H901FöU7.html
H901JuU17,2021/22,JuU17,bet,bet,bet,JuU,Ett särskilt brott för hedersförtryck,,2022-04-21,//data.riksdagen.se/dokument/H901JuU17.html
H901JuU19,2021/22,JuU19,bet,bet,bet,JuU,Riksrevisionens rapport om ersättning till rättsliga biträden i brottmål,,2022-04-21,//data.riksdagen.se/dokument/H901JuU19.html
H901JuU44,2021/22,JuU44,bet,bet,bet,JuU,Nya verktyg mot gängkriminaliteten,,2022-04-21,//data.riksdagen.se/dokument/H901JuU44.html
H901CU5,2021/22,CU5,bet,bet,bet,CU,Hyresrätt m.m.,,2022-04-22,//data.riksdagen.se/dokument/H901CU5.html
H901CU6,2021/22,CU6,bet,bet,bet,CU,Familjerätt,,2022-04-22,//data.riksdagen.se/dokument/H901CU6.html
H901CU13,2021/22,CU13,bet,bet,bet,CU,Hushållningen med mark- och vattenområden,,2022-04-22,//data.riksdagen.se/dokument/H901CU13.html
H901CU16,2021/22,CU16,bet,bet,bet,CU,Ändring av andelstal i gemensamhetsanläggningar,,2022-04-22,//data.riksdagen.se/dokument/H901CU16.html
H901JuU28,2021/22,JuU28,bet,bet,bet,JuU,Vapenfrågor,,2022-04-22,//data.riksdagen.se/dokument/H901JuU28.html
H901SfU20,2021/22,SfU20,bet,bet,bet,SfU,"Migration, asylpolitik och anhöriginvandring",,2022-04-22,//data.riksdagen.se/dokument/H901SfU20.html
H901SfU23,2021/22,SfU23,bet,bet,bet,SfU,Återkallelse av uppehållstillstånd som har meddelats av Regeringskansliet i vissa fall,,2022-04-22,//data.riksdagen.se/dokument/H901SfU23.html
H901SkU17,2021/22,SkU17,bet,bet,bet,SkU,Skatteförfarande och folkbokföring,,2022-04-22,//data.riksdagen.se/dokument/H901SkU17.html
H901SoU19,2021/22,SoU19,bet,bet,bet,SoU,Socialtjänstens arbete m.m.,,2022-04-22,//data.riksdagen.se/dokument/H901SoU19.html
H901TU14,2021/22,TU14,bet,bet,bet,TU,Genomförande av ändringar i direktivet om miljökrav vid upphandling av bilar och vissa kollektivtrafiktjänster,,2022-04-22,//data.riksdagen.se/dokument/H901TU14.html
H901KrU6,2021/22,KrU6,bet,bet,bet,KrU,Kulturarvsfrågor,,2022-04-25,//data.riksdagen.se/dokument/H901KrU6.html
H901KrU9,2021/22,KrU9,bet,bet,bet,KrU,Kultur och fritid för barn och unga,,2022-04-25,//data.riksdagen.se/dokument/H901KrU9.html
H901MJU22,2021/22,MJU22,bet,bet,bet,MJU,Djurskydd,,2022-04-25,//data.riksdagen.se/dokument/H901MJU22.html
H901SoU24,2021/22,SoU24,bet,bet,bet,SoU,En fast omsorgskontakt i hemtjänsten,,2022-04-25,//data.riksdagen.se/dokument/H901SoU24.html
H901CU36,2021/22,CU36,bet,bet,bet,CU,Insatser på plan- och byggområdet med anledning av invasionen av Ukraina,,2022-04-26,//data.riksdagen.se/dokument/H901CU36.html
H901FiU39,2021/22,FiU39,bet,bet,bet,FiU,Extra ändringsbudget för 2022 – Tillfälligt sänkt skatt på bensin och diesel samt hantering av överskott av vaccindoser,,2022-04-26,//data.riksdagen.se/dokument/H901FiU39.html
H901SkU22,2021/22,SkU22,bet,bet,bet,SkU,Höjd omsättningsgräns för befrielse från mervärdesskatt,,2022-04-26,//data.riksdagen.se/dokument/H901SkU22.html
H901SkU23,2021/22,SkU23,bet,bet,bet,SkU,Ytterligare sänkt mervärdesskatt på vissa reparationer,,2022-04-26,//data.riksdagen.se/dokument/H901SkU23.html
H901SkU14,2021/22,SkU14,bet,bet,bet,SkU,"Företag, kapital och fastighet",,2022-04-27,//data.riksdagen.se/dokument/H901SkU14.html
H901NU20,2021/22,NU20,bet,bet,bet,NU,Mineralpolitik,,2022-04-28,//data.riksdagen.se/dokument/H901NU20.html
H901NU25,2021/22,NU25,bet,bet,bet,NU,Ett års förlängd giltighetstid för undersökningstillstånd,,2022-04-28,//data.riksdagen.se/dokument/H901NU25.html
H901FiU34,2021/22,FiU34,bet,bet,bet,FiU,Offentlig upphandling,,2022-04-29,//data.riksdagen.se/dokument/H901FiU34.html
H901JuU22,2021/22,JuU22,bet,bet,bet,JuU,Polisfrågor,,2022-04-29,//data.riksdagen.se/dokument/H901JuU22.html
H901JuU27,2021/22,JuU27,bet,bet,bet,JuU,Unga lagöverträdare,,2022-04-29,//data.riksdagen.se/dokument/H901JuU27.html
H901MJU23,2021/22,MJU23,bet,bet,bet,MJU,Vattenvård,,2022-04-29,//data.riksdagen.se/dokument/H901MJU23.html
H901NU19,2021/22,NU19,bet,bet,bet,NU,Handelspolitik,,2022-04-29,//data.riksdagen.se/dokument/H901NU19.html
H901SfU18,2021/22,SfU18,bet,bet,bet,SfU,Ekonomisk familjepolitik,,2022-04-29,//data.riksdagen.se/dokument/H901SfU18.html
H901UbU20,2021/22,UbU20,bet,bet,bet,UbU,Forskning,,2022-04-29,//data.riksdagen.se/dokument/H901UbU20.html
H901KrU8,2021/22,KrU8,bet,bet,bet,KrU,Idrott och friluftsliv,,2022-05-02,//data.riksdagen.se/dokument/H901KrU8.html
H901AU11,2021/22,AU11,bet,bet,bet,AU,Genomförande av arbetsvillkorsdirektivet,,2022-05-03,//data.riksdagen.se/dokument/H901AU11.html
H901AU13,2021/22,AU13,bet,bet,bet,AU,Riksrevisionens rapport om bosättningslagen,,2022-05-03,//data.riksdagen.se/dokument/H901AU13.html
H901KU14,2021/22,KU14,bet,bet,bet,KU,Ett ändamålsenligt skydd för tryck- och yttrandefriheten,,2022-05-04,//data.riksdagen.se/dokument/H901KU14.html
H901JuU53,2021/22,JuU53,bet,bet,bet,JuU,Biometri i brottsbekämpningen,,2022-05-05,//data.riksdagen.se/dokument/H901JuU53.html
H901MJU24,2021/22,MJU24,bet,bet,bet,MJU,Naturvård och biologisk mångfald,,2022-05-05,//data.riksdagen.se/dokument/H901MJU24.html
H901SoU32,2021/22,SoU32,bet,bet,bet,SoU,Ändrade övergångsbestämmelser när det gäller medicintekniska produkter för in vitro-diagnostik,,2022-05-05,//data.riksdagen.se/dokument/H901SoU32.html
H901KU17,2021/22,KU17,bet,bet,bet,KU,Riksrevisionens årsredovisning för 2021,,2022-05-06,//data.riksdagen.se/dokument/H901KU17.html
H901KU19,2021/22,KU19,bet,bet,bet,KU,Kompletteringar till regelverket om säkerhetsskydd i riksdagen och dess myndigheter,,2022-05-06,//data.riksdagen.se/dokument/H901KU19.html
H901KU35,2021/22,KU35,bet,bet,bet,KU,Riksdagens arbetsformer,,2022-05-06,//data.riksdagen.se/dokument/H901KU35.html
H901KU37,2021/22,KU37,bet,bet,bet,KU,Bättre villkor för kommersiell radio,,2022-05-06,//data.riksdagen.se/dokument/H901KU37.html
H901SkU24,2021/22,SkU24,bet,bet,bet,SkU,Skattereduktion för avgift till arbetslöshetskassa,,2022-05-06,//data.riksdagen.se/dokument/H901SkU24.html
H901SkU25,2021/22,SkU25,bet,bet,bet,SkU,Ändrad nedsättning av förmånsvärdet för miljöanpassade bilar,,2022-05-06,//data.riksdagen.se/dokument/H901SkU25.html
H901SfU17,2021/22,SfU17,bet,bet,bet,SfU,Socialförsäkringsfrågor,,2022-05-09,//data.riksdagen.se/dokument/H901SfU17.html
H901SoU16,2021/22,SoU16,bet,bet,bet,SoU,Folkhälsofrågor,,2022-05-09,//data.riksdagen.se/dokument/H901SoU16.html
H901JuU26,2021/22,JuU26,bet,bet,bet,JuU,Våldsbrott och brottsoffer,,2022-05-10,//data.riksdagen.se/dokument/H901JuU26.html
H901SkU27,2021/22,SkU27,bet,bet,bet,SkU,Ändrade transparensregler inom energibeskattningen,,2022-05-11,//data.riksdagen.se/dokument/H901SkU27.html
H901SoU26,2021/22,SoU26,bet,bet,bet,SoU,Nya regler för organdonation,,2022-05-11,//data.riksdagen.se/dokument/H901SoU26.html
H901SoU29,2021/22,SoU29,bet,bet,bet,SoU,Värdlandsavtal mellan Sverige och Internationella vaccininstitutet,,2022-05-11,//data.riksdagen.se/dokument/H901SoU29.html
H901CU18,2021/22,CU18,bet,bet,bet,CU,Ändringar i lagar som genomför internationella bestämmelser om radiologiska skador och skador vid sjötransporter,,2022-05-12,//data.riksdagen.se/dokument/H901CU18.html
H901FiU32,2021/22,FiU32,bet,bet,bet,FiU,Kompletterande bestämmelser till EU:s förordning om återhämtning och resolution av centrala motparter,,2022-05-12,//data.riksdagen.se/dokument/H901FiU32.html
H901FiU36,2021/22,FiU36,bet,bet,bet,FiU,En utvidgad rätt till återköp och flytt av fond- och depåförsäkringar,,2022-05-12,//data.riksdagen.se/dokument/H901FiU36.html
H901JuU32,2021/22,JuU32,bet,bet,bet,JuU,Sekretess för ljuddämpare,,2022-05-12,//data.riksdagen.se/dokument/H901JuU32.html
H901JuU36,2021/22,JuU36,bet,bet,bet,JuU,Effektivare bevisupptagning inom EU,,2022-05-12,//data.riksdagen.se/dokument/H901JuU36.html
H901JuU38,2021/22,JuU38,bet,bet,bet,JuU,Skärpta straff för knivbrott,,2022-05-12,//data.riksdagen.se/dokument/H901JuU38.html
H901JuU39,2021/22,JuU39,bet,bet,bet,JuU,Bättre tillgång till finansiell information i brottsbekämpningen,,2022-05-12,//data.riksdagen.se/dokument/H901JuU39.html
H901JuU43,2021/22,JuU43,bet,bet,bet,JuU,Skärpt straff för gravfridsbrott,,2022-05-12,//data.riksdagen.se/dokument/H901JuU43.html
H901NU17,2021/22,NU17,bet,bet,bet,NU,Ursprungsgarantier – genomförande av det omarbetade förnybartdirektivet,,2022-05-12,//data.riksdagen.se/dokument/H901NU17.html
H901NU24,2021/22,NU24,bet,bet,utl,NU,Kommissionens meddelande om gemensamma europeiska åtgärder för säkrare och mer hållbar energi,,2022-05-12,//data.riksdagen.se/dokument/H901NU24.html
H901NU27,2021/22,NU27,bet,bet,bet,NU,Sveriges energiförsörjning och import av rysk energi,,2022-05-12,//data.riksdagen.se/dokument/H901NU27.html
H901NU28,2021/22,NU28,bet,bet,utl,NU,Subsidiaritetsprövning av kommissionens förslag till direktiv om tillbörlig aktsamhet för företag i fråga om hållbarhet,,2022-05-12,//data.riksdagen.se/dokument/H901NU28.html
H901SoU17,2021/22,SoU17,bet,bet,bet,SoU,E-hälsa m.m.,,2022-05-12,//data.riksdagen.se/dokument/H901SoU17.html
H901TU15,2021/22,TU15,bet,bet,bet,TU,Yrkestrafik och taxi,,2022-05-12,//data.riksdagen.se/dokument/H901TU15.html
H901TU17,2021/22,TU17,bet,bet,bet,TU,Genomförande av direktivet om inrättande av en europeisk kodex för elektronisk kommunikation,,2022-05-12,//data.riksdagen.se/dokument/H901TU17.html
H901CU19,2021/22,CU19,bet,bet,bet,CU,Ett moderniserat konsumentskydd,,2022-05-13,//data.riksdagen.se/dokument/H901CU19.html
H901KU34,2021/22,KU34,bet,bet,bet,KU,Kommunala och regionala frågor,,2022-05-13,//data.riksdagen.se/dokument/H901KU34.html
H901KU36,2021/22,KU36,bet,bet,bet,KU,Val och beslut i kommuner och regioner,,2022-05-13,//data.riksdagen.se/dokument/H901KU36.html
H901NU21,2021/22,NU21,bet,bet,bet,NU,Genomförande av elmarknadsdirektivet när det gäller nätverksamhet,,2022-05-13,//data.riksdagen.se/dokument/H901NU21.html
H901SkU26,2021/22,SkU26,bet,bet,bet,SkU,Innebörden av begreppet helt försäkringsbestånd,,2022-05-13,//data.riksdagen.se/dokument/H901SkU26.html
H901SoU18,2021/22,SoU18,bet,bet,bet,SoU,Socialtjänstfrågor – barn och unga,,2022-05-16,//data.riksdagen.se/dokument/H901SoU18.html
H901UU19,2021/22,UU19,bet,bet,bet,UU,Förbättrade rättsliga förutsättningar för att kunna ta emot militärt stöd från andra stater,,2022-05-17,//data.riksdagen.se/dokument/H901UU19.html
H901FiU33,2021/22,FiU33,bet,bet,bet,FiU,Ett nytt mål för Sjätte AP-fondens placeringsverksamhet,,2022-05-19,//data.riksdagen.se/dokument/H901FiU33.html
H901FiU43,2021/22,FiU43,bet,bet,bet,FiU,Riksrevisionens rapport om AP-fondernas hållbarhetsarbete,,2022-05-19,//data.riksdagen.se/dokument/H901FiU43.html
H901KU23,2021/22,KU23,bet,bet,bet,KU,Riksdagen under coronapandemin 2020,,2022-05-19,//data.riksdagen.se/dokument/H901KU23.html
H901NU23,2021/22,NU23,bet,bet,bet,NU,"Förbud mot utvinning av kol, olja och naturgas och skärpta regler för utvinning i alunskiffer",,2022-05-19,//data.riksdagen.se/dokument/H901NU23.html
H901SoU33,2021/22,SoU33,bet,bet,bet,SoU,Barnets bästa när vård enligt LVU upphör – lex lilla hjärtat,,2022-05-19,//data.riksdagen.se/dokument/H901SoU33.html
H901CU20,2021/22,CU20,bet,bet,bet,CU,Stärkt rätt till skadestånd för brottsoffer,,2022-05-20,//data.riksdagen.se/dokument/H901CU20.html
H901CU21,2021/22,CU21,bet,bet,bet,CU,Hittegods i kollektivtrafiken,,2022-05-20,//data.riksdagen.se/dokument/H901CU21.html
H901CU23,2021/22,CU23,bet,bet,bet,CU,Effektivare verktyg i utsökningsförfarandet,,2022-05-20,//data.riksdagen.se/dokument/H901CU23.html
H901FiU29,2021/22,FiU29,bet,bet,bet,FiU,En effektivare överprövning av offentliga upphandlingar,,2022-05-20,//data.riksdagen.se/dokument/H901FiU29.html
H901FiU37,2021/22,FiU37,bet,bet,bet,FiU,Ändrade regler om säkerställda obligationer,,2022-05-20,//data.riksdagen.se/dokument/H901FiU37.html
H901FiU38,2021/22,FiU38,bet,bet,bet,FiU,Betaltjänstfrågor – några förtydliganden,,2022-05-20,//data.riksdagen.se/dokument/H901FiU38.html
H901JuU21,2021/22,JuU21,bet,bet,bet,JuU,Tillfälligt omhändertagande av villkorligt frigivna och skyddstillsynsdömda,,2022-05-20,//data.riksdagen.se/dokument/H901JuU21.html
H901JuU29,2021/22,JuU29,bet,bet,bet,JuU,Terrorism,,2022-05-20,//data.riksdagen.se/dokument/H901JuU29.html
H901JuU30,2021/22,JuU30,bet,bet,bet,JuU,Nytt regelverk för kvalificerade säkerhetsärenden,,2022-05-20,//data.riksdagen.se/dokument/H901JuU30.html
H901JuU31,2021/22,JuU31,bet,bet,bet,JuU,En samlad straffrättslig terrorismlagstiftning,,2022-05-20,//data.riksdagen.se/dokument/H901JuU31.html
H901JuU35,2021/22,JuU35,bet,bet,bet,JuU,En stärkt rättsprocess och en ökad lagföring,,2022-05-20,//data.riksdagen.se/dokument/H901JuU35.html
H901JuU37,2021/22,JuU37,bet,bet,bet,JuU,Nya regler om informationsutbyte om brottmålsdomar i EU,,2022-05-20,//data.riksdagen.se/dokument/H901JuU37.html
H901KU15,2021/22,KU15,bet,bet,bet,KU,En ny riksbankslag,,2022-05-20,//data.riksdagen.se/dokument/H901KU15.html
H901SfU24,2021/22,SfU24,bet,bet,bet,SfU,Ett bättre premiepensionssystem,,2022-05-20,//data.riksdagen.se/dokument/H901SfU24.html
H901UbU30,2021/22,UbU30,bet,bet,bet,UbU,"Mer tid till lärande, extra studietid och utökad lovskola",,2022-05-20,//data.riksdagen.se/dokument/H901UbU30.html
H901UbU31,2021/22,UbU31,bet,bet,bet,UbU,Resursskolor och tilläggsbelopp för särskilt stöd,,2022-05-20,//data.riksdagen.se/dokument/H901UbU31.html
H901SfU25,2021/22,SfU25,bet,bet,bet,SfU,Justerade åldersgränser i pensionssystemet och i kringliggande system,,2022-05-23,//data.riksdagen.se/dokument/H901SfU25.html
H901UU13,2021/22,UU13,bet,bet,bet,UU,Europarådet,,2022-05-23,//data.riksdagen.se/dokument/H901UU13.html
H901UU14,2021/22,UU14,bet,bet,bet,UU,Interparlamentariska unionen,,2022-05-23,//data.riksdagen.se/dokument/H901UU14.html
H901MJU27,2021/22,MJU27,bet,bet,bet,MJU,En ökad differentiering av strandskyddet,,2022-05-24,//data.riksdagen.se/dokument/H901MJU27.html
H901JuU40,2021/22,JuU40,bet,bet,bet,JuU,Ett modernare straffrättsligt skydd mot hemfridsbrott och olaga intrång,,2022-05-25,//data.riksdagen.se/dokument/H901JuU40.html
H901UU12,2021/22,UU12,bet,bet,bet,UU,Organisationen för säkerhet och samarbete i Europa under 2021,,2022-05-25,//data.riksdagen.se/dokument/H901UU12.html
H901FiU28,2021/22,FiU28,bet,bet,bet,FiU,Idéburen välfärd,,2022-05-30,//data.riksdagen.se/dokument/H901FiU28.html
H901FiU27,2021/22,FiU27,bet,bet,bet,FiU,Den offentliga sektorns tillgängliggörande av data,,2022-05-31,//data.riksdagen.se/dokument/H901FiU27.html
H901KU24,2021/22,KU24,bet,bet,bet,KU,Sekretess hos två kommissioner,,2022-06-01,//data.riksdagen.se/dokument/H901KU24.html
H901KU29,2021/22,KU29,bet,bet,bet,KU,Fri- och rättigheter m.m.,,2022-06-01,//data.riksdagen.se/dokument/H901KU29.html
H901KU41,2021/22,KU41,bet,bet,bet,KU,Verksamhetsredogörelser för riksdagens nämnder,,2022-06-01,//data.riksdagen.se/dokument/H901KU41.html
H901KU43,2021/22,KU43,bet,bet,bet,KU,Utvecklingen på it-området när det gäller integritet och ny teknik,,2022-06-01,//data.riksdagen.se/dokument/H901KU43.html
H901UbU24,2021/22,UbU24,bet,bet,bet,UbU,Förskola för fler barn,,2022-06-01,//data.riksdagen.se/dokument/H901UbU24.html
H901UbU32,2021/22,UbU32,bet,bet,bet,UbU,Ökad likvärdighet för skolhuvudmän,,2022-06-01,//data.riksdagen.se/dokument/H901UbU32.html
H901FiU42,2021/22,FiU42,bet,bet,bet,FiU,Utvärdering av statens upplåning och skuldförvaltning 2017–2021,,2022-06-02,//data.riksdagen.se/dokument/H901FiU42.html
H901JuU47,2021/22,JuU47,bet,bet,bet,JuU,Kompletteringar till EU:s nya gräns- och kustbevakningsförordning och förtydliganden i regler om unga lagöverträdare,,2022-06-02,//data.riksdagen.se/dokument/H901JuU47.html
H901JuU54,2021/22,JuU54,bet,bet,bet,JuU,Åtgärder mot personer som blockerar vägar,,2022-06-02,//data.riksdagen.se/dokument/H901JuU54.html
H901KrU10,2021/22,KrU10,bet,bet,bet,KrU,Stärkt integritet i idrottens antidopningsarbete,,2022-06-02,//data.riksdagen.se/dokument/H901KrU10.html
H901KrU11,2021/22,KrU11,bet,bet,bet,KrU,Uppskov med behandlingen av vissa ärenden,,2022-06-02,//data.riksdagen.se/dokument/H901KrU11.html
H901SkU28,2021/22,SkU28,bet,bet,bet,SkU,Stärkt kontroll och kvalitet i folkbokföringen,,2022-06-02,//data.riksdagen.se/dokument/H901SkU28.html
H901SkU29,2021/22,SkU29,bet,bet,bet,SkU,Skattelättnad för arbetsresor – ett enklare och färdmedelsneutralt regelverk,,2022-06-02,//data.riksdagen.se/dokument/H901SkU29.html
H901SkU33,2021/22,SkU33,bet,bet,bet,SkU,Uppskov med behandlingen av vissa ärenden,,2022-06-02,//data.riksdagen.se/dokument/H901SkU33.html
H901TU16,2021/22,TU16,bet,bet,bet,TU,Infrastrukturfrågor,,2022-06-02,//data.riksdagen.se/dokument/H901TU16.html
H901UU5,2021/22,UU5,bet,bet,bet,UU,Nordiskt samarbete inklusive Arktis,,2022-06-02,//data.riksdagen.se/dokument/H901UU5.html
H901UbU23,2021/22,UbU23,bet,bet,bet,UbU,Validering för kompetensöverföring och livslångt lärande,,2022-06-02,//data.riksdagen.se/dokument/H901UbU23.html
H901UbU28,2021/22,UbU28,bet,bet,bet,UbU,Skolans arbete med trygghet och studiero,,2022-06-02,//data.riksdagen.se/dokument/H901UbU28.html
H901CU22,2021/22,CU22,bet,bet,bet,CU,En ny lag om företagsrekonstruktion,,2022-06-03,//data.riksdagen.se/dokument/H901CU22.html
H901CU24,2021/22,CU24,bet,bet,bet,CU,Tryggare bostadsrätt,,2022-06-03,//data.riksdagen.se/dokument/H901CU24.html
H901CU25,2021/22,CU25,bet,bet,bet,CU,Regional fysisk planering i Hallands län,,2022-06-03,//data.riksdagen.se/dokument/H901CU25.html
H901CU26,2021/22,CU26,bet,bet,bet,CU,Ökad rättssäkerhet och snabbare verkställighet i internationella familjemål,,2022-06-03,//data.riksdagen.se/dokument/H901CU26.html
H901CU32,2021/22,CU32,bet,bet,bet,CU,En effektivisering av byggnadsnämndens tillsyn,,2022-06-03,//data.riksdagen.se/dokument/H901CU32.html
H901AU12,2021/22,AU12,bet,bet,bet,AU,"Flexibilitet, omställningsförmåga och trygghet på arbetsmarknaden",,2022-06-07,//data.riksdagen.se/dokument/H901AU12.html
H901KU20,2021/22,KU20,bet,bet,bet,KU,Granskningsbetänkande,,2022-06-07,//data.riksdagen.se/dokument/H901KU20.html
H901KU38,2021/22,KU38,bet,bet,bet,KU,En skyldighet att lämna uppgifter till Institutet för mänskliga rättigheter,,2022-06-07,//data.riksdagen.se/dokument/H901KU38.html
H901SkU30,2021/22,SkU30,bet,bet,bet,SkU,Redovisning av skatteutgifter 2022,,2022-06-07,//data.riksdagen.se/dokument/H901SkU30.html
H901MJU25,2021/22,MJU25,bet,bet,bet,MJU,En ny växtskyddslag,,2022-06-08,//data.riksdagen.se/dokument/H901MJU25.html
H901MJU29,2021/22,MJU29,bet,bet,bet,MJU,Straffbestämmelser till EU:s förordning om fartygsåtervinning och övergripande miljöfrågor,,2022-06-08,//data.riksdagen.se/dokument/H901MJU29.html
H901SfU26,2021/22,SfU26,bet,bet,bet,SfU,Höjt bostadstillägg till pensionärer och höjt minimibelopp vid fastställande av avgifter enligt socialtjänstlagen,,2022-06-08,//data.riksdagen.se/dokument/H901SfU26.html
H901SfU27,2021/22,SfU27,bet,bet,bet,SfU,Efterlevandestöd för barn som får vård eller boende bekostat av det allmänna,,2022-06-08,//data.riksdagen.se/dokument/H901SfU27.html
H901SfU28,2021/22,SfU28,bet,bet,bet,SfU,Utvisning på grund av brott – ett skärpt regelverk,,2022-06-08,//data.riksdagen.se/dokument/H901SfU28.html
H901SoU15,2021/22,SoU15,bet,bet,bet,SoU,Hälso- och sjukvårdens organisation m.m.,,2022-06-08,//data.riksdagen.se/dokument/H901SoU15.html
H901SoU28,2021/22,SoU28,bet,bet,bet,SoU,Borttagande av bosättningsprincipen vid sprututbyte,,2022-06-08,//data.riksdagen.se/dokument/H901SoU28.html
H901SoU30,2021/22,SoU30,bet,bet,bet,SoU,Sammanhållen vård- och omsorgsdokumentation,,2022-06-08,//data.riksdagen.se/dokument/H901SoU30.html
H901UU9,2021/22,UU9,bet,bet,bet,UU,Strategisk exportkontroll 2021 – krigsmateriel och produkter med dubbla användningsområden,,2022-06-08,//data.riksdagen.se/dokument/H901UU9.html
H901UU10,2021/22,UU10,bet,bet,bet,UU,Verksamheten i Europeiska unionen under 2021,,2022-06-08,//data.riksdagen.se/dokument/H901UU10.html
H901UU18,2021/22,UU18,bet,bet,bet,UU,Förstärkt kontroll av produkter med dubbla användningsområden,,2022-06-08,//data.riksdagen.se/dokument/H901UU18.html
H901UbU29,2021/22,UbU29,bet,bet,bet,UbU,"Tydligare krav på fristående förskolor, skolor och fritidshem med konfessionell inriktning",,2022-06-08,//data.riksdagen.se/dokument/H901UbU29.html
H901JuU34,2021/22,JuU34,bet,bet,bet,JuU,Registrering av kontantkort – förbättrad tillgång till uppgifter för brottsbekämpande myndigheter,,2022-06-09,//data.riksdagen.se/dokument/H901JuU34.html
H901JuU45,2021/22,JuU45,bet,bet,bet,JuU,Riksrevisionens rapport om Ekobrottsmyndighetens arbete mot den organiserade ekonomiska brottsligheten,,2022-06-09,//data.riksdagen.se/dokument/H901JuU45.html
H901KU21,2021/22,KU21,bet,bet,bet,KU,Behandlingen av riksdagens skrivelser,,2022-06-09,//data.riksdagen.se/dokument/H901KU21.html
H901KU39,2021/22,KU39,bet,bet,bet,KU,Ett modernt offentligt belöningssystem och de allmänna flaggdagarna,,2022-06-09,//data.riksdagen.se/dokument/H901KU39.html
H901KU42,2021/22,KU42,bet,bet,bet,KU,Indelning i utgiftsområden,,2022-06-09,//data.riksdagen.se/dokument/H901KU42.html
H901KU44,2021/22,KU44,bet,bet,bet,KU,Uppskov med behandlingen av vissa ärenden,,2022-06-09,//data.riksdagen.se/dokument/H901KU44.html
H901NU22,2021/22,NU22,bet,bet,bet,NU,Immaterialrätt,,2022-06-09,//data.riksdagen.se/dokument/H901NU22.html
H901NU26,2021/22,NU26,bet,bet,bet,NU,Anpassningar till EU:s marknadskontrollförordning – del 2,,2022-06-09,//data.riksdagen.se/dokument/H901NU26.html
H901SkU31,2021/22,SkU31,bet,bet,bet,SkU,Översyn av vissa bestämmelser om tullfrihet,,2022-06-09,//data.riksdagen.se/dokument/H901SkU31.html
H901UU20,2021/22,UU20,bet,bet,bet,UU,Nato och arbetet mot kärnvapen,,2022-06-09,//data.riksdagen.se/dokument/H901UU20.html
H901UbU19,2021/22,UbU19,bet,bet,bet,UbU,Högskolan,,2022-06-09,//data.riksdagen.se/dokument/H901UbU19.html
H901UbU25,2021/22,UbU25,bet,bet,bet,UbU,Dimensionering av gymnasial utbildning för bättre kompetensförsörjning,,2022-06-09,//data.riksdagen.se/dokument/H901UbU25.html
H901UbU26,2021/22,UbU26,bet,bet,bet,UbU,In- och utpasseringskontroller vid högskoleprovet,,2022-06-09,//data.riksdagen.se/dokument/H901UbU26.html
H901UbU33,2021/22,UbU33,bet,bet,bet,UbU,Ett mer likvärdigt skolval,,2022-06-09,//data.riksdagen.se/dokument/H901UbU33.html
H901UbU34,2021/22,UbU34,bet,bet,bet,UbU,Stiftelsen Riksbankens Jubileumsfonds verksamhet och årsredovisning 2021,,2022-06-09,//data.riksdagen.se/dokument/H901UbU34.html
H901FiU20,2021/22,FiU20,bet,bet,bet,FiU,Riktlinjer för den ekonomiska politiken,,2022-06-10,//data.riksdagen.se/dokument/H901FiU20.html
H901FiU24,2021/22,FiU24,bet,bet,bet,FiU,Utvärdering av penningpolitiken perioden 2019–2021 samt den senaste externa utvärderingen av penningpolitiken,,2022-06-10,//data.riksdagen.se/dokument/H901FiU24.html
H901FiU30,2021/22,FiU30,bet,bet,bet,FiU,Årsredovisning för staten 2021,,2022-06-10,//data.riksdagen.se/dokument/H901FiU30.html
H901JuU33,2021/22,JuU33,bet,bet,bet,JuU,Nya uppgifter om den tilltalades ålder i straffprocessen,,2022-06-10,//data.riksdagen.se/dokument/H901JuU33.html
H901JuU41,2021/22,JuU41,bet,bet,bet,JuU,Skärpt syn på våldtäkt och andra sexuella kränkningar,,2022-06-10,//data.riksdagen.se/dokument/H901JuU41.html
H901KU40,2021/22,KU40,bet,bet,bet,KU,"Kommittéberättelse – kommittéernas verksamhet under 2021, m.m.",,2022-06-10,//data.riksdagen.se/dokument/H901KU40.html
H901MJU26,2021/22,MJU26,bet,bet,bet,MJU,Ordning och reda på avfallet,,2022-06-10,//data.riksdagen.se/dokument/H901MJU26.html
H901UU8,2021/22,UU8,bet,bet,bet,UU,Riksrevisionens rapport om svenskt bistånd till multilaterala organisationer,,2022-06-10,//data.riksdagen.se/dokument/H901UU8.html
H901UU16,2021/22,UU16,bet,bet,bet,UU,Värdlandsavtal mellan Sverige och Förenta nationernas barnfond Unicef,,2022-06-10,//data.riksdagen.se/dokument/H901UU16.html
H901MJU28,2021/22,MJU28,bet,bet,bet,MJU,Tidigt kommunalt ställningstagande till vindkraft,,2022-06-13,//data.riksdagen.se/dokument/H901MJU28.html
H901SfU29,2021/22,SfU29,bet,bet,bet,SfU,Sjukersättning till äldre i förvärvsarbetande ålder,,2022-06-13,//data.riksdagen.se/dokument/H901SfU29.html
H901SfU30,2021/22,SfU30,bet,bet,bet,SfU,Borttagande av regler för tillgodoräknande av försäkringstid,,2022-06-13,//data.riksdagen.se/dokument/H901SfU30.html
H901SoU34,2021/22,SoU34,bet,bet,bet,SoU,Stärkt rätt till personlig assistans – grundläggande behov för personer som har en psykisk funktionsnedsättning och ökad rättssäkerhet för barn,,2022-06-13,//data.riksdagen.se/dokument/H901SoU34.html
H901SoU37,2021/22,SoU37,bet,bet,bet,SoU,Vård av unga vid Statens institutionsstyrelses särskilda ungdomshem,,2022-06-13,//data.riksdagen.se/dokument/H901SoU37.html
H901TU18,2021/22,TU18,bet,bet,bet,TU,Ytterligare åtgärder mot fordonsmålvakter,,2022-06-13,//data.riksdagen.se/dokument/H901TU18.html
H901AU14,2021/22,AU14,bet,bet,bet,AU,Genomförande av balansdirektivet,,2022-06-14,//data.riksdagen.se/dokument/H901AU14.html
H901AU15,2021/22,AU15,bet,bet,bet,AU,Förbättrade förutsättningar för den arbetsmarknadspolitiska verksamheten,,2022-06-14,//data.riksdagen.se/dokument/H901AU15.html
H901FiU21,2021/22,FiU21,bet,bet,bet,FiU,Vårändringsbudget för 2022 samt extra ändringsbudget om stöd till Ukraina,,2022-06-14,//data.riksdagen.se/dokument/H901FiU21.html
H901MJU30,2021/22,MJU30,bet,bet,bet,MJU,Tydligare bestämmelser om ersättning vid avslag på ansökningar om tillstånd till avverkning i fjällnära skog,,2022-06-14,//data.riksdagen.se/dokument/H901MJU30.html
H901SoU25,2021/22,SoU25,bet,bet,bet,SoU,"En samlad strategi för alkohol-, narkotika-, dopnings- och tobakspolitiken samt spel om pengar 2022–2025",,2022-06-14,//data.riksdagen.se/dokument/H901SoU25.html
H901SoU39,2021/22,SoU39,bet,bet,bet,SoU,Uppskov med behandling av vissa ärenden,,2022-06-14,//data.riksdagen.se/dokument/H901SoU39.html
H901TU19,2021/22,TU19,bet,bet,bet,TU,Trafiksäkerhet,,2022-06-14,//data.riksdagen.se/dokument/H901TU19.html
H901CU27,2021/22,CU27,bet,bet,bet,CU,Aktivitetskravet i plan- och bygglagen,,2022-06-15,//data.riksdagen.se/dokument/H901CU27.html
H901CU29,2021/22,CU29,bet,bet,bet,CU,Vägar till hållbara vattentjänster,,2022-06-15,//data.riksdagen.se/dokument/H901CU29.html
H901CU35,2021/22,CU35,bet,bet,bet,CU,Certifierade byggprojekteringsföretag – en mer förutsägbar byggprocess,,2022-06-15,//data.riksdagen.se/dokument/H901CU35.html
H901SoU35,2021/22,SoU35,bet,bet,bet,SoU,Stärkt rätt till personlig assistans vid behov av egenvård,,2022-06-15,//data.riksdagen.se/dokument/H901SoU35.html
H901TU20,2021/22,TU20,bet,bet,bet,TU,Klampning av fordon,,2022-06-15,//data.riksdagen.se/dokument/H901TU20.html
H901UbU27,2021/22,UbU27,bet,bet,bet,UbU,Elevhälsa och stärkt utbildning för elever med intellektuell funktionsnedsättning,,2022-06-15,//data.riksdagen.se/dokument/H901UbU27.html
H901CU28,2021/22,CU28,bet,bet,bet,CU,Nya regler om föräldraskap i internationella situationer,,2022-06-16,//data.riksdagen.se/dokument/H901CU28.html
H901CU30,2021/22,CU30,bet,bet,bet,CU,Snabbare och enklare verkställighet av myndighetsbeslut,,2022-06-16,//data.riksdagen.se/dokument/H901CU30.html
H901CU31,2021/22,CU31,bet,bet,bet,CU,Grundlagsskadestånd – ett rättighetsskydd för enskilda,,2022-06-16,//data.riksdagen.se/dokument/H901CU31.html
H901JuU46,2021/22,JuU46,bet,bet,bet,JuU,Stärkt sekretess i domstol för kontaktuppgifter till enskilda,,2022-06-16,//data.riksdagen.se/dokument/H901JuU46.html
H901JuU51,2021/22,JuU51,bet,bet,bet,JuU,En oberoende utredning av de s.k. påskupploppen,,2022-06-16,//data.riksdagen.se/dokument/H901JuU51.html
H901JuU52,2021/22,JuU52,bet,bet,bet,JuU,Rättelse i rättegångsbalken,,2022-06-16,//data.riksdagen.se/dokument/H901JuU52.html
H901NU29,2021/22,NU29,bet,bet,utl,NU,"Subsidiaritetsprövning av kommissionens förslag till direktiv om ändring av direktiven om förnybara energikällor, byggnaders energiprestanda och energieffektivitet",,2022-06-16,//data.riksdagen.se/dokument/H901NU29.html
H901SfU31,2021/22,SfU31,bet,bet,bet,SfU,Åtgärder för en jämnare fördelning av boende för vissa skyddsbehövande,,2022-06-16,//data.riksdagen.se/dokument/H901SfU31.html
H901SkU34,2021/22,SkU34,bet,bet,utl,SkU,Subsidiaritetsprövning av kommissionens förslag till direktiv om införandet av ett avdrag för eget kapital och en begränsning av avdrag för räntor i bolagssektorn,,2022-06-16,//data.riksdagen.se/dokument/H901SkU34.html
H901SoU31,2021/22,SoU31,bet,bet,bet,SoU,Hårdare regler för nya nikotinprodukter,,2022-06-16,//data.riksdagen.se/dokument/H901SoU31.html
H901SoU38,2021/22,SoU38,bet,bet,bet,SoU,Infektion med ett visst orthopoxvirus och ändring i smittskyddslagen,,2022-06-16,//data.riksdagen.se/dokument/H901SoU38.html
H901UU21,2021/22,UU21,bet,bet,bet,UU,Uppskov med behandlingen av vissa ärenden,,2022-06-16,//data.riksdagen.se/dokument/H901UU21.html
H901FiU48,2021/22,FiU48,bet,bet,bet,FiU,"Extra ändringsbudgetar för 2022 – Stöd till jordbruket och fiskerinäringen, kompensation för höga energipriser samt rekapitalisering av SAS AB",,2022-06-17,//data.riksdagen.se/dokument/H901FiU48.html
H901KU45,2021/22,KU45,bet,bet,utl,KU,Subsidiaritetsprövning av Europaparlamentets förslag till rådets förordning om allmänna direkta val av ledamöter av Europaparlamentet,,2022-06-17,//data.riksdagen.se/dokument/H901KU45.html
H901JuU42,2021/22,JuU42,bet,bet,bet,JuU,Ökad kontroll vid verkställighet av fängelsestraff med fotboja,,2022-06-20,//data.riksdagen.se/dokument/H901JuU42.html
H901MJU31,2021/22,MJU31,bet,bet,bet,MJU,Pausad höjning av reduktionsplikten för bensin och diesel 2023,,2022-06-20,//data.riksdagen.se/dokument/H901MJU31.html
H901FiU41,2021/22,FiU41,bet,bet,bet,FiU,Uppskov med behandlingen av vissa ärenden,,2022-06-21,//data.riksdagen.se/dokument/H901FiU41.html
H901FiU49,2021/22,FiU49,bet,bet,bet,FiU,Extra ändringsbudget för 2022 – Vårändringsbudget för 2022 och stöd till Ukraina,,2022-06-21,//data.riksdagen.se/dokument/H901FiU49.html
H901FiU50,2021/22,FiU50,bet,bet,bet,FiU,"Extra ändringsbudget för 2022 – Retroaktivt sänkt skatt på diesel inom jord-, skogs- och vattenbruk",,2022-06-21,//data.riksdagen.se/dokument/H901FiU50.html
H901MJU33,2021/22,MJU33,bet,bet,utl,MJU,Subsidiaritetsprövning av kommissionens förslag till förordning om hållbar användning av växtskyddsmedel,,2022-08-22,//data.riksdagen.se/dokument/H901MJU33.html
H901MJU32,2021/22,MJU32,bet,bet,utl,MJU,Subsidiaritetsprövning av kommissionens förslag till förordning om restaurering av natur,,2022-08-25,//data.riksdagen.se/dokument/H901MJU32.html
H901FiU51,2021/22,FiU51,bet,bet,bet,FiU,Ändringar i statens budget för 2022 – Statliga kreditgarantier för lån till elproducenter,,2022-09-05,//data.riksdagen.se/dokument/H901FiU51.html
