serie,roll,tid,kategori,innehall,varde
krita_volym,kredit,2019-07,"1.1 Fastighet - Kontor, lokaler m.m.","Utestående lånebelopp, mnkr",459304
krita_volym,kredit,2019-08,"1.1 Fastighet - Kontor, lokaler m.m.","Utestående lånebelopp, mnkr",466512
krita_volym,kredit,2019-09,"1.1 Fastighet - Kontor, lokaler m.m.","Utestående lånebelopp, mnkr",468623
krita_volym,kredit,2019-10,"1.1 Fastighet - Kontor, lokaler m.m.","Utestående lånebelopp, mnkr",471587
krita_volym,kredit,2019-11,"1.1 Fastighet - Kontor, lokaler m.m.","Utestående lånebelopp, mnkr",475110
krita_volym,kredit,2019-12,"1.1 Fastighet - Kontor, lokaler m.m.","Utestående lånebelopp, mnkr",476124
krita_volym,kredit,2020-01,"1.1 Fastighet - Kontor, lokaler m.m.","Utestående lånebelopp, mnkr",478128
krita_volym,kredit,2020-02,"1.1 Fastighet - Kontor, lokaler m.m.","Utestående lånebelopp, mnkr",479954
krita_volym,kredit,2020-03,"1.1 Fastighet - Kontor, lokaler m.m.","Utestående lånebelopp, mnkr",490126
krita_volym,kredit,2020-04,"1.1 Fastighet - Kontor, lokaler m.m.","Utestående lånebelopp, mnkr",503034
krita_volym,kredit,2020-05,"1.1 Fastighet - Kontor, lokaler m.m.","Utestående lånebelopp, mnkr",515650
krita_volym,kredit,2020-06,"1.1 Fastighet - Kontor, lokaler m.m.","Utestående lånebelopp, mnkr",510434
krita_volym,kredit,2020-07,"1.1 Fastighet - Kontor, lokaler m.m.","Utestående lånebelopp, mnkr",512052
krita_volym,kredit,2020-08,"1.1 Fastighet - Kontor, lokaler m.m.","Utestående lånebelopp, mnkr",516264
krita_volym,kredit,2020-09,"1.1 Fastighet - Kontor, lokaler m.m.","Utestående lånebelopp, mnkr",516135
krita_volym,kredit,2020-10,"1.1 Fastighet - Kontor, lokaler m.m.","Utestående lånebelopp, mnkr",519938
krita_volym,kredit,2020-11,"1.1 Fastighet - Kontor, lokaler m.m.","Utestående lånebelopp, mnkr",521827
krita_volym,kredit,2020-12,"1.1 Fastighet - Kontor, lokaler m.m.","Utestående lånebelopp, mnkr",518893
krita_volym,kredit,2021-01,"1.1 Fastighet - Kontor, lokaler m.m.","Utestående lånebelopp, mnkr",520475
krita_volym,kredit,2021-02,"1.1 Fastighet - Kontor, lokaler m.m.","Utestående lånebelopp, mnkr",521379
krita_volym,kredit,2021-03,"1.1 Fastighet - Kontor, lokaler m.m.","Utestående lånebelopp, mnkr",522593
krita_volym,kredit,2021-04,"1.1 Fastighet - Kontor, lokaler m.m.","Utestående lånebelopp, mnkr",528645
krita_volym,kredit,2021-05,"1.1 Fastighet - Kontor, lokaler m.m.","Utestående lånebelopp, mnkr",523019
krita_volym,kredit,2021-06,"1.1 Fastighet - Kontor, lokaler m.m.","Utestående lånebelopp, mnkr",521458
krita_volym,kredit,2021-07,"1.1 Fastighet - Kontor, lokaler m.m.","Utestående lånebelopp, mnkr",529259
krita_volym,kredit,2021-08,"1.1 Fastighet - Kontor, lokaler m.m.","Utestående lånebelopp, mnkr",537557
krita_volym,kredit,2021-09,"1.1 Fastighet - Kontor, lokaler m.m.","Utestående lånebelopp, mnkr",524874
krita_volym,kredit,2021-10,"1.1 Fastighet - Kontor, lokaler m.m.","Utestående lånebelopp, mnkr",519777
krita_volym,kredit,2021-11,"1.1 Fastighet - Kontor, lokaler m.m.","Utestående lånebelopp, mnkr",532553
krita_volym,kredit,2021-12,"1.1 Fastighet - Kontor, lokaler m.m.","Utestående lånebelopp, mnkr",537944
krita_volym,kredit,2022-01,"1.1 Fastighet - Kontor, lokaler m.m.","Utestående lånebelopp, mnkr",544719
krita_volym,kredit,2022-02,"1.1 Fastighet - Kontor, lokaler m.m.","Utestående lånebelopp, mnkr",554782
krita_volym,kredit,2022-03,"1.1 Fastighet - Kontor, lokaler m.m.","Utestående lånebelopp, mnkr",563946
krita_volym,kredit,2022-04,"1.1 Fastighet - Kontor, lokaler m.m.","Utestående lånebelopp, mnkr",571412
krita_volym,kredit,2022-05,"1.1 Fastighet - Kontor, lokaler m.m.","Utestående lånebelopp, mnkr",579061
krita_volym,kredit,2022-06,"1.1 Fastighet - Kontor, lokaler m.m.","Utestående lånebelopp, mnkr",586393
krita_volym,kredit,2022-07,"1.1 Fastighet - Kontor, lokaler m.m.","Utestående lånebelopp, mnkr",589929
krita_volym,kredit,2022-08,"1.1 Fastighet - Kontor, lokaler m.m.","Utestående lånebelopp, mnkr",595281
krita_volym,kredit,2022-09,"1.1 Fastighet - Kontor, lokaler m.m.","Utestående lånebelopp, mnkr",603023
krita_volym,kredit,2022-10,"1.1 Fastighet - Kontor, lokaler m.m.","Utestående lånebelopp, mnkr",608658
krita_volym,kredit,2022-11,"1.1 Fastighet - Kontor, lokaler m.m.","Utestående lånebelopp, mnkr",613681
krita_volym,kredit,2022-12,"1.1 Fastighet - Kontor, lokaler m.m.","Utestående lånebelopp, mnkr",615527
krita_volym,kredit,2023-01,"1.1 Fastighet - Kontor, lokaler m.m.","Utestående lånebelopp, mnkr",622392
krita_volym,kredit,2023-02,"1.1 Fastighet - Kontor, lokaler m.m.","Utestående lånebelopp, mnkr",625595
krita_volym,kredit,2023-03,"1.1 Fastighet - Kontor, lokaler m.m.","Utestående lånebelopp, mnkr",631687
krita_volym,kredit,2023-04,"1.1 Fastighet - Kontor, lokaler m.m.","Utestående lånebelopp, mnkr",631565
krita_volym,kredit,2023-05,"1.1 Fastighet - Kontor, lokaler m.m.","Utestående lånebelopp, mnkr",643148
krita_volym,kredit,2023-06,"1.1 Fastighet - Kontor, lokaler m.m.","Utestående lånebelopp, mnkr",629950
krita_volym,kredit,2023-07,"1.1 Fastighet - Kontor, lokaler m.m.","Utestående lånebelopp, mnkr",632362
krita_volym,kredit,2023-08,"1.1 Fastighet - Kontor, lokaler m.m.","Utestående lånebelopp, mnkr",636257
krita_volym,kredit,2023-09,"1.1 Fastighet - Kontor, lokaler m.m.","Utestående lånebelopp, mnkr",636457
krita_volym,kredit,2023-10,"1.1 Fastighet - Kontor, lokaler m.m.","Utestående lånebelopp, mnkr",633066
krita_volym,kredit,2023-11,"1.1 Fastighet - Kontor, lokaler m.m.","Utestående lånebelopp, mnkr",628918
krita_volym,kredit,2023-12,"1.1 Fastighet - Kontor, lokaler m.m.","Utestående lånebelopp, mnkr",621813
krita_volym,kredit,2024-01,"1.1 Fastighet - Kontor, lokaler m.m.","Utestående lånebelopp, mnkr",623251
krita_volym,kredit,2024-02,"1.1 Fastighet - Kontor, lokaler m.m.","Utestående lånebelopp, mnkr",618898
krita_volym,kredit,2024-03,"1.1 Fastighet - Kontor, lokaler m.m.","Utestående lånebelopp, mnkr",621940
krita_volym,kredit,2024-04,"1.1 Fastighet - Kontor, lokaler m.m.","Utestående lånebelopp, mnkr",623925
krita_volym,kredit,2024-05,"1.1 Fastighet - Kontor, lokaler m.m.","Utestående lånebelopp, mnkr",627655
krita_volym,kredit,2024-06,"1.1 Fastighet - Kontor, lokaler m.m.","Utestående lånebelopp, mnkr",624965
krita_volym,kredit,2024-07,"1.1 Fastighet - Kontor, lokaler m.m.","Utestående lånebelopp, mnkr",623178
krita_volym,kredit,2024-08,"1.1 Fastighet - Kontor, lokaler m.m.","Utestående lånebelopp, mnkr",621654
krita_volym,kredit,2024-09,"1.1 Fastighet - Kontor, lokaler m.m.","Utestående lånebelopp, mnkr",617770
krita_volym,kredit,2024-10,"1.1 Fastighet - Kontor, lokaler m.m.","Utestående lånebelopp, mnkr",622588
krita_volym,kredit,2024-11,"1.1 Fastighet - Kontor, lokaler m.m.","Utestående lånebelopp, mnkr",620161
krita_volym,kredit,2024-12,"1.1 Fastighet - Kontor, lokaler m.m.","Utestående lånebelopp, mnkr",623749
krita_volym,kredit,2025-01,"1.1 Fastighet - Kontor, lokaler m.m.","Utestående lånebelopp, mnkr",627260
krita_volym,kredit,2025-02,"1.1 Fastighet - Kontor, lokaler m.m.","Utestående lånebelopp, mnkr",631513
krita_volym,kredit,2025-03,"1.1 Fastighet - Kontor, lokaler m.m.","Utestående lånebelopp, mnkr",636960
krita_volym,kredit,2025-04,"1.1 Fastighet - Kontor, lokaler m.m.","Utestående lånebelopp, mnkr",642092
krita_volym,kredit,2025-05,"1.1 Fastighet - Kontor, lokaler m.m.","Utestående lånebelopp, mnkr",651656
krita_volym,kredit,2025-06,"1.1 Fastighet - Kontor, lokaler m.m.","Utestående lånebelopp, mnkr",652490
krita_volym,kredit,2025-07,"1.1 Fastighet - Kontor, lokaler m.m.","Utestående lånebelopp, mnkr",653590
krita_volym,kredit,2025-08,"1.1 Fastighet - Kontor, lokaler m.m.","Utestående lånebelopp, mnkr",657431
krita_volym,kredit,2025-09,"1.1 Fastighet - Kontor, lokaler m.m.","Utestående lånebelopp, mnkr",651124
krita_volym,kredit,2025-10,"1.1 Fastighet - Kontor, lokaler m.m.","Utestående lånebelopp, mnkr",653080
krita_volym,kredit,2025-11,"1.1 Fastighet - Kontor, lokaler m.m.","Utestående lånebelopp, mnkr",648973
krita_volym,kredit,2025-12,"1.1 Fastighet - Kontor, lokaler m.m.","Utestående lånebelopp, mnkr",649994
krita_volym,kredit,2026-01,"1.1 Fastighet - Kontor, lokaler m.m.","Utestående lånebelopp, mnkr",649551
krita_volym,kredit,2026-02,"1.1 Fastighet - Kontor, lokaler m.m.","Utestående lånebelopp, mnkr",651891
krita_volym,kredit,2026-03,"1.1 Fastighet - Kontor, lokaler m.m.","Utestående lånebelopp, mnkr",654550
krita_volym,kredit,2026-04,"1.1 Fastighet - Kontor, lokaler m.m.","Utestående lånebelopp, mnkr",663838
krita_volym,kredit,2026-05,"1.1 Fastighet - Kontor, lokaler m.m.","Utestående lånebelopp, mnkr",666614
krita_volym,kredit,2026-06,"1.1 Fastighet - Kontor, lokaler m.m.","Utestående lånebelopp, mnkr",672207
krita_volym,kredit,2026-07,"1.1 Fastighet - Kontor, lokaler m.m.","Utestående lånebelopp, mnkr",673408
krita_volym,kredit,2019-07,1.2 Fastighet - Bostäder,"Utestående lånebelopp, mnkr",500599
krita_volym,kredit,2019-08,1.2 Fastighet - Bostäder,"Utestående lånebelopp, mnkr",502248
krita_volym,kredit,2019-09,1.2 Fastighet - Bostäder,"Utestående lånebelopp, mnkr",504761
krita_volym,kredit,2019-10,1.2 Fastighet - Bostäder,"Utestående lånebelopp, mnkr",512295
krita_volym,kredit,2019-11,1.2 Fastighet - Bostäder,"Utestående lånebelopp, mnkr",520694
krita_volym,kredit,2019-12,1.2 Fastighet - Bostäder,"Utestående lånebelopp, mnkr",523964
krita_volym,kredit,2020-01,1.2 Fastighet - Bostäder,"Utestående lånebelopp, mnkr",526871
krita_volym,kredit,2020-02,1.2 Fastighet - Bostäder,"Utestående lånebelopp, mnkr",525161
krita_volym,kredit,2020-03,1.2 Fastighet - Bostäder,"Utestående lånebelopp, mnkr",536438
krita_volym,kredit,2020-04,1.2 Fastighet - Bostäder,"Utestående lånebelopp, mnkr",550689
krita_volym,kredit,2020-05,1.2 Fastighet - Bostäder,"Utestående lånebelopp, mnkr",555577
krita_volym,kredit,2020-06,1.2 Fastighet - Bostäder,"Utestående lånebelopp, mnkr",553241
krita_volym,kredit,2020-07,1.2 Fastighet - Bostäder,"Utestående lånebelopp, mnkr",553820
krita_volym,kredit,2020-08,1.2 Fastighet - Bostäder,"Utestående lånebelopp, mnkr",555034
krita_volym,kredit,2020-09,1.2 Fastighet - Bostäder,"Utestående lånebelopp, mnkr",547911
krita_volym,kredit,2020-10,1.2 Fastighet - Bostäder,"Utestående lånebelopp, mnkr",542650
krita_volym,kredit,2020-11,1.2 Fastighet - Bostäder,"Utestående lånebelopp, mnkr",546916
krita_volym,kredit,2020-12,1.2 Fastighet - Bostäder,"Utestående lånebelopp, mnkr",544393
krita_volym,kredit,2021-01,1.2 Fastighet - Bostäder,"Utestående lånebelopp, mnkr",547218
krita_volym,kredit,2021-02,1.2 Fastighet - Bostäder,"Utestående lånebelopp, mnkr",549805
krita_volym,kredit,2021-03,1.2 Fastighet - Bostäder,"Utestående lånebelopp, mnkr",555484
krita_volym,kredit,2021-04,1.2 Fastighet - Bostäder,"Utestående lånebelopp, mnkr",559654
krita_volym,kredit,2021-05,1.2 Fastighet - Bostäder,"Utestående lånebelopp, mnkr",565682
krita_volym,kredit,2021-06,1.2 Fastighet - Bostäder,"Utestående lånebelopp, mnkr",567864
krita_volym,kredit,2021-07,1.2 Fastighet - Bostäder,"Utestående lånebelopp, mnkr",569345
krita_volym,kredit,2021-08,1.2 Fastighet - Bostäder,"Utestående lånebelopp, mnkr",577205
krita_volym,kredit,2021-09,1.2 Fastighet - Bostäder,"Utestående lånebelopp, mnkr",573375
krita_volym,kredit,2021-10,1.2 Fastighet - Bostäder,"Utestående lånebelopp, mnkr",582603
krita_volym,kredit,2021-11,1.2 Fastighet - Bostäder,"Utestående lånebelopp, mnkr",586998
krita_volym,kredit,2021-12,1.2 Fastighet - Bostäder,"Utestående lånebelopp, mnkr",589177
krita_volym,kredit,2022-01,1.2 Fastighet - Bostäder,"Utestående lånebelopp, mnkr",587862
krita_volym,kredit,2022-02,1.2 Fastighet - Bostäder,"Utestående lånebelopp, mnkr",592513
krita_volym,kredit,2022-03,1.2 Fastighet - Bostäder,"Utestående lånebelopp, mnkr",599400
krita_volym,kredit,2022-04,1.2 Fastighet - Bostäder,"Utestående lånebelopp, mnkr",606270
krita_volym,kredit,2022-05,1.2 Fastighet - Bostäder,"Utestående lånebelopp, mnkr",612734
krita_volym,kredit,2022-06,1.2 Fastighet - Bostäder,"Utestående lånebelopp, mnkr",616480
krita_volym,kredit,2022-07,1.2 Fastighet - Bostäder,"Utestående lånebelopp, mnkr",621585
krita_volym,kredit,2022-08,1.2 Fastighet - Bostäder,"Utestående lånebelopp, mnkr",626930
krita_volym,kredit,2022-09,1.2 Fastighet - Bostäder,"Utestående lånebelopp, mnkr",633696
krita_volym,kredit,2022-10,1.2 Fastighet - Bostäder,"Utestående lånebelopp, mnkr",638906
krita_volym,kredit,2022-11,1.2 Fastighet - Bostäder,"Utestående lånebelopp, mnkr",652432
krita_volym,kredit,2022-12,1.2 Fastighet - Bostäder,"Utestående lånebelopp, mnkr",657394
krita_volym,kredit,2023-01,1.2 Fastighet - Bostäder,"Utestående lånebelopp, mnkr",659890
krita_volym,kredit,2023-02,1.2 Fastighet - Bostäder,"Utestående lånebelopp, mnkr",660280
krita_volym,kredit,2023-03,1.2 Fastighet - Bostäder,"Utestående lånebelopp, mnkr",662068
krita_volym,kredit,2023-04,1.2 Fastighet - Bostäder,"Utestående lånebelopp, mnkr",663365
krita_volym,kredit,2023-05,1.2 Fastighet - Bostäder,"Utestående lånebelopp, mnkr",662441
krita_volym,kredit,2023-06,1.2 Fastighet - Bostäder,"Utestående lånebelopp, mnkr",663903
krita_volym,kredit,2023-07,1.2 Fastighet - Bostäder,"Utestående lånebelopp, mnkr",666631
krita_volym,kredit,2023-08,1.2 Fastighet - Bostäder,"Utestående lånebelopp, mnkr",667565
krita_volym,kredit,2023-09,1.2 Fastighet - Bostäder,"Utestående lånebelopp, mnkr",677161
krita_volym,kredit,2023-10,1.2 Fastighet - Bostäder,"Utestående lånebelopp, mnkr",676294
krita_volym,kredit,2023-11,1.2 Fastighet - Bostäder,"Utestående lånebelopp, mnkr",680840
krita_volym,kredit,2023-12,1.2 Fastighet - Bostäder,"Utestående lånebelopp, mnkr",680287
krita_volym,kredit,2024-01,1.2 Fastighet - Bostäder,"Utestående lånebelopp, mnkr",684377
krita_volym,kredit,2024-02,1.2 Fastighet - Bostäder,"Utestående lånebelopp, mnkr",686393
krita_volym,kredit,2024-03,1.2 Fastighet - Bostäder,"Utestående lånebelopp, mnkr",688495
krita_volym,kredit,2024-04,1.2 Fastighet - Bostäder,"Utestående lånebelopp, mnkr",691777
krita_volym,kredit,2024-05,1.2 Fastighet - Bostäder,"Utestående lånebelopp, mnkr",691606
krita_volym,kredit,2024-06,1.2 Fastighet - Bostäder,"Utestående lånebelopp, mnkr",690940
krita_volym,kredit,2024-07,1.2 Fastighet - Bostäder,"Utestående lånebelopp, mnkr",691615
krita_volym,kredit,2024-08,1.2 Fastighet - Bostäder,"Utestående lånebelopp, mnkr",692438
krita_volym,kredit,2024-09,1.2 Fastighet - Bostäder,"Utestående lånebelopp, mnkr",699153
krita_volym,kredit,2024-10,1.2 Fastighet - Bostäder,"Utestående lånebelopp, mnkr",698934
krita_volym,kredit,2024-11,1.2 Fastighet - Bostäder,"Utestående lånebelopp, mnkr",700990
krita_volym,kredit,2024-12,1.2 Fastighet - Bostäder,"Utestående lånebelopp, mnkr",700185
krita_volym,kredit,2025-01,1.2 Fastighet - Bostäder,"Utestående lånebelopp, mnkr",698787
krita_volym,kredit,2025-02,1.2 Fastighet - Bostäder,"Utestående lånebelopp, mnkr",700251
krita_volym,kredit,2025-03,1.2 Fastighet - Bostäder,"Utestående lånebelopp, mnkr",696382
krita_volym,kredit,2025-04,1.2 Fastighet - Bostäder,"Utestående lånebelopp, mnkr",697697
krita_volym,kredit,2025-05,1.2 Fastighet - Bostäder,"Utestående lånebelopp, mnkr",696575
krita_volym,kredit,2025-06,1.2 Fastighet - Bostäder,"Utestående lånebelopp, mnkr",693523
krita_volym,kredit,2025-07,1.2 Fastighet - Bostäder,"Utestående lånebelopp, mnkr",701051
krita_volym,kredit,2025-08,1.2 Fastighet - Bostäder,"Utestående lånebelopp, mnkr",696966
krita_volym,kredit,2025-09,1.2 Fastighet - Bostäder,"Utestående lånebelopp, mnkr",697622
krita_volym,kredit,2025-10,1.2 Fastighet - Bostäder,"Utestående lånebelopp, mnkr",696583
krita_volym,kredit,2025-11,1.2 Fastighet - Bostäder,"Utestående lånebelopp, mnkr",703224
krita_volym,kredit,2025-12,1.2 Fastighet - Bostäder,"Utestående lånebelopp, mnkr",704177
krita_volym,kredit,2026-01,1.2 Fastighet - Bostäder,"Utestående lånebelopp, mnkr",712078
krita_volym,kredit,2026-02,1.2 Fastighet - Bostäder,"Utestående lånebelopp, mnkr",711539
krita_volym,kredit,2026-03,1.2 Fastighet - Bostäder,"Utestående lånebelopp, mnkr",710582
krita_volym,kredit,2026-04,1.2 Fastighet - Bostäder,"Utestående lånebelopp, mnkr",712892
krita_volym,kredit,2026-05,1.2 Fastighet - Bostäder,"Utestående lånebelopp, mnkr",721917
krita_volym,kredit,2026-06,1.2 Fastighet - Bostäder,"Utestående lånebelopp, mnkr",720249
krita_volym,kredit,2026-07,1.2 Fastighet - Bostäder,"Utestående lånebelopp, mnkr",719827
krita_volym,kredit,2019-07,1.3 Bostadsrättsföreningar,"Utestående lånebelopp, mnkr",498234
krita_volym,kredit,2019-08,1.3 Bostadsrättsföreningar,"Utestående lånebelopp, mnkr",498168
krita_volym,kredit,2019-09,1.3 Bostadsrättsföreningar,"Utestående lånebelopp, mnkr",498003
krita_volym,kredit,2019-10,1.3 Bostadsrättsföreningar,"Utestående lånebelopp, mnkr",496772
krita_volym,kredit,2019-11,1.3 Bostadsrättsföreningar,"Utestående lånebelopp, mnkr",498783
krita_volym,kredit,2019-12,1.3 Bostadsrättsföreningar,"Utestående lånebelopp, mnkr",499493
krita_volym,kredit,2020-01,1.3 Bostadsrättsföreningar,"Utestående lånebelopp, mnkr",498988
krita_volym,kredit,2020-02,1.3 Bostadsrättsföreningar,"Utestående lånebelopp, mnkr",499657
krita_volym,kredit,2020-03,1.3 Bostadsrättsföreningar,"Utestående lånebelopp, mnkr",500834
krita_volym,kredit,2020-04,1.3 Bostadsrättsföreningar,"Utestående lånebelopp, mnkr",502230
krita_volym,kredit,2020-05,1.3 Bostadsrättsföreningar,"Utestående lånebelopp, mnkr",502359
krita_volym,kredit,2020-06,1.3 Bostadsrättsföreningar,"Utestående lånebelopp, mnkr",504440
krita_volym,kredit,2020-07,1.3 Bostadsrättsföreningar,"Utestående lånebelopp, mnkr",505569
krita_volym,kredit,2020-08,1.3 Bostadsrättsföreningar,"Utestående lånebelopp, mnkr",506315
krita_volym,kredit,2020-09,1.3 Bostadsrättsföreningar,"Utestående lånebelopp, mnkr",507931
krita_volym,kredit,2020-10,1.3 Bostadsrättsföreningar,"Utestående lånebelopp, mnkr",507152
krita_volym,kredit,2020-11,1.3 Bostadsrättsföreningar,"Utestående lånebelopp, mnkr",507821
krita_volym,kredit,2020-12,1.3 Bostadsrättsföreningar,"Utestående lånebelopp, mnkr",508244
krita_volym,kredit,2021-01,1.3 Bostadsrättsföreningar,"Utestående lånebelopp, mnkr",507868
krita_volym,kredit,2021-02,1.3 Bostadsrättsföreningar,"Utestående lånebelopp, mnkr",509293
krita_volym,kredit,2021-03,1.3 Bostadsrättsföreningar,"Utestående lånebelopp, mnkr",511380
krita_volym,kredit,2021-04,1.3 Bostadsrättsföreningar,"Utestående lånebelopp, mnkr",512644
krita_volym,kredit,2021-05,1.3 Bostadsrättsföreningar,"Utestående lånebelopp, mnkr",514988
krita_volym,kredit,2021-06,1.3 Bostadsrättsföreningar,"Utestående lånebelopp, mnkr",517716
krita_volym,kredit,2021-07,1.3 Bostadsrättsföreningar,"Utestående lånebelopp, mnkr",519904
krita_volym,kredit,2021-08,1.3 Bostadsrättsföreningar,"Utestående lånebelopp, mnkr",521638
krita_volym,kredit,2021-09,1.3 Bostadsrättsföreningar,"Utestående lånebelopp, mnkr",525423
krita_volym,kredit,2021-10,1.3 Bostadsrättsföreningar,"Utestående lånebelopp, mnkr",527325
krita_volym,kredit,2021-11,1.3 Bostadsrättsföreningar,"Utestående lånebelopp, mnkr",529934
krita_volym,kredit,2021-12,1.3 Bostadsrättsföreningar,"Utestående lånebelopp, mnkr",532427
krita_volym,kredit,2022-01,1.3 Bostadsrättsföreningar,"Utestående lånebelopp, mnkr",533285
krita_volym,kredit,2022-02,1.3 Bostadsrättsföreningar,"Utestående lånebelopp, mnkr",535904
krita_volym,kredit,2022-03,1.3 Bostadsrättsföreningar,"Utestående lånebelopp, mnkr",539838
krita_volym,kredit,2022-04,1.3 Bostadsrättsföreningar,"Utestående lånebelopp, mnkr",542097
krita_volym,kredit,2022-05,1.3 Bostadsrättsföreningar,"Utestående lånebelopp, mnkr",545409
krita_volym,kredit,2022-06,1.3 Bostadsrättsföreningar,"Utestående lånebelopp, mnkr",548244
krita_volym,kredit,2022-07,1.3 Bostadsrättsföreningar,"Utestående lånebelopp, mnkr",549466
krita_volym,kredit,2022-08,1.3 Bostadsrättsföreningar,"Utestående lånebelopp, mnkr",552854
krita_volym,kredit,2022-09,1.3 Bostadsrättsföreningar,"Utestående lånebelopp, mnkr",557053
krita_volym,kredit,2022-10,1.3 Bostadsrättsföreningar,"Utestående lånebelopp, mnkr",557449
krita_volym,kredit,2022-11,1.3 Bostadsrättsföreningar,"Utestående lånebelopp, mnkr",559397
krita_volym,kredit,2022-12,1.3 Bostadsrättsföreningar,"Utestående lånebelopp, mnkr",560249
krita_volym,kredit,2023-01,1.3 Bostadsrättsföreningar,"Utestående lånebelopp, mnkr",560121
krita_volym,kredit,2023-02,1.3 Bostadsrättsföreningar,"Utestående lånebelopp, mnkr",561088
krita_volym,kredit,2023-03,1.3 Bostadsrättsföreningar,"Utestående lånebelopp, mnkr",561614
krita_volym,kredit,2023-04,1.3 Bostadsrättsföreningar,"Utestående lånebelopp, mnkr",562431
krita_volym,kredit,2023-05,1.3 Bostadsrättsföreningar,"Utestående lånebelopp, mnkr",563581
krita_volym,kredit,2023-06,1.3 Bostadsrättsföreningar,"Utestående lånebelopp, mnkr",564566
krita_volym,kredit,2023-07,1.3 Bostadsrättsföreningar,"Utestående lånebelopp, mnkr",565081
krita_volym,kredit,2023-08,1.3 Bostadsrättsföreningar,"Utestående lånebelopp, mnkr",565405
krita_volym,kredit,2023-09,1.3 Bostadsrättsföreningar,"Utestående lånebelopp, mnkr",569744
krita_volym,kredit,2023-10,1.3 Bostadsrättsföreningar,"Utestående lånebelopp, mnkr",567090
krita_volym,kredit,2023-11,1.3 Bostadsrättsföreningar,"Utestående lånebelopp, mnkr",564120
krita_volym,kredit,2023-12,1.3 Bostadsrättsföreningar,"Utestående lånebelopp, mnkr",563269
krita_volym,kredit,2024-01,1.3 Bostadsrättsföreningar,"Utestående lånebelopp, mnkr",562763
krita_volym,kredit,2024-02,1.3 Bostadsrättsföreningar,"Utestående lånebelopp, mnkr",561782
krita_volym,kredit,2024-03,1.3 Bostadsrättsföreningar,"Utestående lånebelopp, mnkr",561224
krita_volym,kredit,2024-04,1.3 Bostadsrättsföreningar,"Utestående lånebelopp, mnkr",559585
krita_volym,kredit,2024-05,1.3 Bostadsrättsföreningar,"Utestående lånebelopp, mnkr",559248
krita_volym,kredit,2024-06,1.3 Bostadsrättsföreningar,"Utestående lånebelopp, mnkr",558740
krita_volym,kredit,2024-07,1.3 Bostadsrättsföreningar,"Utestående lånebelopp, mnkr",558072
krita_volym,kredit,2024-08,1.3 Bostadsrättsföreningar,"Utestående lånebelopp, mnkr",557459
krita_volym,kredit,2024-09,1.3 Bostadsrättsföreningar,"Utestående lånebelopp, mnkr",558447
krita_volym,kredit,2024-10,1.3 Bostadsrättsföreningar,"Utestående lånebelopp, mnkr",557630
krita_volym,kredit,2024-11,1.3 Bostadsrättsföreningar,"Utestående lånebelopp, mnkr",557686
krita_volym,kredit,2024-12,1.3 Bostadsrättsföreningar,"Utestående lånebelopp, mnkr",557341
krita_volym,kredit,2025-01,1.3 Bostadsrättsföreningar,"Utestående lånebelopp, mnkr",557454
krita_volym,kredit,2025-02,1.3 Bostadsrättsföreningar,"Utestående lånebelopp, mnkr",558453
krita_volym,kredit,2025-03,1.3 Bostadsrättsföreningar,"Utestående lånebelopp, mnkr",558361
krita_volym,kredit,2025-04,1.3 Bostadsrättsföreningar,"Utestående lånebelopp, mnkr",557888
krita_volym,kredit,2025-05,1.3 Bostadsrättsföreningar,"Utestående lånebelopp, mnkr",558536
krita_volym,kredit,2025-06,1.3 Bostadsrättsföreningar,"Utestående lånebelopp, mnkr",558657
krita_volym,kredit,2025-07,1.3 Bostadsrättsföreningar,"Utestående lånebelopp, mnkr",558491
krita_volym,kredit,2025-08,1.3 Bostadsrättsföreningar,"Utestående lånebelopp, mnkr",558857
krita_volym,kredit,2025-09,1.3 Bostadsrättsföreningar,"Utestående lånebelopp, mnkr",559256
krita_volym,kredit,2025-10,1.3 Bostadsrättsföreningar,"Utestående lånebelopp, mnkr",559537
krita_volym,kredit,2025-11,1.3 Bostadsrättsföreningar,"Utestående lånebelopp, mnkr",561579
krita_volym,kredit,2025-12,1.3 Bostadsrättsföreningar,"Utestående lånebelopp, mnkr",561927
krita_volym,kredit,2026-01,1.3 Bostadsrättsföreningar,"Utestående lånebelopp, mnkr",562108
krita_volym,kredit,2026-02,1.3 Bostadsrättsföreningar,"Utestående lånebelopp, mnkr",564356
krita_volym,kredit,2026-03,1.3 Bostadsrättsföreningar,"Utestående lånebelopp, mnkr",564817
krita_volym,kredit,2026-04,1.3 Bostadsrättsföreningar,"Utestående lånebelopp, mnkr",565928
krita_volym,kredit,2026-05,1.3 Bostadsrättsföreningar,"Utestående lånebelopp, mnkr",567530
krita_volym,kredit,2026-06,1.3 Bostadsrättsföreningar,"Utestående lånebelopp, mnkr",569189
krita_volym,kredit,2026-07,1.3 Bostadsrättsföreningar,"Utestående lånebelopp, mnkr",570121
krita_volym,kredit,2019-07,1.7 Bygg,"Utestående lånebelopp, mnkr",59885
krita_volym,kredit,2019-08,1.7 Bygg,"Utestående lånebelopp, mnkr",59402
krita_volym,kredit,2019-09,1.7 Bygg,"Utestående lånebelopp, mnkr",59880
krita_volym,kredit,2019-10,1.7 Bygg,"Utestående lånebelopp, mnkr",59880
krita_volym,kredit,2019-11,1.7 Bygg,"Utestående lånebelopp, mnkr",61283
krita_volym,kredit,2019-12,1.7 Bygg,"Utestående lånebelopp, mnkr",56077
krita_volym,kredit,2020-01,1.7 Bygg,"Utestående lånebelopp, mnkr",56678
krita_volym,kredit,2020-02,1.7 Bygg,"Utestående lånebelopp, mnkr",58274
krita_volym,kredit,2020-03,1.7 Bygg,"Utestående lånebelopp, mnkr",59173
krita_volym,kredit,2020-04,1.7 Bygg,"Utestående lånebelopp, mnkr",63102
krita_volym,kredit,2020-05,1.7 Bygg,"Utestående lånebelopp, mnkr",62727
krita_volym,kredit,2020-06,1.7 Bygg,"Utestående lånebelopp, mnkr",63277
krita_volym,kredit,2020-07,1.7 Bygg,"Utestående lånebelopp, mnkr",62479
krita_volym,kredit,2020-08,1.7 Bygg,"Utestående lånebelopp, mnkr",62030
krita_volym,kredit,2020-09,1.7 Bygg,"Utestående lånebelopp, mnkr",63035
krita_volym,kredit,2020-10,1.7 Bygg,"Utestående lånebelopp, mnkr",61950
krita_volym,kredit,2020-11,1.7 Bygg,"Utestående lånebelopp, mnkr",62396
krita_volym,kredit,2020-12,1.7 Bygg,"Utestående lånebelopp, mnkr",61079
krita_volym,kredit,2021-01,1.7 Bygg,"Utestående lånebelopp, mnkr",60768
krita_volym,kredit,2021-02,1.7 Bygg,"Utestående lånebelopp, mnkr",60549
krita_volym,kredit,2021-03,1.7 Bygg,"Utestående lånebelopp, mnkr",62219
krita_volym,kredit,2021-04,1.7 Bygg,"Utestående lånebelopp, mnkr",62321
krita_volym,kredit,2021-05,1.7 Bygg,"Utestående lånebelopp, mnkr",62877
krita_volym,kredit,2021-06,1.7 Bygg,"Utestående lånebelopp, mnkr",63112
krita_volym,kredit,2021-07,1.7 Bygg,"Utestående lånebelopp, mnkr",64566
krita_volym,kredit,2021-08,1.7 Bygg,"Utestående lånebelopp, mnkr",63269
krita_volym,kredit,2021-09,1.7 Bygg,"Utestående lånebelopp, mnkr",63989
krita_volym,kredit,2021-10,1.7 Bygg,"Utestående lånebelopp, mnkr",62571
krita_volym,kredit,2021-11,1.7 Bygg,"Utestående lånebelopp, mnkr",63937
krita_volym,kredit,2021-12,1.7 Bygg,"Utestående lånebelopp, mnkr",64850
krita_volym,kredit,2022-01,1.7 Bygg,"Utestående lånebelopp, mnkr",64867
krita_volym,kredit,2022-02,1.7 Bygg,"Utestående lånebelopp, mnkr",65605
krita_volym,kredit,2022-03,1.7 Bygg,"Utestående lånebelopp, mnkr",66972
krita_volym,kredit,2022-04,1.7 Bygg,"Utestående lånebelopp, mnkr",68242
krita_volym,kredit,2022-05,1.7 Bygg,"Utestående lånebelopp, mnkr",72129
krita_volym,kredit,2022-06,1.7 Bygg,"Utestående lånebelopp, mnkr",74627
krita_volym,kredit,2022-07,1.7 Bygg,"Utestående lånebelopp, mnkr",74574
krita_volym,kredit,2022-08,1.7 Bygg,"Utestående lånebelopp, mnkr",75729
krita_volym,kredit,2022-09,1.7 Bygg,"Utestående lånebelopp, mnkr",75510
krita_volym,kredit,2022-10,1.7 Bygg,"Utestående lånebelopp, mnkr",78053
krita_volym,kredit,2022-11,1.7 Bygg,"Utestående lånebelopp, mnkr",78010
krita_volym,kredit,2022-12,1.7 Bygg,"Utestående lånebelopp, mnkr",75388
krita_volym,kredit,2023-01,1.7 Bygg,"Utestående lånebelopp, mnkr",75718
krita_volym,kredit,2023-02,1.7 Bygg,"Utestående lånebelopp, mnkr",76840
krita_volym,kredit,2023-03,1.7 Bygg,"Utestående lånebelopp, mnkr",78643
krita_volym,kredit,2023-04,1.7 Bygg,"Utestående lånebelopp, mnkr",80248
krita_volym,kredit,2023-05,1.7 Bygg,"Utestående lånebelopp, mnkr",85130
krita_volym,kredit,2023-06,1.7 Bygg,"Utestående lånebelopp, mnkr",86673
krita_volym,kredit,2023-07,1.7 Bygg,"Utestående lånebelopp, mnkr",88554
krita_volym,kredit,2023-08,1.7 Bygg,"Utestående lånebelopp, mnkr",89256
krita_volym,kredit,2023-09,1.7 Bygg,"Utestående lånebelopp, mnkr",87945
krita_volym,kredit,2023-10,1.7 Bygg,"Utestående lånebelopp, mnkr",88081
krita_volym,kredit,2023-11,1.7 Bygg,"Utestående lånebelopp, mnkr",85579
krita_volym,kredit,2023-12,1.7 Bygg,"Utestående lånebelopp, mnkr",83436
krita_volym,kredit,2024-01,1.7 Bygg,"Utestående lånebelopp, mnkr",83870
krita_volym,kredit,2024-02,1.7 Bygg,"Utestående lånebelopp, mnkr",81579
krita_volym,kredit,2024-03,1.7 Bygg,"Utestående lånebelopp, mnkr",82462
krita_volym,kredit,2024-04,1.7 Bygg,"Utestående lånebelopp, mnkr",84651
krita_volym,kredit,2024-05,1.7 Bygg,"Utestående lånebelopp, mnkr",87761
krita_volym,kredit,2024-06,1.7 Bygg,"Utestående lånebelopp, mnkr",88321
krita_volym,kredit,2024-07,1.7 Bygg,"Utestående lånebelopp, mnkr",88369
krita_volym,kredit,2024-08,1.7 Bygg,"Utestående lånebelopp, mnkr",87077
krita_volym,kredit,2024-09,1.7 Bygg,"Utestående lånebelopp, mnkr",86060
krita_volym,kredit,2024-10,1.7 Bygg,"Utestående lånebelopp, mnkr",85377
krita_volym,kredit,2024-11,1.7 Bygg,"Utestående lånebelopp, mnkr",83895
krita_volym,kredit,2024-12,1.7 Bygg,"Utestående lånebelopp, mnkr",85140
krita_volym,kredit,2025-01,1.7 Bygg,"Utestående lånebelopp, mnkr",87575
krita_volym,kredit,2025-02,1.7 Bygg,"Utestående lånebelopp, mnkr",91541
krita_volym,kredit,2025-03,1.7 Bygg,"Utestående lånebelopp, mnkr",92563
krita_volym,kredit,2025-04,1.7 Bygg,"Utestående lånebelopp, mnkr",95923
krita_volym,kredit,2025-05,1.7 Bygg,"Utestående lånebelopp, mnkr",96617
krita_volym,kredit,2025-06,1.7 Bygg,"Utestående lånebelopp, mnkr",90662
krita_volym,kredit,2025-07,1.7 Bygg,"Utestående lånebelopp, mnkr",93162
krita_volym,kredit,2025-08,1.7 Bygg,"Utestående lånebelopp, mnkr",95149
krita_volym,kredit,2025-09,1.7 Bygg,"Utestående lånebelopp, mnkr",96074
krita_volym,kredit,2025-10,1.7 Bygg,"Utestående lånebelopp, mnkr",96192
krita_volym,kredit,2025-11,1.7 Bygg,"Utestående lånebelopp, mnkr",94812
krita_volym,kredit,2025-12,1.7 Bygg,"Utestående lånebelopp, mnkr",94019
krita_volym,kredit,2026-01,1.7 Bygg,"Utestående lånebelopp, mnkr",94597
krita_volym,kredit,2026-02,1.7 Bygg,"Utestående lånebelopp, mnkr",95420
krita_volym,kredit,2026-03,1.7 Bygg,"Utestående lånebelopp, mnkr",101006
krita_volym,kredit,2026-04,1.7 Bygg,"Utestående lånebelopp, mnkr",101573
krita_volym,kredit,2026-05,1.7 Bygg,"Utestående lånebelopp, mnkr",102604
krita_volym,kredit,2026-06,1.7 Bygg,"Utestående lånebelopp, mnkr",103717
krita_volym,kredit,2026-07,1.7 Bygg,"Utestående lånebelopp, mnkr",100086
