"region","kön","näringsgren SNI 2007","födelseregion","sysselsatta efter arbetsställets belägenhet 2020M01","sysselsatta efter arbetsställets belägenhet 2020M02","sysselsatta efter arbetsställets belägenhet 2020M03","sysselsatta efter arbetsställets belägenhet 2020M04","sysselsatta efter arbetsställets belägenhet 2020M05","sysselsatta efter arbetsställets belägenhet 2020M06","sysselsatta efter arbetsställets belägenhet 2020M07","sysselsatta efter arbetsställets belägenhet 2020M08","sysselsatta efter arbetsställets belägenhet 2020M09","sysselsatta efter arbetsställets belägenhet 2020M10","sysselsatta efter arbetsställets belägenhet 2020M11","sysselsatta efter arbetsställets belägenhet 2020M12","sysselsatta efter arbetsställets belägenhet 2021M01","sysselsatta efter arbetsställets belägenhet 2021M02","sysselsatta efter arbetsställets belägenhet 2021M03","sysselsatta efter arbetsställets belägenhet 2021M04","sysselsatta efter arbetsställets belägenhet 2021M05","sysselsatta efter arbetsställets belägenhet 2021M06","sysselsatta efter arbetsställets belägenhet 2021M07","sysselsatta efter arbetsställets belägenhet 2021M08","sysselsatta efter arbetsställets belägenhet 2021M09","sysselsatta efter arbetsställets belägenhet 2021M10","sysselsatta efter arbetsställets belägenhet 2021M11","sysselsatta efter arbetsställets belägenhet 2021M12","sysselsatta efter arbetsställets belägenhet 2022M01","sysselsatta efter arbetsställets belägenhet 2022M02","sysselsatta efter arbetsställets belägenhet 2022M03","sysselsatta efter arbetsställets belägenhet 2022M04","sysselsatta efter arbetsställets belägenhet 2022M05","sysselsatta efter arbetsställets belägenhet 2022M06","sysselsatta efter arbetsställets belägenhet 2022M07","sysselsatta efter arbetsställets belägenhet 2022M08","sysselsatta efter arbetsställets belägenhet 2022M09","sysselsatta efter arbetsställets belägenhet 2022M10","sysselsatta efter arbetsställets belägenhet 2022M11","sysselsatta efter arbetsställets belägenhet 2022M12","sysselsatta efter arbetsställets belägenhet 2023M01","sysselsatta efter arbetsställets belägenhet 2023M02","sysselsatta efter arbetsställets belägenhet 2023M03","sysselsatta efter arbetsställets belägenhet 2023M04","sysselsatta efter arbetsställets belägenhet 2023M05","sysselsatta efter arbetsställets belägenhet 2023M06","sysselsatta efter arbetsställets belägenhet 2023M07","sysselsatta efter arbetsställets belägenhet 2023M08","sysselsatta efter arbetsställets belägenhet 2023M09","sysselsatta efter arbetsställets belägenhet 2023M10","sysselsatta efter arbetsställets belägenhet 2023M11","sysselsatta efter arbetsställets belägenhet 2023M12","sysselsatta efter arbetsställets belägenhet 2024M01","sysselsatta efter arbetsställets belägenhet 2024M02","sysselsatta efter arbetsställets belägenhet 2024M03","sysselsatta efter arbetsställets belägenhet 2024M04","sysselsatta efter arbetsställets belägenhet 2024M05","sysselsatta efter arbetsställets belägenhet 2024M06","sysselsatta efter arbetsställets belägenhet 2024M07","sysselsatta efter arbetsställets belägenhet 2024M08","sysselsatta efter arbetsställets belägenhet 2024M09","sysselsatta efter arbetsställets belägenhet 2024M10","sysselsatta efter arbetsställets belägenhet 2024M11","sysselsatta efter arbetsställets belägenhet 2024M12","sysselsatta efter arbetsställets belägenhet 2025M01","sysselsatta efter arbetsställets belägenhet 2025M02","sysselsatta efter arbetsställets belägenhet 2025M03","sysselsatta efter arbetsställets belägenhet 2025M04","sysselsatta efter arbetsställets belägenhet 2025M05","sysselsatta efter arbetsställets belägenhet 2025M06","sysselsatta efter arbetsställets belägenhet 2025M07","sysselsatta efter arbetsställets belägenhet 2025M08","sysselsatta efter arbetsställets belägenhet 2025M09","sysselsatta efter arbetsställets belägenhet 2025M10","sysselsatta efter arbetsställets belägenhet 2025M11","sysselsatta efter arbetsställets belägenhet 2025M12","sysselsatta efter arbetsställets belägenhet 2026M01","sysselsatta efter arbetsställets belägenhet 2026M02","sysselsatta efter arbetsställets belägenhet 2026M03","sysselsatta efter arbetsställets belägenhet 2026M04","sysselsatta efter arbetsställets belägenhet 2026M05","sysselsatta efter arbetsställets belägenhet 2026M06","sysselsatta efter bostadens belägenhet 2020M01","sysselsatta efter bostadens belägenhet 2020M02","sysselsatta efter bostadens belägenhet 2020M03","sysselsatta efter bostadens belägenhet 2020M04","sysselsatta efter bostadens belägenhet 2020M05","sysselsatta efter bostadens belägenhet 2020M06","sysselsatta efter bostadens belägenhet 2020M07","sysselsatta efter bostadens belägenhet 2020M08","sysselsatta efter bostadens belägenhet 2020M09","sysselsatta efter bostadens belägenhet 2020M10","sysselsatta efter bostadens belägenhet 2020M11","sysselsatta efter bostadens belägenhet 2020M12","sysselsatta efter bostadens belägenhet 2021M01","sysselsatta efter bostadens belägenhet 2021M02","sysselsatta efter bostadens belägenhet 2021M03","sysselsatta efter bostadens belägenhet 2021M04","sysselsatta efter bostadens belägenhet 2021M05","sysselsatta efter bostadens belägenhet 2021M06","sysselsatta efter bostadens belägenhet 2021M07","sysselsatta efter bostadens belägenhet 2021M08","sysselsatta efter bostadens belägenhet 2021M09","sysselsatta efter bostadens belägenhet 2021M10","sysselsatta efter bostadens belägenhet 2021M11","sysselsatta efter bostadens belägenhet 2021M12","sysselsatta efter bostadens belägenhet 2022M01","sysselsatta efter bostadens belägenhet 2022M02","sysselsatta efter bostadens belägenhet 2022M03","sysselsatta efter bostadens belägenhet 2022M04","sysselsatta efter bostadens belägenhet 2022M05","sysselsatta efter bostadens belägenhet 2022M06","sysselsatta efter bostadens belägenhet 2022M07","sysselsatta efter bostadens belägenhet 2022M08","sysselsatta efter bostadens belägenhet 2022M09","sysselsatta efter bostadens belägenhet 2022M10","sysselsatta efter bostadens belägenhet 2022M11","sysselsatta efter bostadens belägenhet 2022M12","sysselsatta efter bostadens belägenhet 2023M01","sysselsatta efter bostadens belägenhet 2023M02","sysselsatta efter bostadens belägenhet 2023M03","sysselsatta efter bostadens belägenhet 2023M04","sysselsatta efter bostadens belägenhet 2023M05","sysselsatta efter bostadens belägenhet 2023M06","sysselsatta efter bostadens belägenhet 2023M07","sysselsatta efter bostadens belägenhet 2023M08","sysselsatta efter bostadens belägenhet 2023M09","sysselsatta efter bostadens belägenhet 2023M10","sysselsatta efter bostadens belägenhet 2023M11","sysselsatta efter bostadens belägenhet 2023M12","sysselsatta efter bostadens belägenhet 2024M01","sysselsatta efter bostadens belägenhet 2024M02","sysselsatta efter bostadens belägenhet 2024M03","sysselsatta efter bostadens belägenhet 2024M04","sysselsatta efter bostadens belägenhet 2024M05","sysselsatta efter bostadens belägenhet 2024M06","sysselsatta efter bostadens belägenhet 2024M07","sysselsatta efter bostadens belägenhet 2024M08","sysselsatta efter bostadens belägenhet 2024M09","sysselsatta efter bostadens belägenhet 2024M10","sysselsatta efter bostadens belägenhet 2024M11","sysselsatta efter bostadens belägenhet 2024M12","sysselsatta efter bostadens belägenhet 2025M01","sysselsatta efter bostadens belägenhet 2025M02","sysselsatta efter bostadens belägenhet 2025M03","sysselsatta efter bostadens belägenhet 2025M04","sysselsatta efter bostadens belägenhet 2025M05","sysselsatta efter bostadens belägenhet 2025M06","sysselsatta efter bostadens belägenhet 2025M07","sysselsatta efter bostadens belägenhet 2025M08","sysselsatta efter bostadens belägenhet 2025M09","sysselsatta efter bostadens belägenhet 2025M10","sysselsatta efter bostadens belägenhet 2025M11","sysselsatta efter bostadens belägenhet 2025M12","sysselsatta efter bostadens belägenhet 2026M01","sysselsatta efter bostadens belägenhet 2026M02","sysselsatta efter bostadens belägenhet 2026M03","sysselsatta efter bostadens belägenhet 2026M04","sysselsatta efter bostadens belägenhet 2026M05","sysselsatta efter bostadens belägenhet 2026M06"
"00 Riket","män","F byggindustri","totalt",322649,321386,322981,324480,325480,328197,333568,329940,328761,327306,328967,326889,322980,321799,323465,326083,327758,332740,340636,336633,336095,335740,336956,337298,332879,331183,333744,334857,338031,341415,348193,344751,344099,343286,347593,346086,341845,339517,340212,340251,341715,343412,349062,345196,343374,340797,340898,337438,330979,327245,326664,326279,327350,329333,334116,331494,330262,328821,329415,326803,321234,319439,319817,320983,323345,325450,331083,328714,327903,327988,329950,327519,323865,321920,322579,325126,327432,330161,322649,321383,322985,324481,325481,328198,333573,329944,328764,327307,328967,326889,322980,321799,323465,326083,327758,332740,340657,336646,336108,335753,336972,337314,332892,331194,333756,334871,338048,341422,348207,344766,344118,343313,347617,346132,341883,339551,340253,340291,341752,343452,349104,345238,343418,340839,340940,337483,331026,327294,326707,326322,327389,329373,334147,331523,330292,328852,329445,326835,321252,319463,319845,321011,323378,325474,331112,328731,327935,328021,329988,327559,323906,321954,322609,325162,327470,330203
"00 Riket","män","F byggindustri","inrikes född",273383,271951,272977,273927,274456,276718,281624,278573,277023,275388,276826,274934,272020,270856,271583,273330,274127,277885,284689,281088,279932,278732,279466,279520,276124,274364,275790,276085,278122,280610,286812,283716,282538,280981,284617,283307,280312,278203,278503,278283,279361,280790,286494,283267,281539,279110,279580,277180,272768,270104,269597,269466,270009,271740,276434,273717,272186,270569,271080,268555,264676,263213,263255,263827,265418,266853,271981,269826,268549,267857,269339,267044,264501,263026,263368,265013,266339,268391,273383,271954,272979,273929,274456,276719,281626,278575,277023,275390,276826,274934,272020,270856,271583,273330,274127,277885,284712,281103,279945,278742,279480,279536,276138,274375,275802,276097,278133,280624,286828,283736,282555,281005,284639,283351,280350,278236,278538,278323,279396,280829,286531,283305,281580,279149,279623,277228,272810,270153,269642,269503,270045,271781,276465,273747,272213,270597,271110,268581,264691,263230,263281,263850,265443,266873,272003,269847,268576,267885,269368,267076,264535,263060,263399,265047,266374,268431
"00 Riket","män","F byggindustri","utrikes född",49268,49433,50003,50554,51023,51479,51943,51369,51741,51917,52142,51957,50960,50941,51881,52755,53630,54857,55944,55545,56165,57012,57491,57776,56753,56824,57955,58773,59914,60802,61379,61032,61563,62308,62978,62783,61532,61316,61715,61963,62352,62623,62568,61930,61840,61683,61317,60256,58213,57141,57063,56817,57343,57593,57680,57776,58078,58254,58336,58247,56563,56231,56563,57152,57929,58599,59102,58884,59359,60127,60614,60479,59365,58892,59211,60115,61096,61774,49268,49433,50003,50554,51023,51479,51943,51369,51741,51917,52142,51957,50960,50941,51881,52755,53630,54857,55944,55545,56165,57012,57491,57776,56756,56824,57955,58773,59914,60802,61379,61035,61563,62308,62978,62782,61534,61316,61717,61966,62356,62626,62571,61933,61840,61689,61321,60257,58214,57141,57068,56818,57343,57593,57683,57776,58078,58254,58336,58253,56564,56229,56563,57157,57934,58602,59108,58887,59357,60131,60617,60482,59371,58891,59211,60118,61097,61774
"00 Riket","kvinnor","F byggindustri","totalt",35526,35528,35880,36355,36639,37411,38315,37993,37388,36974,37111,37463,36410,36356,36753,37056,37170,38101,39705,39206,38756,38558,38737,39129,38281,38109,38397,38649,39370,40167,41499,41168,40898,40598,41259,41470,40604,40474,40709,40791,41037,41735,42977,42665,42144,41490,41364,41324,40129,39450,39521,39508,39681,39956,41123,40744,40299,39837,39430,39366,38435,38220,38386,38677,39023,39392,40653,40379,40071,39848,40051,40138,39386,39283,39432,39701,40041,40740,35526,35528,35880,36355,36639,37411,38315,37993,37388,36974,37111,37463,36410,36356,36753,37056,37170,38101,39712,39214,38761,38565,38741,39132,38284,38112,38399,38657,39373,40177,41503,41171,40903,40604,41262,41477,40610,40482,40711,40793,41046,41742,42984,42670,42154,41497,41374,41327,40135,39459,39526,39512,39686,39959,41128,40745,40302,39838,39427,39371,38436,38221,38387,38678,39028,39392,40656,40385,40073,39848,40058,40140,39388,39287,39437,39709,40047,40745
"00 Riket","kvinnor","F byggindustri","inrikes född",29646,29600,29881,30237,30459,31106,31990,31703,31092,30656,30774,30986,30163,30100,30378,30576,30668,31471,32944,32472,31952,31659,31724,32045,31342,31175,31359,31519,32042,32733,33983,33709,33409,33022,33635,33792,33097,33006,33203,33289,33502,34087,35315,35043,34523,33951,33862,33894,32934,32340,32414,32409,32542,32871,34037,33658,33116,32717,32543,32474,31739,31590,31698,31935,32190,32532,33716,33407,33092,32819,32975,33025,32414,32342,32485,32768,33041,33640,29646,29600,29881,30237,30459,31106,31990,31703,31092,30656,30774,30986,30163,30100,30378,30576,30668,31471,32951,32477,31957,31662,31728,32050,31347,31180,31365,31525,32051,32735,33987,33716,33415,33026,33641,33801,33101,33013,33210,33296,33511,34095,35321,35048,34531,33958,33867,33895,32943,32346,32422,32410,32543,32870,34038,33657,33118,32716,32544,32474,31741,31588,31700,31936,32192,32535,33722,33411,33090,32825,32979,33025,32420,32345,32491,32771,33047,33645
"00 Riket","kvinnor","F byggindustri","utrikes född",5873,5928,5998,6116,6183,6300,6323,6286,6295,6320,6337,6481,6247,6253,6377,6477,6501,6627,6761,6735,6803,6900,7011,7084,6937,6936,7031,7130,7327,7438,7517,7456,7492,7580,7626,7679,7512,7467,7502,7497,7535,7643,7662,7619,7625,7540,7503,7429,7195,7111,7106,7099,7137,7086,7090,7084,7184,7119,6888,6893,6694,6631,6686,6743,6833,6862,6936,6972,6978,7025,7080,7112,6971,6940,6944,6934,7002,7098,5873,5928,5998,6116,6183,6300,6323,6286,6295,6320,6337,6481,6247,6253,6377,6477,6501,6627,6761,6735,6803,6900,7011,7084,6937,6936,7031,7130,7327,7438,7517,7456,7492,7580,7626,7679,7512,7467,7502,7497,7538,7643,7665,7619,7623,7540,7501,7429,7194,7111,7108,7100,7139,7086,7090,7084,7184,7119,6888,6893,6694,6631,6686,6743,6833,6862,6936,6972,6978,7025,7080,7112,6971,6940,6944,6934,7002,7098
"00 Riket","totalt","F byggindustri","totalt",358172,356913,358862,360837,362116,365607,371884,367930,366152,364281,366079,364352,359390,358154,360218,363138,364929,370840,380338,375842,374849,374302,375692,376428,371159,369293,372138,373507,377404,381585,389685,385916,384997,383889,388850,387559,382449,379995,380923,381037,382752,385144,392039,387863,385523,382287,382265,378759,371107,366692,366185,365789,367030,369290,375242,372235,370564,368660,368840,366169,359668,357661,358205,359655,362368,364841,371740,369093,367974,367835,370007,367659,363255,361202,362014,364829,367473,370899,358172,356915,358864,360836,362117,365604,371887,367933,366155,364282,366079,364352,359390,358154,360218,363138,364929,370840,380369,375859,374867,374315,375711,376449,371180,369310,372154,373523,377421,381601,389710,385940,385024,383920,388878,387612,382493,380035,380968,381084,382797,385192,392084,387908,385571,382337,382316,378808,371161,366751,366237,365837,367071,369334,375276,372268,370597,368686,368872,366201,359687,357684,358232,359688,362404,364869,371769,369115,368003,367869,370045,367698,363298,361241,362048,364870,367515,370948
"00 Riket","totalt","F byggindustri","inrikes född",303031,301550,302858,304165,304913,307822,313620,310279,308113,306043,307601,305917,302181,300957,301958,303906,304799,309355,317635,313559,311884,310384,311188,311566,307468,305538,307151,307605,310166,313340,320793,317425,315944,314003,318251,317098,313407,311211,311705,311576,312864,314881,321808,318313,316058,313059,313444,311074,305703,302439,302012,301873,302551,304612,310472,307374,305302,303290,303620,301027,296412,294795,294955,295761,297605,299379,305697,303235,301639,300680,302312,300063,296913,295372,295858,297782,299378,302028,303031,301552,302860,304162,304914,307823,313618,310280,308115,306045,307601,305917,302181,300957,301958,303906,304799,309355,317662,313580,311901,310402,311209,311588,307489,305556,307166,307620,310182,313358,320813,317449,315968,314031,318282,317148,313451,311250,311749,311622,312904,314926,321850,318356,316108,313110,313494,311121,305750,302500,302065,301914,302589,304653,310503,307409,305334,303315,303652,301061,296430,294819,294980,295788,297632,299403,305723,303257,301667,300708,302349,300105,296953,295408,295890,297818,299417,302080
"00 Riket","totalt","F byggindustri","utrikes född",55142,55359,56007,56672,57204,57781,58268,57654,58036,58240,58480,58435,57208,57195,58258,59229,60134,61488,62706,62281,62967,63914,64503,64862,63687,63757,64987,65906,67238,68243,68895,68490,69055,69889,70599,70459,69040,68784,69216,69462,69889,70265,70231,69554,69459,69226,68819,67687,65405,64253,64171,63918,64480,64679,64772,64861,65262,65373,65220,65139,63257,62862,63250,63894,64762,65457,66043,65858,66335,67153,67695,67591,66340,65830,66154,67048,68096,68868,55142,55359,56007,56672,57204,57781,58268,57654,58036,58240,58480,58435,57208,57195,58258,59229,60134,61488,62706,62281,62967,63914,64503,64862,63693,63757,64987,65906,67238,68243,68895,68492,69055,69889,70598,70463,69046,68785,69218,69466,69893,70270,70237,69554,69462,69231,68824,67690,65411,64254,64173,63918,64481,64681,64770,64861,65264,65372,65222,65142,63258,62862,63250,63899,64768,65464,66048,65856,66338,67156,67695,67594,66343,65834,66156,67053,68100,68872
"18 Örebro län","män","F byggindustri","totalt",9562,9501,9551,9541,9601,9697,9876,9829,9791,9696,9812,9774,9734,9590,9616,9671,9750,9941,10243,10165,10034,10011,10066,10040,9898,9791,9845,9850,9990,10024,10354,10274,10163,10130,10227,10185,10070,9892,9937,9894,10057,10098,10322,10222,10158,10105,10042,9892,9718,9563,9491,9504,9608,9768,9935,9829,9684,9649,9703,9639,9431,9331,9358,9427,9500,9604,9784,9721,9609,9611,9636,9623,9522,9453,9440,9562,9619,9734,9696,9641,9649,9637,9708,9787,9951,9897,9867,9785,9871,9828,9760,9649,9666,9703,9775,9957,10303,10244,10116,10080,10105,10111,9930,9825,9905,9890,10034,10073,10393,10300,10184,10109,10192,10169,10069,9889,9941,9916,10053,10063,10317,10200,10151,10037,10007,9841,9652,9516,9474,9497,9586,9701,9869,9751,9608,9563,9622,9548,9366,9269,9293,9356,9444,9543,9714,9641,9511,9521,9538,9501,9396,9340,9356,9445,9485,9575
"18 Örebro län","män","F byggindustri","inrikes född",8714,8658,8707,8691,8734,8804,8981,8925,8893,8800,8881,8829,8812,8677,8669,8703,8764,8913,9162,9088,8971,8936,9000,8958,8821,8730,8774,8755,8867,8893,9180,9086,9003,8947,9023,8990,8913,8745,8782,8731,8876,8912,9124,9021,8940,8910,8868,8750,8620,8474,8406,8430,8495,8645,8788,8689,8575,8534,8580,8508,8355,8259,8269,8319,8390,8474,8629,8562,8459,8449,8507,8488,8417,8349,8334,8427,8490,8559,8821,8768,8782,8765,8817,8877,9045,8968,8935,8859,8925,8871,8828,8724,8708,8736,8781,8930,9210,9139,9029,8986,9021,9010,8848,8756,8822,8793,8904,8929,9202,9089,9010,8929,8978,8968,8900,8722,8754,8728,8854,8867,9104,9005,8933,8861,8840,8704,8560,8434,8403,8449,8495,8607,8764,8662,8542,8496,8545,8472,8336,8234,8242,8296,8378,8453,8616,8538,8420,8421,8458,8415,8341,8282,8303,8378,8399,8465
"18 Örebro län","män","F byggindustri","utrikes född",849,849,840,843,867,892,893,904,901,898,928,946,919,910,949,968,981,1029,1077,1085,1061,1071,1068,1081,1081,1056,1068,1092,1121,1133,1173,1185,1158,1182,1206,1200,1157,1148,1156,1163,1179,1178,1199,1197,1217,1194,1174,1137,1098,1088,1084,1076,1113,1127,1147,1141,1109,1116,1121,1132,1076,1069,1088,1104,1112,1129,1152,1163,1149,1157,1127,1136,1104,1105,1105,1130,1125,1177,879,875,867,870,889,912,906,926,932,922,946,959,933,927,954,968,995,1024,1094,1102,1083,1093,1081,1096,1084,1067,1079,1096,1129,1145,1196,1209,1173,1184,1213,1201,1173,1166,1186,1186,1203,1197,1215,1196,1213,1177,1169,1133,1095,1082,1071,1052,1089,1094,1104,1085,1066,1068,1077,1075,1032,1034,1050,1060,1062,1088,1099,1104,1090,1104,1073,1087,1050,1059,1050,1066,1086,1107
"18 Örebro län","kvinnor","F byggindustri","totalt",943,954,958,952,960,996,1008,979,989,983,988,984,998,1008,1031,1037,1017,1057,1187,1122,1078,1050,1053,1052,1021,1030,1057,1033,1062,1090,1169,1141,1099,1065,1064,1064,1032,1033,1041,1041,1082,1077,1194,1162,1087,1073,1090,1090,1064,1050,1062,1049,1053,1070,1162,1139,1067,1056,1085,1063,1048,1041,1053,1045,1074,1091,1204,1159,1111,1082,1085,1081,1075,1051,1049,1049,1041,1071,938,960,952,950,961,995,996,969,977,965,978,985,987,997,1025,1026,1013,1062,1186,1132,1086,1050,1059,1055,1024,1030,1054,1030,1062,1092,1171,1137,1080,1050,1052,1051,1017,1021,1027,1025,1059,1061,1168,1137,1067,1041,1053,1062,1024,1013,1027,1014,1015,1023,1128,1109,1031,1020,1044,1031,1021,1006,1017,1015,1045,1051,1172,1131,1085,1060,1065,1063,1055,1035,1034,1035,1032,1056
"18 Örebro län","kvinnor","F byggindustri","inrikes född",845,861,868,860,858,887,891,865,875,863,870,859,861,875,893,892,878,912,1014,957,934,904,905,906,879,886,910,893,916,938,1007,994,953,910,920,919,892,892,904,902,934,932,1035,999,928,928,932,935,913,896,911,902,902,927,997,984,928,914,946,921,903,893,904,893,918,933,1034,997,951,927,938,931,929,903,905,912,914,944,836,859,860,852,854,880,877,851,860,852,861,859,851,864,885,883,869,908,1015,964,939,905,909,906,883,880,909,889,914,937,1004,988,938,896,911,909,879,881,895,886,914,913,1013,976,913,900,906,911,881,869,881,874,880,889,969,961,899,883,912,893,881,866,876,871,898,905,1010,975,931,915,926,921,917,896,897,901,905,931
"18 Örebro län","kvinnor","F byggindustri","utrikes född",99,96,92,92,100,108,118,119,114,116,120,127,134,129,135,143,140,147,169,165,145,145,150,144,140,145,145,141,147,154,160,146,143,154,145,145,146,143,137,142,144,146,158,166,158,150,159,156,149,152,150,149,147,144,165,153,144,142,138,145,146,148,145,156,154,154,170,165,162,158,148,147,140,143,147,137,130,124,103,101,96,97,104,113,118,118,117,116,120,124,134,132,140,144,143,154,171,164,147,145,152,146,143,144,150,143,147,155,164,145,144,149,142,139,135,136,133,138,145,149,156,159,155,144,150,148,142,145,146,138,135,131,155,143,135,137,132,135,137,140,138,144,144,144,162,159,155,148,144,144,136,139,139,137,125,122
"18 Örebro län","totalt","F byggindustri","totalt",10506,10457,10505,10490,10561,10693,10882,10808,10785,10681,10799,10757,10728,10599,10649,10708,10765,10996,11427,11290,11111,11061,11120,11089,10922,10822,10900,10880,11053,11117,11517,11414,11260,11193,11293,11248,11106,10925,10978,10936,11135,11174,11516,11387,11248,11178,11130,10984,10783,10610,10555,10550,10658,10838,11096,10966,10753,10706,10793,10705,10483,10377,10412,10471,10575,10696,10990,10881,10721,10691,10721,10705,10594,10504,10489,10608,10658,10807,10637,10603,10600,10585,10664,10781,10944,10866,10847,10750,10845,10810,10746,10644,10688,10731,10788,11021,11492,11373,11204,11127,11160,11160,10954,10852,10959,10920,11096,11164,11566,11436,11264,11156,11240,11220,11087,10908,10969,10938,11114,11125,11488,11339,11218,11081,11062,10899,10677,10530,10500,10515,10600,10726,10995,10857,10639,10584,10667,10580,10389,10278,10310,10370,10486,10592,10887,10772,10595,10585,10604,10561,10447,10376,10388,10478,10513,10631
"18 Örebro län","totalt","F byggindustri","inrikes född",9559,9515,9575,9555,9592,9693,9871,9791,9763,9664,9754,9686,9677,9556,9566,9596,9640,9822,10177,10043,9907,9843,9902,9862,9698,9618,9682,9643,9785,9831,10187,10087,9958,9857,9940,9908,9804,9641,9690,9630,9810,9845,10158,10020,9870,9838,9802,9688,9534,9368,9320,9330,9398,9571,9786,9674,9504,9444,9527,9426,9260,9155,9172,9212,9308,9412,9664,9554,9411,9376,9447,9424,9344,9254,9239,9342,9404,9505,9656,9627,9641,9618,9674,9754,9921,9822,9801,9708,9783,9725,9680,9586,9594,9613,9650,9839,10227,10108,9967,9890,9931,9916,9728,9637,9728,9679,9820,9864,10204,10080,9947,9826,9884,9878,9778,9604,9649,9614,9769,9783,10116,9977,9846,9760,9746,9616,9441,9302,9284,9325,9371,9496,9731,9628,9441,9378,9460,9367,9218,9100,9119,9167,9274,9358,9628,9512,9349,9335,9386,9337,9260,9176,9202,9275,9304,9400
"18 Örebro län","totalt","F byggindustri","utrikes född",948,942,933,938,968,999,1010,1016,1019,1018,1046,1074,1053,1043,1082,1109,1123,1175,1244,1245,1206,1217,1219,1226,1222,1200,1217,1233,1269,1285,1332,1331,1303,1334,1353,1346,1298,1286,1290,1306,1326,1328,1358,1365,1377,1344,1331,1295,1250,1245,1234,1219,1261,1269,1310,1291,1252,1261,1263,1275,1222,1221,1239,1257,1268,1283,1323,1326,1312,1314,1277,1284,1246,1250,1247,1266,1257,1303,982,975,961,968,991,1030,1025,1046,1047,1040,1063,1084,1069,1062,1096,1113,1136,1180,1266,1272,1233,1237,1233,1246,1225,1213,1228,1241,1275,1300,1358,1354,1320,1330,1355,1342,1311,1308,1318,1322,1349,1344,1368,1358,1369,1320,1318,1282,1238,1230,1213,1190,1230,1228,1261,1229,1198,1206,1207,1214,1168,1176,1191,1202,1209,1231,1257,1260,1244,1251,1215,1228,1189,1199,1189,1198,1213,1231
"1814 Lekeberg","män","F byggindustri","totalt",294,296,296,299,304,305,313,301,300,306,305,292,293,288,295,306,305,303,312,300,315,305,296,294,289,286,276,279,280,289,300,289,284,284,285,287,269,263,263,257,259,262,270,254,259,251,266,261,253,242,250,253,249,268,271,266,255,268,269,283,275,269,272,285,274,290,288,287,292,286,289,288,290,288,290,279,283,284,458,443,451,454,456,467,477,471,478,469,477,474,471,471,473,474,475,479,492,494,494,486,477,475,475,470,480,472,482,482,494,490,488,485,489,492,487,476,473,475,480,471,487,463,460,452,451,438,441,428,431,436,429,448,449,442,433,429,437,441,433,429,430,433,434,440,456,446,446,440,450,447,450,444,449,453,459,467
"1814 Lekeberg","män","F byggindustri","inrikes född",270,273,272,276,281,286,289,280,279,283,282,273,275,268,274,286,284,286,291,285,296,285,281,279,275,268,264,268,269,268,276,267,269,265,268,270,256,244,243,239,245,248,253,242,244,241,253,246,237,228,230,235,234,248,243,243,241,246,246,257,252,250,261,261,256,267,266,266,270,266,269,268,274,272,269,263,260,261,426,416,422,426,426,439,450,444,451,442,442,441,437,439,437,439,438,451,464,462,461,454,444,443,441,438,447,444,450,450,462,459,463,456,460,465,459,450,447,445,448,449,458,443,437,428,434,420,420,413,411,418,413,430,428,421,417,414,425,422,415,412,415,413,418,419,438,424,430,423,434,434,432,431,437,433,440,449
"1814 Lekeberg","män","F byggindustri","utrikes född",27,22,25,25,23,24,21,24,23,23,22,22,20,21,20,23,18,16,17,16,20,19,17,15,17,13,13,15,14,19,25,18,13,14,16,19,15,16,17,19,18,16,19,16,15,13,16,18,14,14,21,19,14,22,24,21,19,18,24,24,19,19,16,21,21,21,23,21,23,24,22,20,18,18,17,18,20,22,30,29,27,31,28,29,27,29,24,30,32,32,33,37,34,37,34,32,32,33,35,36,34,34,32,30,29,30,30,29,34,31,26,27,26,29,26,26,27,32,28,25,29,21,23,19,18,16,16,14,20,19,19,21,23,21,13,13,18,18,17,16,16,16,16,17,20,19,15,17,17,18,14,14,14,16,20,14
"1814 Lekeberg","kvinnor","F byggindustri","totalt",30,29,31,31,35,34,37,33,33,33,35,36,28,27,29,32,31,39,37,34,28,30,27,29,28,22,20,22,22,28,29,28,27,22,20,20,22,21,20,21,24,28,25,27,27,26,28,26,25,23,26,25,23,29,31,30,27,28,25,25,23,24,25,28,30,30,32,33,32,35,34,23,27,30,26,29,29,30,50,48,47,47,45,45,46,44,43,46,44,44,43,44,52,52,51,55,59,61,51,52,57,55,48,47,49,52,54,57,54,53,51,50,49,48,46,45,46,47,49,54,59,58,54,54,48,50,46,41,47,50,46,48,58,53,52,51,48,47,46,48,49,48,52,49,54,54,53,56,59,52,52,55,54,55,58,53
"1814 Lekeberg","kvinnor","F byggindustri","inrikes född",20,24,23,28,28,29,28,28,26,26,28,27,21,24,25,29,31,29,34,28,25,23,24,21,23,17,16,19,20,24,26,19,18,20,15,18,18,17,18,21,18,19,19,16,17,22,20,16,19,15,19,20,15,20,22,25,19,21,26,24,21,18,24,23,25,25,25,26,24,27,27,18,22,21,25,26,25,27,45,42,39,42,38,40,40,39,37,37,39,38,37,41,43,45,46,47,49,48,45,44,46,42,38,38,43,42,45,48,49,46,43,46,44,44,42,39,43,41,43,52,54,49,48,48,42,43,40,39,42,45,40,43,50,50,45,45,43,44,42,43,46,45,42,45,48,46,46,48,52,48,51,50,49,53,56,55
"1814 Lekeberg","kvinnor","F byggindustri","utrikes född",6,6,6,6,6,6,6,7,7,7,7,7,4,4,4,4,4,4,6,4,6,7,5,7,7,7,7,7,3,8,3,3,6,3,3,3,4,4,4,4,4,7,6,7,7,9,8,8,5,5,5,7,9,9,9,9,4,4,4,3,3,3,4,4,4,7,7,7,8,6,4,4,3,3,3,3,3,3,5,5,5,5,5,5,5,4,4,8,8,8,8,5,7,7,8,10,8,10,9,10,8,10,9,9,9,9,6,5,6,5,4,7,3,3,4,4,4,4,4,4,7,7,7,4,4,4,8,8,8,3,5,5,5,5,5,5,7,3,3,3,4,4,8,6,4,4,8,7,7,5,3,3,3,3,3,3
"1814 Lekeberg","totalt","F byggindustri","totalt",322,326,323,330,335,338,350,334,337,340,336,325,322,314,327,340,340,343,349,331,344,332,321,320,319,309,296,303,305,316,322,311,310,306,309,311,290,284,283,282,282,289,298,283,281,279,291,287,276,263,274,284,274,296,297,295,281,292,295,306,296,293,301,309,302,319,321,322,324,322,322,313,315,318,314,310,312,309,503,493,498,501,499,509,523,517,521,512,519,520,514,518,527,526,527,539,553,554,546,541,533,530,522,519,524,522,532,535,548,542,535,535,535,539,534,524,521,520,529,527,544,520,512,501,502,487,483,472,478,484,479,501,502,498,483,479,489,490,480,474,477,484,484,492,513,498,498,493,512,501,505,499,503,506,516,520
"1814 Lekeberg","totalt","F byggindustri","inrikes född",293,296,295,301,309,313,322,306,310,315,309,298,301,294,301,313,313,318,322,309,322,306,299,302,298,288,280,284,286,292,297,287,288,283,285,291,270,259,260,258,263,266,272,261,260,259,269,261,256,247,248,256,250,271,269,268,260,267,271,278,273,268,283,288,275,290,293,292,293,294,296,286,294,293,294,286,284,286,470,458,462,463,464,476,491,483,489,477,482,478,474,477,483,484,483,497,515,509,503,496,492,488,482,477,486,485,499,496,508,504,507,503,501,508,499,490,490,487,498,500,510,495,487,476,476,464,465,450,456,463,455,473,475,468,463,459,467,467,459,455,461,457,461,466,489,474,478,472,491,480,484,481,483,487,497,499
"1814 Lekeberg","totalt","F byggindustri","utrikes född",30,29,28,28,30,28,24,27,30,30,28,25,22,26,24,26,25,24,25,20,21,25,19,23,23,19,18,20,20,25,27,25,18,20,19,25,18,19,24,24,22,17,25,25,24,23,24,27,18,18,23,27,26,29,31,30,22,27,29,27,24,25,21,27,22,28,28,33,30,28,30,25,23,23,23,24,23,24,37,33,35,36,34,37,31,35,33,35,37,39,39,44,43,43,42,42,36,46,43,45,45,40,40,38,38,37,35,39,42,35,29,32,33,32,31,31,34,34,33,32,31,27,26,26,21,23,20,22,22,20,24,24,28,25,22,22,22,20,21,20,21,24,20,27,24,22,21,23,24,18,19,19,19,19,21,21
"1860 Laxå","män","F byggindustri","totalt",115,116,116,115,112,114,114,113,110,105,106,105,107,106,107,108,108,106,105,103,103,100,105,103,105,105,104,96,96,100,100,95,97,105,104,98,98,98,97,100,107,112,104,102,103,104,105,104,102,103,97,103,102,107,104,100,100,99,100,106,103,106,104,105,110,114,109,109,107,114,120,125,115,114,115,115,118,118,174,179,182,182,178,180,187,183,175,179,180,176,179,172,170,169,169,171,178,173,175,170,175,175,167,166,168,171,170,172,171,174,171,176,175,174,167,169,163,164,169,170,171,164,169,174,169,168,160,164,161,160,163,165,171,161,159,155,157,162,158,162,164,162,163,170,169,162,159,161,165,167,162,155,152,156,158,158
"1860 Laxå","män","F byggindustri","inrikes född",108,109,112,109,104,104,108,108,101,100,98,99,101,101,103,99,101,101,96,96,95,95,98,91,96,97,96,97,96,94,96,90,94,98,98,94,92,93,90,93,101,102,100,99,96,101,105,99,97,97,97,96,97,102,101,96,97,95,95,99,99,100,98,102,104,111,104,108,104,112,118,115,113,111,108,104,112,109,161,168,168,171,166,172,177,174,163,166,162,164,165,158,156,157,157,161,162,158,165,162,163,163,153,155,156,156,157,156,157,160,155,159,161,158,157,148,151,151,154,157,158,151,157,159,156,157,150,152,149,152,150,154,159,151,150,147,145,151,149,150,153,153,154,157,154,155,148,152,158,158,151,148,144,147,148,149
"1860 Laxå","män","F byggindustri","utrikes född",7,3,7,7,5,7,7,7,5,6,7,7,6,5,7,7,7,7,7,6,8,6,6,6,5,5,3,4,6,6,3,7,3,6,4,4,4,4,7,4,4,8,0,5,5,3,3,7,4,5,3,3,5,5,7,7,6,7,7,7,6,6,6,6,5,5,4,5,5,5,3,7,7,6,6,6,5,8,10,14,12,11,11,9,9,13,15,15,10,12,12,9,11,15,14,14,12,12,10,10,9,11,11,11,11,14,11,16,16,17,16,14,16,14,16,17,12,14,18,16,16,12,14,16,16,13,7,13,12,8,10,10,13,10,10,10,10,8,8,8,8,8,14,14,11,8,8,8,9,11,11,8,8,11,8,13
"1860 Laxå","kvinnor","F byggindustri","totalt",7,7,7,7,7,7,8,8,5,9,5,10,9,7,7,7,5,9,11,9,7,7,7,7,7,7,7,7,7,7,10,10,9,9,9,9,8,7,11,11,6,11,8,9,8,11,12,11,10,13,13,12,12,12,14,12,12,14,11,10,10,10,9,9,10,10,13,14,14,11,12,16,12,8,8,8,8,8,17,16,21,23,23,24,20,18,18,22,21,24,23,16,21,17,19,20,20,20,21,17,17,17,17,19,15,17,17,16,17,18,18,14,16,14,14,15,14,14,15,18,15,14,14,20,20,16,13,15,15,16,18,14,18,16,18,18,16,19,19,17,15,18,15,15,21,19,19,21,22,25,23,22,22,22,22,25
"1860 Laxå","kvinnor","F byggindustri","inrikes född",9,9,9,9,9,9,8,8,8,8,8,7,8,8,8,8,8,6,6,6,8,8,8,8,8,8,8,8,8,8,3,10,10,4,4,4,3,3,8,8,8,8,8,5,8,8,9,8,7,9,9,7,9,7,8,9,7,9,7,7,7,7,5,7,7,7,9,9,9,9,8,11,8,7,7,7,7,7,17,16,17,17,17,22,18,18,18,21,22,21,22,17,18,17,17,20,20,20,17,16,16,16,16,18,18,16,16,13,15,13,13,16,15,16,16,16,14,14,14,15,14,16,13,15,15,13,11,11,11,12,11,12,14,15,11,13,14,15,15,14,14,15,12,12,17,16,16,17,18,20,19,18,18,19,19,21
"1860 Laxå","kvinnor","F byggindustri","utrikes född",3,3,3,3,3,3,3,3,3,3,3,3,3,3,3,3,3,3,3,3,3,3,3,3,3,3,3,3,3,3,4,3,5,5,5,5,5,3,5,5,3,5,3,3,3,5,5,5,5,5,5,6,6,6,5,5,6,6,6,6,6,6,5,6,6,6,6,6,6,5,5,5,5,5,5,5,5,5,3,3,3,3,3,3,3,3,3,3,3,3,3,3,0,4,0,0,3,3,4,3,3,3,3,3,3,3,3,3,4,3,5,5,5,5,5,3,5,5,3,5,3,3,3,5,5,5,5,5,5,6,6,6,5,5,6,6,6,6,6,6,5,6,6,6,6,6,6,5,5,5,5,5,5,5,5,5
"1860 Laxå","totalt","F byggindustri","totalt",121,120,127,124,117,122,121,121,118,116,114,112,115,112,115,115,118,115,113,112,108,109,113,111,112,113,110,107,108,109,110,105,111,113,112,109,105,104,106,109,115,119,112,110,112,115,115,114,110,113,109,111,113,117,115,110,113,112,111,116,113,114,118,117,122,125,126,127,120,123,130,132,130,129,122,124,125,129,187,197,199,203,198,207,207,205,199,201,198,201,201,189,188,189,192,196,196,188,192,189,194,192,186,184,185,188,185,187,191,193,188,193,194,191,189,185,182,181,187,187,187,183,183,191,186,185,176,178,174,178,178,180,187,177,176,175,171,178,177,180,179,183,182,186,191,185,178,182,189,194,186,176,175,177,182,182
"1860 Laxå","totalt","F byggindustri","inrikes född",115,116,121,116,110,114,116,115,108,104,104,107,111,107,105,106,106,108,104,102,101,102,108,98,105,103,103,100,97,100,98,97,99,103,101,100,97,97,96,101,107,108,106,107,106,108,109,108,105,103,103,103,103,106,108,106,106,103,104,108,108,107,110,111,111,118,118,116,113,117,124,125,120,114,115,115,116,119,176,181,184,193,186,192,195,193,182,187,183,186,185,178,174,171,176,178,179,178,180,175,180,177,172,171,171,170,168,174,169,174,169,175,175,170,169,161,165,165,172,171,173,166,172,172,173,170,160,165,162,163,164,165,174,163,160,160,158,164,163,165,166,171,168,172,176,172,163,172,175,176,172,162,164,162,167,166
"1860 Laxå","totalt","F byggindustri","utrikes född",5,6,8,8,9,8,8,8,9,9,8,9,8,5,7,8,7,7,8,10,8,9,7,7,6,10,4,5,3,9,12,8,9,10,9,9,9,7,9,9,7,12,6,6,6,5,6,6,9,9,9,7,8,8,8,8,7,11,11,11,7,7,7,7,10,10,10,8,8,9,9,8,8,11,11,11,12,10,12,13,11,10,10,10,10,14,16,17,13,12,16,12,14,14,17,17,15,13,14,13,13,11,14,14,13,15,16,16,21,18,18,17,18,17,19,20,20,17,17,15,16,14,16,16,16,17,11,12,13,15,16,16,15,14,15,15,13,17,17,17,13,17,15,15,15,13,13,14,12,19,19,14,14,14,11,16
"1861 Hallsberg","män","F byggindustri","totalt",578,569,570,568,571,580,587,596,598,572,583,585,577,563,531,527,526,553,581,580,552,560,552,540,529,519,525,532,539,542,569,565,560,564,586,578,578,568,581,552,574,576,582,574,578,573,555,547,517,523,527,528,530,550,552,548,542,524,528,527,512,522,528,538,547,559,573,568,571,577,581,564,559,553,558,559,562,572,648,647,653,646,649,652,664,666,655,659,668,668,656,645,651,650,652,670,686,697,686,690,689,680,668,673,675,691,705,701,729,728,719,725,725,732,739,708,725,708,729,727,733,714,733,707,703,692,686,662,669,671,676,689,690,681,667,659,667,671,659,655,653,645,660,682,686,687,679,686,680,679,680,674,668,672,684,698
"1861 Hallsberg","män","F byggindustri","inrikes född",525,512,511,512,515,525,527,538,535,520,524,528,515,504,496,487,490,512,536,538,511,515,503,498,487,478,483,487,490,493,521,516,506,511,528,528,524,516,528,508,522,524,532,522,522,517,503,500,469,475,476,479,481,499,500,494,490,469,474,472,461,470,477,484,487,497,506,502,502,515,517,500,501,499,506,507,512,520,576,574,578,570,576,576,590,594,585,583,592,581,574,568,569,572,570,580,596,605,597,601,600,588,582,579,577,591,598,595,610,604,600,604,604,601,603,582,596,591,600,599,612,598,607,593,583,568,573,548,555,551,553,572,576,568,559,553,563,558,550,549,544,540,549,572,574,571,563,576,574,572,574,568,561,562,575,581
"1861 Hallsberg","män","F byggindustri","utrikes född",58,58,58,58,54,60,60,58,57,57,59,59,59,58,35,36,37,42,42,41,44,41,45,43,44,40,44,44,51,48,49,52,51,52,54,53,54,53,57,48,51,51,50,51,55,50,53,48,45,49,52,49,45,51,51,54,49,55,55,54,52,52,53,57,58,63,69,63,65,62,64,64,55,52,53,51,50,57,69,74,74,71,71,74,76,71,74,76,76,83,77,78,81,79,86,87,94,89,92,91,87,88,87,93,99,99,108,106,116,120,118,118,124,126,132,129,131,120,125,123,122,117,126,119,116,123,116,116,114,118,118,118,111,114,109,108,109,111,109,106,105,104,110,108,110,116,113,114,106,111,109,104,107,107,110,114
"1861 Hallsberg","kvinnor","F byggindustri","totalt",53,50,53,55,52,53,51,58,55,51,55,59,57,61,57,50,53,60,63,62,61,57,54,59,57,58,57,56,60,63,65,64,61,59,63,62,59,60,66,63,60,66,67,63,71,63,60,67,60,58,59,65,62,70,67,74,69,70,76,72,72,66,70,67,65,66,71,64,63,64,69,68,69,71,76,70,63,68,54,53,55,62,59,61,56,57,59,58,60,59,57,58,54,56,56,63,67,66,68,67,66,66,67,69,65,65,70,72,72,71,68,63,65,65,60,66,63,64,67,71,71,69,73,74,69,77,70,72,69,68,69,69,68,73,68,74,74,75,74,71,71,72,68,69,73,67,65,69,75,75,79,79,78,78,76,79
"1861 Hallsberg","kvinnor","F byggindustri","inrikes född",48,45,49,48,48,51,46,51,45,49,51,55,51,56,50,48,51,57,55,56,52,50,49,51,51,56,55,57,56,60,56,61,60,54,56,55,56,55,60,60,59,63,61,60,62,57,53,59,55,54,55,61,58,61,59,64,59,63,66,64,65,61,63,63,56,61,62,61,58,56,62,63,63,64,63,66,59,62,51,47,50,56,58,57,54,53,52,52,54,52,52,52,51,53,50,56,62,58,58,56,58,55,59,62,62,60,60,64,64,67,59,55,57,55,55,60,58,55,61,62,65,63,64,61,59,69,61,63,63,61,61,60,57,65,62,66,64,67,63,61,60,62,60,60,58,57,60,59,65,63,66,65,68,69,66,69
"1861 Hallsberg","kvinnor","F byggindustri","utrikes född",4,4,4,4,6,6,6,3,3,3,3,3,3,7,5,5,5,4,9,9,9,9,9,9,4,3,0,0,0,3,3,3,4,4,4,4,3,4,4,3,4,4,7,8,5,5,6,6,7,6,6,6,4,7,6,8,7,7,11,7,7,7,9,7,7,7,7,7,7,5,7,5,7,7,7,4,8,3,6,6,6,6,6,6,6,6,4,4,4,4,4,4,4,4,4,4,6,6,6,6,5,5,9,7,7,5,7,7,7,8,8,4,6,6,5,8,6,7,7,8,9,7,10,9,9,10,7,9,9,9,10,9,9,9,9,9,9,7,10,9,9,9,7,7,10,10,7,8,7,8,12,12,12,10,10,10
"1861 Hallsberg","totalt","F byggindustri","totalt",633,615,624,623,625,631,639,655,647,628,638,643,633,629,587,576,576,610,641,640,616,616,607,598,589,576,583,590,598,603,632,628,620,620,645,642,637,627,647,611,634,641,648,641,645,637,615,613,579,580,585,594,594,619,619,620,604,596,606,594,581,592,595,608,611,629,640,635,636,638,650,632,623,624,629,627,624,640,698,699,705,706,711,713,721,718,716,717,731,726,711,704,705,712,712,731,756,761,753,757,757,746,734,739,739,751,768,771,802,799,785,788,789,790,801,776,788,772,796,793,805,787,806,783,772,771,755,734,737,737,741,757,758,757,738,737,743,746,730,721,717,718,723,750,758,752,743,759,755,753,759,751,749,749,760,776
"1861 Hallsberg","totalt","F byggindustri","inrikes född",569,556,560,564,567,571,576,590,585,567,577,580,565,562,549,535,535,568,596,595,564,570,556,548,538,534,538,544,547,551,580,574,564,565,585,584,580,573,585,564,580,584,593,581,584,575,558,562,530,527,532,538,542,560,561,560,550,533,542,535,525,530,536,545,546,559,567,560,563,570,584,565,559,566,570,572,567,581,625,624,627,630,631,630,644,651,640,636,644,634,629,619,619,626,622,638,656,662,653,661,660,646,644,642,637,648,657,658,673,670,656,659,661,660,661,640,651,647,664,666,677,661,669,653,643,641,634,610,616,616,616,633,636,635,620,617,624,628,616,611,604,605,607,633,634,625,624,638,642,633,642,634,633,631,638,647
"1861 Hallsberg","totalt","F byggindustri","utrikes född",61,61,59,62,60,63,59,64,61,62,63,62,65,68,40,44,42,44,48,48,49,51,53,50,51,44,47,47,49,49,53,56,55,53,60,56,54,54,63,51,54,55,54,57,60,56,59,52,50,56,55,55,52,60,62,59,57,63,65,63,58,58,57,64,67,69,73,71,72,70,67,72,64,62,58,55,53,60,75,75,81,77,79,81,77,72,79,82,84,90,85,84,83,86,87,95,100,101,99,98,95,97,92,96,103,107,117,112,125,129,127,128,129,132,136,135,138,123,133,131,128,123,136,128,130,130,122,124,121,126,127,126,123,123,120,117,118,119,119,111,112,110,116,118,125,125,119,122,115,122,119,117,120,116,116,126
"1862 Degerfors","män","F byggindustri","totalt",169,164,160,158,150,152,161,161,160,153,149,147,151,144,137,134,155,160,157,160,161,163,163,161,162,156,161,150,155,158,168,163,158,164,167,160,156,157,157,161,163,176,173,176,176,178,174,171,173,158,156,159,158,166,162,160,137,139,140,142,140,136,135,135,142,137,138,132,128,133,132,128,128,129,131,132,129,132,291,287,284,283,289,287,298,296,292,292,296,287,289,280,265,267,272,282,286,281,283,285,293,291,293,283,287,280,290,293,303,305,298,300,301,298,296,293,289,287,289,295,294,300,294,293,296,291,288,288,279,280,278,275,284,284,264,260,263,263,256,246,249,252,259,263,265,258,254,265,262,264,254,253,259,260,258,263
"1862 Degerfors","män","F byggindustri","inrikes född",153,153,145,147,141,140,150,152,148,144,137,136,140,129,125,124,141,147,148,148,147,153,152,152,152,149,148,139,142,147,159,151,146,152,153,148,145,142,145,149,152,163,164,161,161,162,156,154,156,146,142,144,145,150,147,144,125,132,129,131,127,127,124,125,127,123,125,122,117,116,120,118,116,115,118,118,111,114,273,263,259,263,267,268,275,275,270,273,268,264,263,259,245,248,251,262,268,260,266,266,273,268,268,259,262,256,268,268,279,281,278,277,274,272,270,265,264,264,263,270,268,266,267,269,266,269,263,257,256,251,252,254,262,262,243,240,244,241,235,229,227,234,234,239,241,236,228,233,233,235,233,229,234,239,238,239
"1862 Degerfors","män","F byggindustri","utrikes född",13,14,15,12,9,9,15,11,12,11,9,9,10,10,12,12,11,14,8,11,11,13,11,11,11,11,11,11,12,12,12,10,11,12,13,12,12,15,13,10,13,12,12,15,18,16,18,14,14,15,12,14,14,17,14,16,13,10,9,11,12,11,11,11,12,10,13,12,15,13,13,9,10,15,14,12,14,15,21,23,21,22,23,20,23,24,22,22,26,24,23,24,20,18,21,21,21,17,16,18,21,23,23,24,23,21,18,22,19,25,22,24,24,21,25,24,24,22,21,23,26,30,26,24,27,24,24,26,28,27,25,24,22,24,20,20,20,20,20,20,20,20,19,18,23,26,24,27,24,27,24,25,24,22,25,24
"1862 Degerfors","kvinnor","F byggindustri","totalt",10,12,13,9,12,12,13,13,14,16,14,13,15,13,12,14,17,21,21,19,19,22,21,20,21,21,20,23,24,27,30,26,26,29,28,31,28,26,23,26,26,30,25,24,26,29,30,30,25,25,27,28,25,26,25,23,22,23,21,18,22,17,21,21,23,23,22,19,23,19,19,19,20,20,18,18,17,20,19,23,20,22,19,22,22,21,22,24,21,19,23,23,23,26,26,27,32,26,28,27,29,26,30,28,29,24,29,32,32,28,28,30,26,31,30,28,28,27,29,30,28,27,28,30,28,30,23,24,27,25,26,24,26,27,20,26,25,22,23,19,23,23,22,19,26,23,24,24,20,22,24,20,21,23,22,23
"1862 Degerfors","kvinnor","F byggindustri","inrikes född",7,10,8,6,6,6,6,10,10,13,12,8,10,11,10,11,14,17,19,17,19,17,19,17,14,16,17,22,21,22,26,21,21,21,21,26,27,21,20,20,24,24,20,21,22,20,25,25,18,21,21,19,23,20,21,17,15,20,18,18,17,19,19,18,16,17,19,19,20,19,19,19,17,17,13,13,14,18,17,17,18,18,16,16,17,19,22,21,16,19,20,20,20,23,23,24,29,23,31,25,24,26,21,26,21,23,25,28,26,27,23,25,25,28,29,23,25,25,26,24,27,25,21,24,24,25,24,19,19,22,20,21,24,20,20,21,22,21,25,21,20,20,20,16,24,19,20,17,18,21,22,22,20,20,20,24
"1862 Degerfors","kvinnor","F byggindustri","utrikes född",3,3,3,3,5,5,8,3,3,5,3,3,3,3,3,3,5,3,7,7,8,5,8,8,7,3,3,4,5,5,5,4,4,4,4,4,5,5,4,7,4,3,3,3,7,6,6,6,3,5,4,4,3,3,3,4,5,5,3,5,3,5,4,3,3,5,3,5,3,5,5,5,5,5,5,5,5,3,4,3,3,3,3,3,3,3,3,3,3,3,3,4,4,4,4,4,3,3,3,5,3,3,3,0,0,0,3,3,3,0,0,0,3,3,3,3,3,4,3,6,6,6,6,6,3,3,0,4,4,4,4,4,4,4,4,4,0,0,0,0,3,0,0,0,3,0,3,3,3,3,3,0,0,5,0,4
"1862 Degerfors","totalt","F byggindustri","totalt",181,177,170,171,164,164,174,175,174,169,165,163,163,154,151,153,175,179,182,180,182,184,183,183,185,179,181,173,182,187,195,190,184,191,194,192,188,183,182,188,188,202,202,199,205,207,202,197,198,185,182,184,183,192,187,189,163,164,157,163,159,155,157,157,162,155,161,155,154,150,154,148,146,148,147,145,146,148,313,308,305,301,306,308,321,317,315,317,315,307,309,302,291,292,299,311,318,305,312,315,324,318,320,311,312,304,318,319,332,331,326,329,329,329,328,321,315,314,316,319,325,325,321,325,322,321,314,309,308,301,302,303,309,308,289,288,289,285,279,271,266,274,283,279,292,284,277,285,281,287,282,277,280,285,284,292
"1862 Degerfors","totalt","F byggindustri","inrikes född",162,161,155,153,149,147,157,161,159,156,151,149,146,144,137,135,153,163,169,163,167,167,169,167,167,161,162,157,164,169,178,174,169,175,176,174,167,165,165,169,175,186,186,179,182,186,182,178,178,160,162,160,165,173,166,166,143,147,147,148,145,144,141,142,147,141,143,137,135,135,138,133,131,132,130,130,126,132,289,283,276,281,283,283,295,292,289,290,290,279,286,275,266,272,273,285,295,286,292,292,298,294,293,285,286,280,297,298,307,308,302,303,303,302,296,290,288,291,291,294,295,293,289,293,290,291,289,280,277,273,275,277,284,281,266,262,264,263,260,249,245,249,257,258,264,256,250,254,253,259,251,251,251,260,254,264
"1862 Degerfors","totalt","F byggindustri","utrikes född",16,18,18,14,15,15,20,15,13,14,15,15,14,16,15,15,19,17,14,16,15,16,17,17,19,18,19,16,19,19,15,16,18,18,19,17,20,20,18,18,17,19,19,19,25,20,23,23,22,18,19,20,19,20,22,23,17,17,11,13,14,13,14,15,15,18,18,16,20,18,16,15,16,15,19,17,17,18,23,25,28,25,27,23,25,25,22,23,27,28,27,25,26,24,22,22,22,20,20,20,25,28,27,25,28,24,26,23,25,25,24,28,27,26,30,32,26,25,24,29,28,35,32,29,31,28,25,32,31,29,29,27,26,29,24,24,22,22,22,22,24,23,23,22,26,29,31,31,28,29,26,28,25,23,27,25
"1863 Hällefors","män","F byggindustri","totalt",175,165,165,169,180,174,186,189,181,182,183,178,180,170,170,166,188,194,201,204,191,190,198,189,173,166,177,176,172,180,183,172,175,178,183,174,168,150,156,162,163,161,166,155,150,152,141,148,141,139,135,133,139,138,140,148,140,141,142,134,133,130,130,137,139,147,143,144,137,136,133,138,130,128,134,138,139,140,195,186,190,193,202,197,212,216,213,207,204,204,200,195,196,195,214,218,226,225,216,216,212,208,193,192,201,201,201,203,212,195,211,207,206,200,187,177,186,190,189,187,190,184,178,177,169,174,168,165,156,158,157,161,165,172,162,165,166,165,164,160,160,166,169,175,173,171,170,171,172,177,161,165,168,169,170,165
"1863 Hällefors","män","F byggindustri","inrikes född",156,146,147,150,155,154,169,168,161,163,161,153,159,148,148,148,165,168,170,176,167,162,171,160,149,151,154,152,150,155,161,152,155,154,157,153,146,132,135,138,142,136,142,133,133,136,127,134,127,123,123,122,125,127,126,131,124,123,127,121,118,115,113,113,119,123,120,121,111,113,114,119,106,108,111,111,117,115,174,166,165,173,178,175,188,187,181,182,182,177,178,170,169,172,184,187,194,193,184,185,179,177,164,168,177,176,174,176,185,170,181,177,180,174,167,157,165,166,163,161,164,162,159,158,154,155,149,144,141,147,140,149,151,152,143,145,146,147,143,140,136,144,144,151,151,153,148,151,152,152,139,142,144,140,146,137
"1863 Hällefors","män","F byggindustri","utrikes född",15,18,19,16,23,17,21,19,20,22,22,20,21,21,21,20,25,25,29,27,27,28,25,26,23,18,23,22,24,25,23,18,20,22,25,25,22,17,19,23,20,21,18,20,19,19,16,17,15,13,12,8,11,11,15,17,16,14,18,18,14,16,16,19,18,21,24,23,23,18,19,22,22,21,27,23,26,25,23,19,24,21,24,22,26,28,27,26,29,24,26,24,27,23,29,31,32,30,28,28,29,29,28,26,23,25,26,27,23,22,29,27,24,24,20,20,20,24,25,24,25,20,21,21,17,20,19,20,16,15,15,15,18,19,16,21,22,19,21,20,23,23,25,26,24,22,24,22,23,23,22,23,22,27,25,25
"1863 Hällefors","kvinnor","F byggindustri","totalt",17,20,18,20,20,18,18,22,19,19,19,20,22,21,26,20,25,22,25,21,22,18,17,17,17,16,18,16,16,18,18,15,18,17,20,20,18,16,16,18,19,22,17,18,20,18,20,17,14,19,23,20,16,20,21,20,20,21,22,17,19,16,16,16,14,13,17,15,17,15,14,13,13,16,19,13,15,14,18,20,20,22,23,26,22,23,23,18,19,20,21,21,22,21,23,20,24,21,21,18,19,19,18,21,21,21,19,17,16,18,17,15,20,19,16,14,20,16,15,19,16,18,15,16,15,15,19,17,19,19,12,15,19,18,20,19,17,16,18,14,14,14,18,17,13,13,13,17,20,17,17,18,18,17,17,13
"1863 Hällefors","kvinnor","F byggindustri","inrikes född",17,20,18,20,20,18,18,22,19,19,19,20,22,18,20,20,21,22,24,18,20,16,15,14,13,19,16,15,15,15,15,15,18,11,17,16,17,19,19,19,15,21,17,18,16,19,16,18,15,15,18,20,17,17,18,20,19,20,15,17,17,14,14,14,14,12,10,13,14,9,12,9,9,10,12,9,9,12,17,19,20,19,19,22,22,23,23,18,19,19,20,21,20,21,16,21,22,17,20,17,20,17,16,19,18,18,16,16,13,18,17,14,19,16,16,17,17,12,16,15,16,16,17,11,15,17,18,17,15,16,11,16,17,16,16,16,17,15,15,14,14,14,16,13,13,13,12,14,12,14,14,13,12,14,14,12
"1863 Hällefors","kvinnor","F byggindustri","utrikes född",0,0,0,0,0,0,0,0,0,0,0,0,0,0,0,0,0,0,0,0,0,0,0,0,0,0,0,0,0,0,0,0,0,0,0,0,0,0,0,0,0,0,0,0,0,0,0,0,0,0,0,0,0,0,0,0,0,0,0,0,0,0,0,0,0,0,0,0,0,0,3,3,3,3,3,3,0,0,0,0,0,0,0,0,0,0,0,0,0,0,3,0,0,0,0,0,0,0,0,0,0,3,3,3,3,3,0,3,3,0,0,0,3,0,0,0,0,0,0,0,0,0,0,0,0,0,0,0,0,0,0,0,0,0,0,0,0,0,0,0,0,0,0,0,0,0,0,3,3,3,3,3,3,3,0,0
"1863 Hällefors","totalt","F byggindustri","totalt",187,184,184,189,198,194,208,212,205,203,200,197,203,193,194,192,210,215,223,227,214,208,213,206,185,185,194,192,190,195,199,191,193,195,202,196,184,168,174,179,184,181,183,176,171,171,158,166,156,158,158,153,156,158,161,168,156,159,165,153,153,147,146,147,153,158,158,157,152,148,151,158,146,145,151,153,153,156,211,209,211,215,222,219,234,238,234,225,227,226,222,217,213,215,233,239,245,246,233,230,229,225,209,209,220,223,220,219,229,211,222,222,226,221,203,194,204,206,204,199,204,200,196,194,186,189,182,182,174,178,171,176,183,189,178,182,184,182,181,173,178,185,183,191,192,189,187,186,191,192,179,176,185,182,184,175
"1863 Hällefors","totalt","F byggindustri","inrikes född",170,163,167,172,174,176,185,193,185,182,179,176,177,171,172,172,189,190,196,194,186,181,186,176,161,167,171,171,165,170,179,170,172,168,176,170,164,149,155,155,158,156,164,152,150,149,141,152,142,139,141,141,140,142,144,146,140,142,145,138,131,126,126,129,129,134,132,135,123,125,129,132,117,118,123,125,127,127,191,187,185,193,200,198,209,209,208,200,197,197,195,192,190,188,202,204,215,215,204,202,199,196,181,183,192,194,195,192,204,189,197,193,198,196,183,172,182,178,180,178,183,175,173,169,163,172,168,160,158,160,156,162,164,168,159,162,161,161,156,155,156,156,157,167,162,164,162,163,165,164,153,152,157,155,157,151
"1863 Hällefors","totalt","F byggindustri","utrikes född",15,18,19,16,23,17,21,19,20,22,22,20,26,23,21,20,26,26,29,31,28,28,27,26,24,18,21,20,25,24,26,18,20,25,25,23,25,21,24,26,24,24,18,22,22,21,15,14,17,18,15,13,13,13,15,17,17,17,19,16,18,18,19,21,21,26,27,26,29,21,22,28,26,26,25,30,27,30,19,22,23,22,22,22,26,28,27,26,29,27,29,24,27,23,30,32,32,32,28,27,32,32,32,29,26,28,27,29,23,22,29,27,27,26,20,23,26,24,27,24,25,22,25,22,19,18,19,20,17,15,16,16,17,20,18,20,21,23,21,25,26,25,25,28,27,25,25,24,23,28,26,27,29,27,26,26
"1864 Ljusnarsberg","män","F byggindustri","totalt",99,91,91,96,94,95,98,99,102,102,100,99,95,95,95,95,95,99,99,94,91,92,93,90,92,89,88,85,88,91,93,89,83,87,90,89,89,82,82,85,85,87,94,91,90,93,87,88,88,81,86,86,82,89,85,89,87,85,86,89,84,83,84,86,81,87,83,85,90,91,90,91,86,83,85,83,82,77,156,153,148,154,157,156,151,149,152,148,153,147,143,139,143,142,142,151,154,150,150,151,149,151,147,147,141,141,139,144,148,142,141,144,147,151,148,138,145,143,145,147,147,146,148,152,150,138,136,138,138,131,136,134,136,137,133,139,138,134,138,126,134,134,132,135,131,132,135,131,133,131,129,126,128,130,133,131
"1864 Ljusnarsberg","män","F byggindustri","inrikes född",91,90,84,89,85,90,96,94,91,95,90,90,85,86,90,90,84,86,86,87,85,83,80,81,82,81,79,76,80,85,85,81,78,79,81,82,83,76,76,78,80,79,89,85,82,83,78,79,78,73,74,77,75,74,79,81,73,80,78,78,79,76,76,75,79,76,77,78,80,80,80,77,74,71,77,74,75,67,145,141,141,146,145,143,142,141,143,139,145,138,134,126,133,131,130,137,142,137,138,142,136,140,136,131,135,133,127,132,133,131,126,129,131,137,131,124,131,128,126,131,134,130,130,132,131,123,126,122,121,119,120,117,122,121,119,123,121,116,121,111,116,120,117,117,115,116,117,112,114,110,110,106,109,112,117,114
"1864 Ljusnarsberg","män","F byggindustri","utrikes född",8,5,5,5,6,6,5,7,8,8,9,9,6,6,9,10,12,12,12,12,12,8,8,8,13,8,7,7,8,8,8,8,8,8,10,10,9,6,6,6,10,10,11,10,10,7,7,7,7,7,12,10,10,12,6,10,10,6,12,9,11,11,11,9,9,9,9,9,8,9,12,15,10,10,9,10,12,12,13,12,11,11,11,11,8,7,11,11,8,9,10,11,11,13,10,15,13,13,13,9,12,13,15,14,12,9,10,12,13,15,14,14,14,16,13,12,15,14,15,17,16,20,19,17,18,13,13,17,15,17,16,15,14,14,14,16,15,15,15,15,15,15,16,18,13,18,18,17,15,21,18,18,18,16,18,17
"1864 Ljusnarsberg","kvinnor","F byggindustri","totalt",7,13,8,9,12,11,12,12,12,14,12,12,11,11,9,13,13,13,11,10,10,9,7,9,9,9,11,10,10,12,10,9,9,14,14,13,13,10,9,11,11,11,10,10,10,9,10,12,11,11,11,9,9,9,9,11,9,9,12,10,10,10,10,10,10,8,8,7,7,7,8,7,7,7,7,7,7,7,8,7,8,7,7,8,9,8,8,6,7,7,7,7,7,7,7,7,10,11,12,12,12,12,11,13,11,11,11,15,14,14,11,14,13,11,11,11,11,14,14,14,12,13,17,13,17,14,12,16,16,17,13,14,16,13,11,11,13,15,11,11,11,11,11,9,9,10,10,14,12,13,13,8,11,11,11,14
"1864 Ljusnarsberg","kvinnor","F byggindustri","inrikes född",9,6,8,7,8,9,11,11,11,9,11,9,11,11,7,11,11,11,10,7,7,8,4,11,8,8,7,8,8,10,8,7,7,7,7,8,8,8,6,7,7,7,7,7,7,7,7,7,8,8,8,8,8,8,8,9,3,3,7,4,4,4,4,4,4,3,3,3,3,3,8,5,4,4,3,3,3,5,7,4,6,4,4,5,5,6,6,8,3,3,3,3,3,3,3,7,7,10,10,9,9,9,12,11,9,9,9,12,14,9,10,9,11,7,6,6,7,8,7,7,9,12,11,11,11,11,9,10,11,10,9,11,8,10,8,8,9,8,8,8,8,8,8,8,8,8,8,9,12,9,8,8,8,8,8,11
"1864 Ljusnarsberg","kvinnor","F byggindustri","utrikes född",0,0,3,3,3,3,0,3,3,4,4,4,0,0,0,3,3,0,0,0,0,0,0,0,0,0,3,3,3,3,3,0,0,3,3,3,3,3,3,3,3,3,6,6,6,3,6,4,4,4,4,5,5,5,5,5,5,5,5,5,5,5,5,5,5,5,5,3,3,3,3,4,3,3,3,3,3,5,0,0,0,0,0,0,3,3,3,0,0,0,0,0,0,3,3,0,0,0,0,0,0,0,0,0,3,3,3,3,3,0,0,3,4,4,4,4,4,4,4,4,5,5,5,4,5,8,4,4,4,5,5,5,5,5,5,5,5,6,5,5,5,5,5,5,5,3,3,3,3,4,3,3,3,3,3,5
"1864 Ljusnarsberg","totalt","F byggindustri","totalt",107,106,99,105,104,106,108,113,113,114,111,110,107,102,107,109,107,110,108,108,106,105,100,102,105,99,101,95,99,103,102,96,95,96,99,100,97,92,91,96,96,98,108,100,99,100,100,98,97,93,93,94,95,96,98,101,92,95,98,97,97,97,97,96,92,97,89,95,95,95,99,97,93,90,91,93,87,87,163,160,159,160,163,164,161,160,163,155,159,158,148,143,150,154,150,161,161,164,159,161,159,163,160,156,156,155,154,155,162,156,152,155,158,162,159,149,157,158,155,160,164,161,165,162,167,155,147,153,153,148,152,150,147,151,147,150,150,146,150,138,146,149,143,143,142,144,142,145,144,144,137,135,138,140,145,140
"1864 Ljusnarsberg","totalt","F byggindustri","inrikes född",99,96,93,95,98,102,106,101,102,104,100,97,96,93,98,99,95,98,97,97,96,92,91,91,92,88,89,85,88,92,92,91,84,87,90,88,87,83,80,82,83,87,98,89,89,91,85,82,83,80,81,84,82,83,85,85,80,79,84,83,86,82,83,83,81,84,80,83,87,88,85,79,76,76,78,76,74,75,152,148,143,151,152,148,150,146,151,143,147,146,140,130,134,135,136,146,151,146,145,148,143,149,144,138,141,143,140,143,144,140,135,138,138,144,139,130,139,139,137,138,141,136,142,142,141,135,131,130,131,129,131,130,132,131,128,129,130,127,125,120,126,125,125,123,122,123,122,123,126,123,119,115,116,121,124,121
"1864 Ljusnarsberg","totalt","F byggindustri","utrikes född",8,7,7,7,6,6,8,8,10,12,9,9,11,11,9,10,12,14,11,11,11,10,11,11,13,11,11,11,8,8,8,8,11,12,12,12,11,12,12,12,12,12,11,12,12,11,11,11,11,11,15,12,13,15,13,13,13,13,11,12,11,11,11,12,10,10,10,10,8,10,15,16,17,17,10,13,10,15,16,10,13,11,11,13,11,14,13,13,13,14,14,12,17,15,16,13,14,13,14,12,14,13,12,17,14,13,16,14,18,15,16,20,20,19,19,19,18,21,19,22,22,22,24,25,24,22,19,24,22,19,21,19,16,19,19,19,24,23,24,20,24,24,19,21,20,18,21,21,19,26,22,20,20,17,21,21
"1880 Örebro","män","F byggindustri","totalt",5201,5187,5248,5203,5249,5292,5357,5337,5319,5276,5342,5342,5320,5284,5356,5373,5372,5477,5593,5557,5516,5496,5555,5540,5466,5432,5462,5481,5529,5527,5644,5624,5624,5607,5651,5641,5602,5540,5524,5509,5556,5582,5679,5618,5627,5584,5577,5486,5443,5341,5279,5251,5312,5342,5419,5338,5360,5369,5383,5352,5242,5211,5245,5207,5253,5271,5326,5284,5256,5266,5295,5316,5259,5185,5186,5274,5310,5379,4241,4208,4193,4179,4220,4264,4298,4288,4276,4241,4266,4264,4247,4212,4235,4248,4267,4361,4467,4437,4420,4385,4404,4413,4340,4276,4293,4301,4349,4377,4470,4468,4427,4376,4422,4406,4381,4314,4310,4332,4375,4386,4481,4433,4419,4361,4332,4272,4207,4153,4121,4139,4180,4224,4282,4209,4195,4199,4211,4159,4072,4051,4070,4095,4137,4151,4196,4171,4110,4126,4132,4106,4054,4007,4019,4080,4088,4133
"1880 Örebro","män","F byggindustri","inrikes född",4717,4697,4768,4713,4750,4781,4857,4834,4811,4767,4798,4776,4781,4752,4768,4775,4765,4839,4930,4894,4873,4825,4883,4859,4777,4745,4769,4782,4816,4813,4911,4880,4901,4857,4877,4878,4866,4798,4788,4741,4776,4796,4881,4823,4820,4794,4794,4721,4702,4615,4556,4544,4575,4616,4689,4604,4633,4648,4653,4612,4542,4497,4514,4507,4550,4578,4648,4608,4586,4576,4620,4629,4596,4516,4523,4586,4612,4662,3808,3777,3772,3752,3782,3823,3867,3841,3828,3795,3813,3792,3794,3764,3771,3766,3777,3846,3926,3884,3882,3829,3857,3857,3791,3744,3744,3746,3782,3795,3881,3872,3845,3789,3809,3808,3808,3746,3728,3727,3768,3775,3864,3827,3806,3765,3743,3695,3640,3601,3573,3607,3625,3670,3729,3672,3649,3652,3667,3617,3562,3519,3534,3554,3595,3618,3673,3648,3601,3604,3619,3584,3562,3512,3532,3572,3572,3605
"1880 Örebro","män","F byggindustri","utrikes född",482,490,481,489,494,506,499,503,507,506,545,562,539,532,589,602,606,641,662,663,644,671,667,683,686,683,694,700,715,712,736,745,723,753,775,763,735,737,740,768,784,789,797,795,805,786,784,763,745,727,723,704,735,724,731,732,729,723,731,742,698,711,733,698,703,692,678,680,672,688,675,689,662,665,662,691,697,718,434,432,422,427,440,439,431,443,450,444,457,473,454,449,465,478,487,511,541,551,539,555,545,560,553,536,548,556,568,579,584,596,584,587,608,594,571,565,582,599,606,610,616,605,613,598,591,580,568,552,548,533,555,552,557,538,549,546,546,540,507,532,533,540,544,533,524,525,512,520,514,523,496,497,487,507,515,528
"1880 Örebro","kvinnor","F byggindustri","totalt",528,538,538,531,521,537,548,530,535,521,529,523,514,515,529,526,515,538,571,563,548,533,541,546,529,540,557,543,552,575,593,580,581,563,568,567,562,567,569,565,579,571,600,580,581,573,591,582,581,574,582,570,571,572,594,579,576,568,587,572,575,564,567,562,584,575,599,581,584,584,590,583,579,559,552,567,570,582,447,464,445,442,446,455,461,449,452,434,447,446,446,435,447,441,436,454,484,469,470,446,452,457,452,453,468,456,468,490,509,494,485,475,481,488,481,485,493,491,496,483,514,494,496,483,494,487,474,467,472,464,464,456,489,483,462,456,479,468,472,453,467,458,473,467,487,471,475,485,477,472,460,454,454,460,460,474
"1880 Örebro","kvinnor","F byggindustri","inrikes född",477,485,491,479,470,484,493,478,483,477,479,475,464,466,471,468,460,478,508,500,492,480,481,487,472,474,491,479,487,509,527,514,513,490,498,491,489,494,498,494,506,500,529,513,516,505,522,507,512,503,507,504,504,509,526,515,516,501,524,509,505,497,499,494,516,513,533,515,518,519,529,524,515,500,494,502,509,519,397,408,397,391,397,404,411,401,406,389,401,400,391,387,396,391,383,402,429,421,417,400,394,403,394,396,406,395,408,419,442,429,421,402,412,418,417,416,425,419,423,419,447,429,430,423,432,425,409,401,405,402,401,402,423,422,408,399,420,411,409,393,407,402,419,412,428,418,422,430,420,416,405,398,402,405,407,418
"1880 Örebro","kvinnor","F byggindustri","utrikes född",53,52,50,51,53,50,54,47,51,48,49,50,50,49,55,56,54,58,62,63,56,57,61,59,59,64,67,62,65,71,67,67,70,77,73,76,72,70,69,76,71,68,72,68,71,69,71,70,67,71,75,69,67,61,67,63,62,65,64,64,69,69,68,65,70,65,67,65,65,69,63,65,62,60,61,62,63,59,51,55,49,53,54,52,53,49,51,46,47,51,51,48,51,48,52,55,60,52,50,46,56,55,56,59,58,59,62,69,64,65,67,73,69,69,63,69,69,69,73,66,70,68,67,58,64,64,63,67,66,65,62,58,63,62,57,60,60,59,60,55,59,57,58,55,57,52,59,57,54,58,55,52,53,51,51,54
"1880 Örebro","totalt","F byggindustri","totalt",5730,5722,5790,5731,5771,5825,5907,5867,5852,5793,5870,5862,5834,5799,5883,5902,5887,6010,6163,6121,6069,6032,6097,6086,5997,5970,6016,6024,6085,6099,6238,6206,6207,6171,6223,6204,6162,6104,6098,6075,6137,6153,6278,6201,6211,6156,6172,6069,6024,5912,5861,5821,5879,5914,6011,5916,5936,5940,5971,5926,5814,5773,5813,5768,5838,5850,5926,5865,5841,5853,5887,5902,5840,5746,5740,5838,5878,5958,4689,4671,4636,4620,4667,4718,4761,4737,4732,4671,4709,4711,4693,4648,4682,4686,4702,4815,4952,4905,4890,4828,4857,4873,4791,4733,4763,4756,4822,4867,4980,4963,4916,4849,4901,4896,4862,4799,4805,4820,4872,4870,4997,4931,4917,4842,4828,4763,4680,4618,4588,4602,4641,4684,4771,4693,4660,4655,4692,4629,4542,4502,4538,4548,4609,4619,4687,4644,4588,4611,4611,4581,4519,4459,4479,4540,4547,4604
"1880 Örebro","totalt","F byggindustri","inrikes född",5196,5180,5255,5196,5219,5269,5353,5313,5297,5240,5276,5254,5242,5219,5240,5247,5225,5311,5435,5394,5364,5302,5366,5345,5253,5223,5260,5260,5302,5320,5441,5396,5413,5346,5376,5368,5354,5291,5283,5234,5282,5298,5407,5338,5334,5304,5311,5231,5212,5116,5066,5046,5076,5123,5211,5123,5148,5152,5175,5116,5049,4993,5012,5003,5066,5089,5178,5121,5103,5096,5148,5149,5114,5020,5014,5086,5122,5183,4207,4184,4167,4142,4176,4230,4277,4243,4232,4181,4210,4190,4185,4151,4165,4158,4162,4251,4353,4303,4298,4228,4255,4258,4181,4137,4155,4141,4190,4217,4324,4297,4264,4187,4225,4230,4227,4164,4152,4145,4190,4192,4313,4256,4238,4183,4174,4117,4050,4003,3978,4008,4025,4072,4151,4094,4059,4048,4086,4029,3972,3916,3941,3954,4014,4030,4103,4065,4022,4035,4037,4000,3967,3909,3934,3979,3975,4020
"1880 Örebro","totalt","F byggindustri","utrikes född",531,544,531,541,549,557,556,554,555,553,591,616,592,580,643,656,666,701,726,723,704,730,729,745,742,747,761,765,778,782,800,811,791,827,845,839,807,813,809,845,853,858,871,864,875,853,854,836,810,799,797,778,804,786,799,791,791,791,797,805,765,778,799,767,769,763,744,746,740,754,736,751,727,724,726,750,756,778,485,487,469,478,491,488,484,492,500,489,502,524,506,499,515,531,538,564,594,600,591,603,601,615,607,590,609,617,630,649,653,662,650,658,678,668,637,636,652,670,679,679,685,672,678,655,653,645,631,618,611,599,618,613,620,596,604,606,607,602,568,590,595,595,596,591,583,580,564,580,569,580,551,549,540,560,568,583
"1881 Kumla","män","F byggindustri","totalt",640,646,631,629,627,642,651,656,659,654,653,653,644,638,635,657,684,698,703,700,694,698,700,713,715,713,706,707,717,724,751,736,718,711,713,706,704,678,689,688,707,689,716,702,693,693,694,681,668,661,652,684,697,715,699,699,702,692,703,700,670,664,650,699,716,751,767,761,763,761,725,746,743,738,728,727,732,727,861,875,875,871,874,869,883,885,886,875,886,871,866,855,845,861,864,879,916,906,895,889,894,909,893,902,911,904,912,914,945,918,915,918,940,925,913,907,903,888,907,895,932,927,925,921,931,914,881,875,877,887,892,901,913,910,916,924,930,938,908,913,910,925,932,956,961,948,956,959,958,949,942,948,957,960,954,960
"1881 Kumla","män","F byggindustri","inrikes född",576,583,570,575,570,586,593,591,597,594,610,608,606,590,591,609,636,645,652,651,644,650,649,660,659,664,654,645,656,655,684,663,639,638,640,630,631,603,607,624,643,625,643,635,630,628,626,614,604,594,585,610,620,639,625,618,630,616,626,624,599,587,571,593,609,636,643,634,630,634,604,620,619,612,602,606,601,598,797,806,808,806,808,800,813,813,813,803,811,802,798,784,777,785,791,806,836,826,816,813,815,828,808,816,820,814,824,823,847,820,812,814,824,819,806,795,797,787,799,792,829,825,816,818,824,811,781,773,774,787,790,794,808,797,806,802,802,806,778,782,781,792,801,813,811,798,800,793,801,794,787,788,799,802,795,801
"1881 Kumla","män","F byggindustri","utrikes född",62,60,61,56,56,58,59,63,62,57,46,47,44,47,46,47,49,54,48,53,49,48,50,52,53,50,51,58,62,67,68,76,76,73,75,74,75,73,80,64,66,65,70,69,67,64,66,68,68,70,68,70,75,72,75,76,77,74,73,73,76,77,82,111,106,120,120,124,127,130,123,125,124,128,125,127,127,126,67,68,66,66,64,68,66,75,74,76,71,66,70,72,69,75,73,71,76,81,79,79,83,83,83,88,92,88,89,88,94,99,104,105,112,106,101,109,105,105,109,104,106,103,108,101,106,102,101,104,101,99,102,105,110,113,111,122,125,132,125,131,129,135,137,145,148,155,159,160,156,155,154,160,156,158,160,161
"1881 Kumla","kvinnor","F byggindustri","totalt",56,62,55,55,60,65,65,59,60,64,58,55,53,50,61,61,58,56,59,54,55,54,51,54,48,53,56,52,59,58,59,55,56,57,55,57,51,54,56,55,62,58,61,60,58,55,56,53,54,53,54,53,53,57,54,59,54,57,56,52,52,54,55,49,54,61,57,62,61,57,52,55,54,56,57,55,52,54,83,81,90,86,84,92,85,80,79,86,79,81,70,79,84,84,82,89,97,93,86,90,83,85,75,81,85,80,88,85,86,83,89,81,78,78,71,76,77,73,80,78,83,78,80,76,80,74,79,80,83,82,81,83,88,85,85,83,79,80,82,78,77,74,76,84,84,88,85,71,77,78,76,76,79,77,80,77
"1881 Kumla","kvinnor","F byggindustri","inrikes född",47,54,49,51,52,59,55,50,53,55,51,48,47,49,52,54,51,52,55,49,48,50,42,47,41,45,49,42,50,47,50,45,49,51,49,47,44,47,49,51,54,47,52,53,48,53,51,47,46,46,44,48,47,50,48,48,45,48,48,48,46,46,49,46,49,57,57,53,55,52,49,47,50,49,49,49,48,47,74,74,76,75,72,75,72,65,65,74,72,72,65,72,73,72,72,78,85,80,78,79,71,75,70,72,75,74,75,73,79,75,82,71,71,72,67,69,68,64,67,67,67,67,67,66,70,67,69,71,74,75,73,74,77,77,73,76,74,74,72,69,70,66,68,76,83,79,73,68,65,70,69,70,74,69,74,74
"1881 Kumla","kvinnor","F byggindustri","utrikes född",8,5,8,7,8,11,7,11,10,9,5,5,6,6,5,5,4,8,4,4,6,5,7,8,8,8,9,9,9,12,10,12,10,11,9,10,9,9,9,9,9,8,10,10,10,6,8,8,7,7,7,7,7,7,7,7,8,8,7,7,7,7,8,3,8,8,0,4,6,4,4,4,3,3,5,3,5,5,11,11,13,13,13,15,11,14,12,11,10,10,9,9,7,9,8,11,9,13,11,10,8,10,6,10,9,12,11,9,12,12,9,9,9,8,6,6,7,7,10,9,12,9,12,9,11,8,6,6,6,6,8,10,11,12,9,12,10,10,11,11,10,7,10,10,3,9,7,7,7,7,6,7,7,9,8,7
"1881 Kumla","totalt","F byggindustri","totalt",697,705,686,686,690,710,714,716,719,717,712,708,696,691,695,714,739,755,764,755,749,751,757,768,761,769,767,756,779,782,808,789,770,773,768,761,754,733,743,744,771,747,778,764,748,752,751,738,722,713,705,736,750,768,755,754,756,748,755,753,722,717,703,747,768,811,822,818,818,821,780,803,797,795,781,781,783,781,944,960,959,960,957,958,969,965,965,962,964,954,936,936,931,943,945,970,1010,995,983,976,978,993,968,985,998,981,999,998,1031,1005,1006,999,1017,1006,982,978,980,962,983,974,1016,1005,1003,995,1009,987,960,956,958,967,977,985,1002,995,1000,1010,1010,1020,987,990,984,999,1012,1043,1050,1037,1045,1031,1032,1031,1020,1023,1035,1035,1035,1040
"1881 Kumla","totalt","F byggindustri","inrikes född",626,639,621,627,623,641,650,645,649,651,661,655,651,634,646,659,683,696,709,697,694,696,697,706,704,709,705,689,710,703,729,704,687,687,688,676,674,653,657,672,695,675,698,688,673,677,677,661,650,639,629,655,671,684,670,672,676,664,678,674,643,635,619,635,658,690,697,690,685,687,649,668,669,662,652,652,654,647,868,882,883,881,881,876,886,879,879,878,880,874,862,851,852,862,863,889,922,907,890,887,887,901,875,886,894,886,900,895,926,898,893,886,894,890,877,867,869,849,869,860,895,889,883,881,896,876,851,843,853,862,868,870,884,874,877,876,876,876,850,852,849,859,867,885,891,874,878,863,872,868,860,857,871,870,868,872
"1881 Kumla","totalt","F byggindustri","utrikes född",71,66,67,62,67,67,68,70,67,65,48,55,47,53,50,56,56,61,54,61,53,56,56,60,58,58,60,67,73,77,76,82,87,84,85,84,83,84,89,72,75,72,79,76,76,76,75,75,73,77,75,79,81,83,82,85,83,85,81,80,80,84,83,114,111,123,124,131,134,134,130,131,127,131,132,130,131,135,75,76,76,76,76,82,80,86,85,86,79,74,78,81,76,86,80,85,86,93,88,87,90,93,96,97,101,99,101,98,104,109,112,114,120,112,108,114,113,113,120,114,120,115,119,111,114,109,108,112,110,104,111,114,116,120,121,134,137,140,137,137,138,141,143,154,156,163,167,169,161,165,161,164,169,164,168,166
"1882 Askersund","män","F byggindustri","totalt",441,440,439,449,453,459,464,451,446,442,447,452,440,401,399,411,411,426,433,426,430,434,438,430,417,410,422,421,425,429,436,426,426,421,426,427,417,405,412,410,407,411,413,397,396,383,390,385,381,371,365,369,368,383,382,387,397,406,413,413,407,388,392,388,393,379,402,403,392,386,392,387,370,378,374,379,357,379,508,505,513,505,508,523,526,514,513,510,515,523,511,488,486,482,489,503,519,509,509,511,519,503,500,497,516,509,507,515,522,504,506,503,510,509,501,497,499,498,500,504,515,506,509,497,505,493,498,496,489,485,488,484,488,489,484,485,491,491,483,469,467,459,464,465,475,476,471,476,479,473,458,467,455,459,459,457
"1882 Askersund","män","F byggindustri","inrikes född",415,416,413,423,421,432,432,418,421,414,418,423,416,375,370,384,386,399,404,397,397,401,408,401,388,382,395,396,397,402,408,397,397,391,399,399,387,376,382,385,380,385,386,370,372,358,365,363,357,347,340,342,339,345,348,347,360,363,370,363,359,358,362,345,350,346,357,354,346,345,352,352,337,348,338,342,336,340,481,486,485,484,487,498,500,491,494,486,491,502,492,465,464,461,467,475,488,481,476,484,486,473,468,468,490,482,480,488,490,477,484,473,476,477,467,464,469,473,472,473,479,469,473,468,476,467,469,465,461,456,461,457,459,459,458,458,462,457,451,442,442,436,442,443,452,450,449,448,456,448,439,442,433,432,433,434
"1882 Askersund","män","F byggindustri","utrikes född",25,23,25,26,31,34,32,32,28,28,28,28,26,26,26,27,25,27,29,30,33,32,30,28,28,29,28,25,28,29,31,27,28,28,30,28,28,27,25,25,27,27,25,24,24,23,23,25,21,24,27,22,31,37,36,38,38,44,45,53,50,30,30,42,41,34,47,48,46,40,39,34,30,29,30,34,21,37,22,21,23,21,23,26,25,24,20,21,22,21,19,20,22,25,25,29,28,26,31,28,29,28,28,27,25,27,27,28,29,31,31,32,30,29,27,27,27,28,27,31,31,32,34,34,30,26,28,29,27,25,29,28,27,30,27,28,32,30,31,23,25,26,25,23,22,25,25,25,28,23,23,26,23,22,27,23
"1882 Askersund","kvinnor","F byggindustri","totalt",41,42,39,46,48,51,45,41,48,39,42,40,41,28,33,33,31,33,41,36,39,41,42,38,39,41,43,40,44,46,45,47,43,41,41,41,40,35,39,39,41,39,41,36,34,29,27,32,37,32,29,29,30,32,37,41,36,29,32,30,26,29,27,27,32,30,32,34,30,26,23,23,29,25,28,32,33,38,48,45,44,52,49,54,54,50,51,45,46,43,46,38,43,44,36,38,45,44,51,48,48,49,49,45,47,48,54,50,54,51,50,49,45,47,46,43,44,43,47,45,47,37,39,36,36,43,42,39,38,41,44,47,46,51,51,47,50,50,45,47,51,43,50,51,54,53,55,52,55,49,50,47,45,49,49,53
"1882 Askersund","kvinnor","F byggindustri","inrikes född",39,39,37,46,45,48,45,43,47,39,41,40,37,32,32,34,30,31,38,37,39,41,35,35,39,40,39,39,43,46,44,44,42,40,38,39,34,35,36,36,35,36,38,32,30,25,25,30,32,25,27,22,27,28,33,36,31,25,26,26,22,26,26,19,26,27,29,28,29,21,24,20,25,22,24,27,29,38,44,42,41,49,47,56,51,49,49,44,48,44,43,38,42,43,39,36,43,41,47,47,48,47,45,47,48,43,47,50,48,52,48,45,44,44,43,40,42,42,44,38,40,37,37,32,32,39,38,37,32,36,41,40,42,47,47,46,47,45,43,46,46,38,45,50,47,50,50,45,47,44,46,43,42,43,44,51
"1882 Askersund","kvinnor","F byggindustri","utrikes född",3,3,3,3,3,0,0,0,0,0,0,0,0,0,0,0,0,3,3,3,5,3,3,3,3,3,3,0,0,0,3,3,0,0,0,0,0,0,3,3,5,3,7,7,8,3,6,3,4,4,4,4,7,5,5,5,5,4,5,5,5,5,5,5,5,3,3,3,3,3,3,4,4,4,3,3,0,0,0,0,3,0,0,0,0,0,0,0,0,0,0,0,0,0,0,3,3,3,3,3,3,3,3,3,3,0,0,0,3,3,0,0,0,0,0,0,3,0,3,7,3,3,3,3,6,3,3,3,3,3,4,3,3,3,3,3,3,3,3,5,7,7,7,7,3,6,6,6,6,7,7,7,3,3,6,3
"1882 Askersund","totalt","F byggindustri","totalt",484,484,477,496,501,513,506,494,494,482,490,491,484,433,434,445,445,459,474,463,471,471,478,471,460,450,462,462,471,472,485,472,470,464,465,467,452,444,449,448,448,449,453,432,431,414,420,420,418,402,391,392,396,418,418,424,431,437,448,447,437,417,422,411,419,412,438,434,424,416,420,413,398,403,400,408,393,417,550,555,551,557,561,577,579,563,562,553,563,569,552,523,530,527,529,544,566,552,560,561,567,552,546,542,567,556,561,563,575,553,561,552,558,560,545,541,546,541,546,549,559,541,547,534,541,538,542,535,528,521,535,527,531,538,534,530,543,538,529,516,518,505,516,515,528,526,523,526,534,522,513,512,497,505,505,509
"1882 Askersund","totalt","F byggindustri","inrikes född",453,458,450,466,466,478,476,459,463,454,457,461,454,406,403,423,420,430,446,431,437,443,448,441,430,423,434,433,439,444,453,440,440,432,435,436,419,413,420,418,417,417,425,404,404,386,391,389,392,374,365,364,363,376,377,382,390,385,392,389,385,385,385,367,376,375,388,383,377,368,378,373,365,367,366,368,369,375,526,529,529,533,534,553,550,538,539,533,541,543,532,505,505,504,505,513,534,523,523,528,538,521,518,512,539,525,528,532,543,527,525,520,524,525,514,504,517,512,515,513,519,505,507,499,507,507,509,505,496,493,504,495,500,504,507,502,510,506,492,490,488,475,488,488,502,501,496,495,499,494,484,481,475,478,477,483
"1882 Askersund","totalt","F byggindustri","utrikes född",27,26,27,30,32,33,32,31,29,31,31,30,25,29,29,26,27,31,29,32,36,31,32,32,31,29,27,30,31,30,32,28,33,32,31,32,32,27,28,30,30,31,30,26,29,29,28,27,26,28,31,29,33,41,42,43,41,51,50,57,56,35,35,43,44,39,52,52,44,49,42,36,35,34,35,39,20,40,25,22,27,25,26,28,25,23,20,24,24,23,19,24,23,24,24,31,31,27,34,30,31,35,32,30,28,29,31,31,31,31,30,32,32,33,33,33,32,29,35,37,36,36,38,36,36,32,29,32,34,31,37,33,32,30,30,32,33,33,35,29,31,30,27,25,25,31,30,29,33,27,27,28,26,27,32,26
"1883 Karlskoga","män","F byggindustri","totalt",878,874,869,870,877,897,922,912,904,895,921,899,910,916,900,887,888,902,1012,1001,944,941,952,953,932,907,927,926,974,973,1064,1064,998,979,979,984,981,961,967,960,990,1005,1078,1097,1024,1034,995,979,952,954,951,942,965,990,1060,1051,990,974,999,977,941,928,922,940,940,947,1023,1016,954,944,953,941,938,945,948,974,1036,1040,901,898,897,891,897,916,932,924,924,916,926,914,912,931,921,926,942,946,1070,1051,996,989,1006,997,972,952,972,959,992,991,1081,1065,1004,979,987,986,963,953,969,958,974,984,1056,1050,991,977,975,956,935,917,913,909,923,934,994,980,907,882,897,885,857,846,845,851,865,857,932,932,877,859,858,852,850,840,846,852,858,864
"1883 Karlskoga","män","F byggindustri","inrikes född",804,796,789,793,802,798,827,819,814,805,820,805,819,826,801,796,796,801,887,870,827,827,838,839,825,807,816,812,858,858,939,945,890,866,869,867,868,855,862,860,893,907,971,984,914,921,899,888,869,873,868,862,884,908,968,960,912,891,919,900,866,851,850,874,870,872,930,917,868,867,872,864,860,862,866,895,952,952,821,823,822,816,818,820,838,829,836,822,833,825,826,836,827,833,841,847,935,915,869,864,887,881,858,839,856,839,867,862,943,931,887,860,871,864,845,832,847,841,857,869,932,927,870,865,865,853,842,827,822,821,826,844,896,883,827,808,823,813,789,775,773,783,798,788,846,843,797,782,784,781,781,770,776,780,781,787
"1883 Karlskoga","män","F byggindustri","utrikes född",74,79,78,80,80,96,95,95,92,92,99,93,90,97,95,91,95,97,122,130,121,116,113,112,110,101,110,115,110,113,125,119,112,112,107,110,110,106,108,101,96,99,108,113,113,115,98,92,85,81,80,82,83,85,93,89,77,80,81,77,76,74,73,70,71,73,90,98,86,79,80,74,77,77,82,79,80,89,78,77,76,78,79,92,97,94,91,90,90,88,91,91,95,93,101,100,133,137,127,123,118,116,114,110,117,118,123,127,139,134,118,120,117,123,120,122,123,119,115,116,125,119,119,113,110,107,96,92,90,87,90,95,102,97,79,73,73,69,71,67,67,68,67,74,84,88,81,75,74,69,69,71,69,73,76,79
"1883 Karlskoga","kvinnor","F byggindustri","totalt",104,96,96,93,96,112,114,113,114,117,121,120,149,167,171,172,168,173,243,208,179,173,180,169,164,157,155,153,155,154,208,210,164,152,150,149,141,141,135,140,137,141,221,216,144,141,141,141,140,141,145,143,141,147,212,189,152,144,146,145,148,158,151,160,165,169,245,229,175,167,164,170,164,165,162,158,157,159,94,90,88,88,97,109,110,107,113,118,114,127,144,156,156,160,152,160,225,197,165,153,158,150,145,137,139,136,136,136,188,183,142,132,127,129,124,126,120,125,122,123,200,197,124,118,122,127,123,121,126,124,124,129,196,166,130,122,127,126,130,135,127,138,142,150,226,202,151,137,134,135,133,139,129,124,123,121
"1883 Karlskoga","kvinnor","F byggindustri","inrikes född",87,85,84,83,77,85,85,83,82,86,87,81,105,120,123,123,117,124,171,142,128,122,132,125,119,114,117,113,115,114,159,169,130,115,114,117,109,109,107,108,109,107,182,167,111,109,111,110,104,106,111,108,111,116,159,148,118,112,111,111,111,113,117,114,115,120,185,172,122,116,118,123,125,123,122,120,123,128,75,78,77,77,75,79,75,75,78,82,82,81,93,106,111,106,102,109,153,128,113,105,111,104,99,92,97,101,97,98,146,149,110,99,96,95,90,93,93,94,95,92,165,151,93,89,93,93,84,91,93,89,93,102,144,128,97,92,92,89,93,90,92,92,98,103,167,146,104,91,93,96,95,96,91,89,90,92
"1883 Karlskoga","kvinnor","F byggindustri","utrikes född",17,13,9,9,16,23,28,32,33,32,37,39,45,46,47,51,48,53,73,67,51,48,50,46,42,42,41,38,36,37,48,38,36,36,34,31,35,31,28,28,28,29,42,45,33,31,31,31,36,33,36,35,30,35,50,41,34,34,37,36,39,43,42,47,48,47,58,61,50,46,46,46,41,41,41,37,35,32,18,15,12,12,18,28,28,33,35,37,39,41,46,48,49,55,49,52,70,68,53,47,50,45,46,42,42,39,39,37,44,38,32,36,32,33,32,33,28,29,27,28,38,47,33,32,32,32,38,37,33,32,29,33,48,38,34,30,31,36,38,43,39,44,45,45,59,57,46,48,43,42,36,38,40,34,33,29
"1883 Karlskoga","totalt","F byggindustri","totalt",984,969,963,966,974,1008,1037,1027,1020,1012,1041,1019,1063,1085,1068,1062,1060,1077,1254,1210,1125,1115,1134,1119,1098,1063,1085,1081,1128,1125,1272,1274,1164,1130,1127,1131,1123,1099,1105,1099,1127,1142,1301,1313,1170,1179,1135,1121,1094,1094,1096,1084,1109,1138,1272,1240,1144,1115,1144,1120,1090,1086,1076,1100,1105,1119,1264,1245,1130,1111,1118,1108,1104,1109,1106,1132,1194,1196,995,989,986,982,992,1022,1037,1030,1036,1031,1044,1038,1053,1087,1080,1088,1095,1108,1294,1250,1161,1140,1166,1145,1117,1085,1110,1097,1126,1125,1269,1248,1144,1114,1119,1115,1089,1079,1089,1082,1095,1106,1253,1245,1118,1098,1099,1085,1057,1039,1038,1034,1047,1069,1187,1144,1036,1008,1021,1009,990,973,969,987,1007,1008,1153,1133,1029,992,994,989,983,978,971,976,983,989
"1883 Karlskoga","totalt","F byggindustri","inrikes född",891,878,875,875,881,887,914,902,895,888,907,885,923,943,929,916,917,926,1058,1011,951,949,972,963,942,922,935,928,979,974,1094,1110,1021,984,984,983,979,959,972,966,1000,1013,1155,1151,1021,1033,1009,997,977,977,979,968,996,1023,1129,1112,1028,1002,1029,1011,976,967,968,984,986,992,1115,1090,996,983,994,986,983,989,985,1014,1075,1080,896,898,899,887,894,900,915,904,912,905,914,907,920,946,934,940,944,954,1090,1044,981,971,996,984,954,933,952,937,964,961,1086,1079,994,958,968,962,937,924,939,930,948,960,1092,1078,965,957,959,946,927,917,916,912,925,939,1040,1012,925,898,917,901,882,865,865,877,897,888,1014,991,901,874,875,877,876,867,863,869,871,881
"1883 Karlskoga","totalt","F byggindustri","utrikes född",97,90,89,92,94,122,122,127,124,124,131,133,137,142,142,148,141,153,194,197,173,163,165,157,153,142,148,154,150,153,174,161,145,149,142,147,144,135,133,131,126,131,146,161,150,147,128,122,119,116,114,118,114,114,141,132,113,111,112,112,113,117,109,114,117,122,154,155,135,127,125,120,120,122,123,115,118,117,99,90,91,91,99,123,126,128,123,128,130,131,137,142,142,150,151,152,206,203,178,172,170,163,161,155,159,157,160,161,186,171,150,156,152,155,156,153,149,152,143,148,162,166,151,143,141,134,129,124,122,123,125,128,150,135,109,107,106,107,107,111,106,109,112,118,143,144,126,119,118,110,107,110,105,109,110,105
"1884 Nora","män","F byggindustri","totalt",313,303,311,303,307,304,316,318,323,314,320,323,320,306,312,324,328,336,349,347,344,337,346,344,340,341,336,330,337,335,338,331,329,329,345,334,310,305,318,319,316,322,331,342,338,343,335,336,320,325,318,322,315,318,328,333,261,260,264,260,262,258,257,270,253,264,264,272,273,263,261,260,259,255,255,259,255,251,445,439,447,436,437,438,457,453,454,449,460,456,447,439,445,454,452,461,468,475,467,463,472,477,466,465,464,455,465,463,474,466,463,462,460,458,467,454,455,463,464,460,469,478,484,475,469,457,445,444,442,446,447,445,455,457,444,444,434,432,433,428,427,434,423,436,444,440,437,434,431,428,439,434,439,445,451,455
"1884 Nora","män","F byggindustri","inrikes född",284,275,287,273,278,272,289,284,284,273,285,280,279,271,277,283,289,291,304,301,301,302,304,305,297,299,300,294,296,293,299,291,282,286,293,294,279,272,283,286,283,294,297,315,307,310,306,305,290,293,288,292,290,290,306,308,238,239,243,239,244,245,237,251,237,248,247,250,248,235,243,240,238,235,236,234,232,237,410,405,414,399,404,402,422,420,420,415,421,416,413,405,409,413,416,419,428,433,427,425,429,442,433,426,429,421,428,430,437,430,424,427,425,429,431,418,419,423,426,424,432,442,444,441,432,422,414,404,409,410,413,414,422,426,410,410,403,400,405,399,403,406,394,409,413,406,407,399,398,393,403,403,406,411,412,420
"1884 Nora","män","F byggindustri","utrikes född",29,26,27,28,29,31,34,35,38,39,34,40,41,33,38,39,41,47,47,43,42,39,38,40,41,45,36,42,42,38,41,40,49,44,50,40,29,32,31,33,34,30,33,29,34,31,30,31,27,32,26,28,26,26,27,23,21,20,18,18,22,18,18,21,18,17,21,21,24,24,20,18,24,23,21,24,21,18,36,31,33,36,35,35,38,37,36,36,37,36,38,33,39,36,35,37,41,38,39,35,38,37,37,34,36,32,34,35,37,37,35,32,37,38,36,35,33,39,37,37,35,36,39,33,38,35,35,35,34,37,34,32,31,32,33,35,30,29,26,24,26,29,25,28,32,30,30,32,31,33,30,33,34,37,36,33
"1884 Nora","kvinnor","F byggindustri","totalt",35,35,38,34,36,32,35,31,34,37,34,34,37,36,36,37,37,37,39,46,43,44,42,42,42,41,41,37,35,33,37,32,34,33,37,32,28,28,28,31,31,32,30,32,35,38,36,37,35,35,33,32,32,28,30,30,26,22,29,28,23,23,24,28,26,25,33,34,33,30,21,24,28,26,23,22,18,20,43,41,43,44,41,45,43,47,44,47,46,43,45,45,46,45,49,50,52,56,51,51,49,52,51,52,48,45,45,48,48,43,48,45,50,46,43,41,43,49,49,45,47,48,46,49,47,44,43,43,42,40,39,40,45,40,36,35,40,39,39,36,36,39,33,38,43,47,46,43,39,42,41,43,43,38,42,40
"1884 Nora","kvinnor","F byggindustri","inrikes född",32,33,32,33,34,33,35,32,37,35,34,33,36,37,34,37,37,36,34,41,37,42,39,40,34,36,33,33,31,28,31,26,28,29,31,28,24,27,25,25,28,28,29,26,28,32,33,30,27,27,28,29,26,28,26,27,23,17,26,25,21,19,26,25,20,22,32,29,30,28,21,25,21,20,17,17,19,17,41,41,45,43,42,41,46,46,46,45,46,45,47,45,46,47,45,48,52,52,50,48,48,47,49,46,48,42,44,43,45,42,47,41,44,40,42,40,40,44,45,44,42,45,45,45,42,43,41,41,41,36,38,36,41,36,34,32,38,38,39,38,38,35,35,36,41,45,43,42,40,43,43,37,41,35,37,36
"1884 Nora","kvinnor","F byggindustri","utrikes född",0,0,3,0,0,3,0,3,3,3,3,3,3,3,3,3,0,0,0,0,0,0,0,0,3,3,3,3,3,3,3,3,3,3,5,3,3,0,0,3,3,3,3,3,4,3,8,4,4,4,3,3,4,3,4,4,3,0,4,4,0,0,0,3,3,3,0,6,5,3,0,0,4,3,3,4,0,0,3,0,3,3,3,3,3,3,3,3,3,3,3,3,3,3,0,0,0,0,0,0,0,0,0,0,0,0,0,0,0,0,0,0,3,3,3,3,0,0,0,4,4,4,0,4,4,0,0,0,3,3,0,0,0,0,0,0,0,0,3,3,3,3,3,3,3,0,3,0,0,0,3,3,3,3,0,0
"1884 Nora","totalt","F byggindustri","totalt",346,338,345,340,344,337,353,353,362,354,354,355,359,345,351,361,368,374,390,392,388,383,386,383,381,382,378,367,374,368,376,363,362,362,379,365,342,335,343,353,351,352,362,376,371,377,374,373,352,354,348,352,346,348,362,361,288,281,291,288,288,282,284,292,278,291,302,305,308,288,284,287,288,281,281,277,272,272,488,480,490,478,480,483,502,498,501,495,506,498,491,485,493,497,505,507,523,527,516,518,520,529,519,518,517,503,509,510,522,514,508,508,509,508,514,497,497,506,512,506,513,526,529,523,514,503,492,487,485,486,490,481,497,496,483,481,470,470,469,466,465,472,458,470,490,483,483,477,469,467,481,475,483,490,490,494
"1884 Nora","totalt","F byggindustri","inrikes född",313,307,319,309,310,309,318,316,318,313,319,315,316,306,309,319,326,325,338,346,343,342,344,343,334,333,335,322,329,327,330,319,310,314,328,323,304,295,308,315,313,319,325,341,334,341,337,333,317,319,314,320,312,316,331,335,261,257,265,261,268,265,260,271,257,270,278,279,279,264,262,263,261,255,251,255,251,252,449,445,458,444,446,445,464,464,463,458,471,458,458,451,452,460,463,467,482,488,476,478,480,490,478,477,476,468,471,472,481,472,468,468,470,468,472,457,462,468,473,469,477,487,486,485,471,467,453,445,448,450,451,451,462,461,444,444,439,439,443,437,440,445,430,446,455,449,449,440,434,435,445,440,444,448,450,460
"1884 Nora","totalt","F byggindustri","utrikes född",32,30,25,27,30,29,35,40,39,42,37,42,42,35,40,41,42,47,52,47,45,40,43,38,48,45,40,43,45,43,44,45,54,50,55,43,36,37,36,35,40,36,37,35,38,36,36,37,34,36,33,33,29,32,29,29,23,24,23,23,20,19,19,22,19,21,22,26,28,25,25,22,25,27,23,25,22,21,37,31,30,37,37,37,38,38,36,36,37,38,36,36,39,37,40,44,43,41,40,36,40,40,40,38,37,37,38,35,39,41,39,36,37,38,37,39,35,39,40,37,39,38,44,36,42,39,38,40,35,37,38,36,34,34,36,32,30,34,27,27,26,29,29,30,31,33,37,40,34,33,35,37,37,38,38,34
"1885 Lindesberg","män","F byggindustri","totalt",664,654,658,676,678,681,704,694,699,698,707,701,698,678,678,680,679,689,701,698,681,692,675,680,678,662,667,661,673,687,711,717,703,703,705,708,704,688,692,685,727,721,722,709,718,719,718,705,680,664,676,674,692,710,726,710,718,693,682,663,661,638,634,642,653,658,663,665,651,653,656,648,641,649,646,646,621,634,826,819,831,831,840,838,863,852,839,844,848,850,837,831,834,830,841,837,849,854,828,840,820,826,817,804,803,809,829,832,850,846,843,844,833,834,819,807,819,806,842,847,840,834,845,857,857,840,806,791,794,801,817,835,841,832,833,824,817,811,809,792,787,799,803,816,820,818,817,820,817,823,811,827,812,813,815,824
"1885 Lindesberg","män","F byggindustri","inrikes född",613,608,611,626,625,635,650,644,645,643,651,653,642,629,627,628,623,631,648,645,628,636,622,624,623,612,616,609,620,628,650,660,643,650,653,645,645,634,641,633,666,664,667,655,662,656,661,650,628,614,623,621,628,646,661,656,657,635,628,613,614,584,583,587,597,602,605,604,595,591,595,588,583,593,590,590,569,581,752,740,749,757,754,753,775,764,754,754,763,767,757,750,753,758,760,757,772,777,750,760,751,750,746,727,731,733,752,753,768,755,764,765,757,755,743,730,742,734,763,770,772,761,769,779,776,765,735,726,728,728,740,757,759,755,755,743,744,732,732,721,713,720,727,734,738,739,738,741,742,748,734,748,735,744,740,755
"1885 Lindesberg","män","F byggindustri","utrikes född",46,46,48,50,49,47,50,49,52,55,55,52,54,49,49,56,52,54,55,52,58,57,53,57,55,56,51,54,56,60,57,62,61,53,57,62,62,56,53,54,62,56,56,57,58,61,61,56,52,49,50,55,63,65,67,55,58,58,54,52,50,48,53,50,56,60,56,54,59,65,59,60,57,55,57,56,55,58,76,79,80,74,84,83,87,90,86,83,87,80,80,77,80,75,80,81,77,78,78,79,73,77,69,75,73,73,80,79,84,88,84,77,77,83,76,77,76,75,75,73,72,74,73,78,80,78,72,68,70,73,74,78,84,76,82,80,75,75,73,69,76,75,74,81,80,76,78,77,76,76,74,76,75,72,71,74
"1885 Lindesberg","kvinnor","F byggindustri","totalt",56,61,59,55,59,62,60,56,54,56,58,60,60,62,61,59,59,54,61,56,61,62,57,57,58,60,63,63,68,73,69,71,70,64,64,67,65,69,69,71,78,80,81,81,82,76,75,78,75,71,72,68,67,70,70,72,69,71,70,74,65,71,70,69,71,72,74,67,69,67,69,75,73,72,80,74,70,73,60,67,71,63,68,63,64,61,67,64,69,68,69,71,72,72,72,68,69,67,70,74,65,66,67,67,73,71,74,78,78,78,79,74,73,67,64,69,66,67,78,80,80,78,81,79,74,77,77,72,74,69,71,79,78,80,77,72,74,76,68,74,75,75,80,76,84,77,77,76,75,79,81,83,80,75,74,82
"1885 Lindesberg","kvinnor","F byggindustri","inrikes född",56,57,56,52,55,56,54,51,50,52,55,50,51,55,57,53,57,50,57,52,59,54,55,53,56,52,56,60,56,64,63,62,66,66,60,65,63,64,68,66,73,73,73,75,73,72,70,71,71,68,70,65,67,67,67,71,69,72,71,67,61,70,67,66,67,69,70,65,65,64,62,68,73,70,75,70,67,67,59,65,67,63,65,61,64,59,62,62,65,64,62,63,67,65,64,59,63,64,62,64,61,61,64,58,63,65,65,72,68,67,71,67,67,69,65,62,62,62,71,73,73,70,75,73,69,72,72,69,71,68,68,77,72,75,73,74,75,70,64,71,70,70,77,73,79,74,71,72,70,77,80,78,74,71,73,73
"1885 Lindesberg","kvinnor","F byggindustri","utrikes född",3,3,3,3,4,4,4,0,0,3,5,10,10,6,5,4,5,5,5,5,3,5,4,5,7,7,7,6,7,3,4,6,4,4,3,4,3,3,0,4,4,4,4,5,7,3,4,6,6,6,3,0,3,0,3,3,0,3,0,5,3,4,5,5,3,3,5,3,3,3,7,5,5,7,7,7,4,6,3,3,3,3,3,3,3,3,0,0,3,3,3,3,3,3,5,5,8,8,0,8,4,4,4,5,8,5,7,8,13,9,10,3,3,0,4,4,3,3,10,10,10,8,9,7,3,8,8,3,6,0,3,0,4,4,0,4,3,3,3,3,3,5,3,3,5,3,5,3,3,3,3,4,4,4,5,6
"1885 Lindesberg","totalt","F byggindustri","totalt",715,709,719,729,737,737,763,748,750,751,769,762,752,740,739,737,739,743,764,754,745,756,735,739,735,722,728,727,738,755,779,790,774,769,770,773,770,755,761,753,809,800,801,791,801,794,796,785,755,739,746,745,763,780,801,785,788,765,751,738,724,711,706,710,723,729,734,729,723,720,724,722,714,726,726,721,693,711,889,888,896,897,907,902,928,917,905,906,916,916,905,896,904,901,911,905,919,922,898,913,888,891,884,869,872,877,902,907,929,921,924,919,906,909,886,873,885,872,923,923,923,912,922,935,933,917,881,867,874,870,888,911,918,914,912,898,893,882,874,866,860,872,879,894,902,898,895,894,892,905,889,906,891,892,888,908
"1885 Lindesberg","totalt","F byggindustri","inrikes född",667,666,667,679,681,689,710,697,696,696,707,705,695,682,685,683,681,687,705,698,687,694,674,679,675,662,674,665,679,693,714,722,707,716,712,713,706,697,704,696,738,735,738,726,734,729,727,723,700,680,692,687,695,715,730,727,728,706,697,680,677,656,651,655,669,669,676,671,659,657,657,658,656,663,663,658,635,651,810,805,817,818,818,814,843,823,815,819,830,834,816,816,821,821,826,822,839,840,818,824,811,812,809,787,797,800,817,822,833,822,829,833,823,824,809,796,807,798,839,843,842,832,840,851,852,835,809,795,799,796,812,833,834,833,830,817,819,803,800,793,785,790,806,808,818,816,813,814,813,824,810,830,812,815,814,831
"1885 Lindesberg","totalt","F byggindustri","utrikes född",47,44,52,50,54,50,55,51,57,57,60,61,62,56,54,56,60,60,57,54,58,60,57,58,58,60,59,60,63,60,63,67,64,56,56,63,65,59,56,58,68,64,60,63,65,66,67,63,55,54,53,56,62,66,71,59,57,61,52,56,49,57,56,54,58,62,59,58,62,66,62,63,58,61,63,61,60,63,79,80,83,78,87,85,88,90,89,91,88,84,88,81,83,82,87,81,82,81,80,88,79,79,73,81,81,79,86,85,93,96,93,86,82,83,82,80,80,79,83,80,76,81,83,84,85,81,76,72,73,73,77,77,84,80,84,83,78,81,78,79,80,82,79,82,86,83,82,78,77,79,77,78,79,78,72,80
