"region","näringsgren SNI 2007","Fasta bruttoinvesteringar, löpande priser, mnkr 2000","Fasta bruttoinvesteringar, löpande priser, mnkr 2001","Fasta bruttoinvesteringar, löpande priser, mnkr 2002","Fasta bruttoinvesteringar, löpande priser, mnkr 2003","Fasta bruttoinvesteringar, löpande priser, mnkr 2004","Fasta bruttoinvesteringar, löpande priser, mnkr 2005","Fasta bruttoinvesteringar, löpande priser, mnkr 2006","Fasta bruttoinvesteringar, löpande priser, mnkr 2007","Fasta bruttoinvesteringar, löpande priser, mnkr 2008","Fasta bruttoinvesteringar, löpande priser, mnkr 2009","Fasta bruttoinvesteringar, löpande priser, mnkr 2010","Fasta bruttoinvesteringar, löpande priser, mnkr 2011","Fasta bruttoinvesteringar, löpande priser, mnkr 2012","Fasta bruttoinvesteringar, löpande priser, mnkr 2013","Fasta bruttoinvesteringar, löpande priser, mnkr 2014","Fasta bruttoinvesteringar, löpande priser, mnkr 2015","Fasta bruttoinvesteringar, löpande priser, mnkr 2016","Fasta bruttoinvesteringar, löpande priser, mnkr 2017","Fasta bruttoinvesteringar, löpande priser, mnkr 2018","Fasta bruttoinvesteringar, löpande priser, mnkr 2019","Fasta bruttoinvesteringar, löpande priser, mnkr 2020","Fasta bruttoinvesteringar, löpande priser, mnkr 2021","Fasta bruttoinvesteringar, löpande priser, mnkr 2022","Fasta bruttoinvesteringar, löpande priser, mnkr 2023","Fasta bruttoinvesteringar, löpande priser, mnkr 2024"
"00 Riket","hela ekonomin, totalt",523750,555575,564083,569972,603268,629617,703233,778676,813894,733520,782994,830127,828987,835789,899482,983314,1048624,1124621,1176008,1197155,1229784,1360714,1488467,1561103,1594801
"00 Riket","A01-F43 varuproducenter",182638,195700,184688,185012,185406,203196,214802,240277,248723,222621,229330,236983,238397,237500,252114,273410,276752,284793,309732,315092,316711,348725,376681,444872,463667
"00 Riket","G45-T98 tjänsteproducenter",248508,258780,268750,274168,304284,318524,365073,407540,422509,366827,396445,433383,424685,427653,466691,525291,576470,626169,634062,638707,656275,745766,826837,798845,794123
"00 Riket","ej branschfördelade poster",..,..,..,..,..,..,..,..,..,..,..,..,..,..,..,..,..,..,..,..,..,..,..,..,..
"00 Riket","offentliga myndigheter samt hushållens icke-vinstdrivande organisationer",92604,101095,110645,110792,113578,107897,123358,130859,142662,144072,157219,159761,165905,170636,180677,184613,195402,213659,232214,243356,256798,266223,284949,317386,337011
"RIKS1 Stockholms län","hela ekonomin, totalt",147581,144948,157935,148604,160438,156209,179270,198021,206322,199266,213966,270930,266801,282571,301453,329543,344354,342224,359652,367789,387936,452832,449285,459009,481167
"RIKS1 Stockholms län","A01-F43 varuproducenter",30422,30541,28491,27972,31518,35178,35820,49213,42611,41695,45962,54990,52259,55701,67009,64988,63201,44151,55531,68515,68164,76610,67995,81411,85300
"RIKS1 Stockholms län","G45-T98 tjänsteproducenter",91790,85568,99102,91207,99761,97569,117240,119481,134170,128799,131393,170249,167681,172938,180146,210887,220145,235979,238618,231429,250522,307276,308713,299190,309044
"RIKS1 Stockholms län","ej branschfördelade poster",..,..,..,..,..,..,..,..,..,..,..,..,..,..,..,..,..,..,..,..,..,..,..,..,..
"RIKS1 Stockholms län","offentliga myndigheter samt hushållens icke-vinstdrivande organisationer",25369,28839,30342,29425,29159,23462,26210,29327,29541,28772,36611,45691,46861,53932,54298,53668,61008,62094,65503,67845,69250,68946,72577,78408,86823
"RIKS2 Östra mellansverige","hela ekonomin, totalt",80629,84257,82205,87575,91517,102573,106446,120218,130551,115163,123529,125634,121156,116311,128919,142828,153945,171561,175708,195950,206120,181860,233007,219709,211328
"RIKS2 Östra mellansverige","A01-F43 varuproducenter",31503,32588,28676,29832,30684,32929,33984,35078,41651,40625,36184,36747,35798,37346,36903,39836,39303,46200,45343,67463,70484,47816,69201,64574,64211
"RIKS2 Östra mellansverige","G45-T98 tjänsteproducenter",33123,33653,33754,37496,38124,47817,47268,56419,57332,42204,52805,56058,50755,51128,61463,71763,83416,88436,91840,89426,94472,93226,119258,103282,93162
"RIKS2 Östra mellansverige","ej branschfördelade poster",..,..,..,..,..,..,..,..,..,..,..,..,..,..,..,..,..,..,..,..,..,..,..,..,..
"RIKS2 Östra mellansverige","offentliga myndigheter samt hushållens icke-vinstdrivande organisationer",16003,18016,19775,20247,22709,21827,25194,28721,31568,32334,34540,32829,34603,27837,30553,31229,31226,36925,38525,39061,41164,40818,44548,51853,53955
"RIKS3 Småland med öarna","hela ekonomin, totalt",42300,44527,44068,44731,47387,50175,57127,54769,60391,52386,53797,53850,49988,54718,55241,59551,64222,70014,74984,77810,83343,79414,94374,102378,101445
"RIKS3 Småland med öarna","A01-F43 varuproducenter",20523,21106,20768,20088,19187,22077,22693,19075,21434,17708,17051,20417,18652,19229,19374,22837,22617,23750,25188,28093,28848,25523,29867,38230,36861
"RIKS3 Småland med öarna","G45-T98 tjänsteproducenter",16125,17304,16857,18352,22039,22297,27283,28798,30608,26377,28167,25655,23834,25301,26680,27569,31989,35528,36951,36687,39250,39840,48164,46693,42220
"RIKS3 Småland med öarna","ej branschfördelade poster",..,..,..,..,..,..,..,..,..,..,..,..,..,..,..,..,..,..,..,..,..,..,..,..,..
"RIKS3 Småland med öarna","offentliga myndigheter samt hushållens icke-vinstdrivande organisationer",5652,6117,6443,6291,6161,5801,7151,6896,8349,8301,8579,7778,7502,10188,9187,9145,9616,10736,12845,13030,15245,14051,16343,17455,22364
"RIKS4 Sydsverige","hela ekonomin, totalt",66923,79506,75445,77394,81359,84195,94021,113340,110075,101468,108934,106508,105025,102883,111157,116149,130238,146414,159121,153938,150054,172109,175295,192766,197901
"RIKS4 Sydsverige","A01-F43 varuproducenter",24258,29039,25374,24691,24552,24035,25599,29106,30999,26234,33531,22168,24576,23612,24003,27379,29443,33228,38446,32672,30534,36847,39750,44693,47457
"RIKS4 Sydsverige","G45-T98 tjänsteproducenter",29949,37518,36333,37970,43149,45417,50772,66337,62087,56919,51617,59666,53603,51150,59564,61056,72667,82673,85837,85874,82709,95735,95540,102021,104630
"RIKS4 Sydsverige","ej branschfördelade poster",..,..,..,..,..,..,..,..,..,..,..,..,..,..,..,..,..,..,..,..,..,..,..,..,..
"RIKS4 Sydsverige","offentliga myndigheter samt hushållens icke-vinstdrivande organisationer",12716,12949,13738,14733,13658,14743,17650,17897,16989,18315,23786,24674,26846,28121,27590,27714,28128,30513,34838,35392,36811,39527,40005,46052,45814
"RIKS5 Västsverige","hela ekonomin, totalt",101120,117674,117953,122370,121646,129723,146867,165019,169963,151711,166187,153766,165191,161999,182649,191124,209942,239969,239582,232449,232306,286574,306526,352654,340156
"RIKS5 Västsverige","A01-F43 varuproducenter",38682,47163,44512,44186,39210,44455,46374,53370,54865,55187,54618,53161,55759,55952,62599,60138,68309,80832,79342,56343,49717,86486,82979,114527,124092
"RIKS5 Västsverige","G45-T98 tjänsteproducenter",45135,51580,50849,55510,61483,63744,76626,86909,86103,66964,85425,75341,84781,82621,89634,97685,106031,117852,114211,126205,127785,139147,159117,164454,144774
"RIKS5 Västsverige","ej branschfördelade poster",..,..,..,..,..,..,..,..,..,..,..,..,..,..,..,..,..,..,..,..,..,..,..,..,..
"RIKS5 Västsverige","offentliga myndigheter samt hushållens icke-vinstdrivande organisationer",17303,18931,22592,22674,20953,21524,23867,24740,28995,29560,26144,25264,24651,23426,30416,33301,35602,41285,46029,49901,54804,60941,64430,73673,71290
"RIKS6 Norra mellansverige","hela ekonomin, totalt",35897,35851,38266,41368,44215,46345,50167,49515,53941,48212,49383,47888,44533,46178,44761,52124,54511,59674,68125,67730,66959,68919,78891,82794,100043
"RIKS6 Norra mellansverige","A01-F43 varuproducenter",17041,16514,18418,20018,20824,21690,22383,20056,23895,18070,18966,21654,19257,18748,16042,19368,19644,22387,27108,26203,25029,24714,25968,29239,32350
"RIKS6 Norra mellansverige","G45-T98 tjänsteproducenter",13503,13803,13841,15443,16626,18035,20254,22326,20815,19889,19554,18494,17078,17252,18779,21584,24215,25924,28821,28884,27137,28619,36222,34950,47150
"RIKS6 Norra mellansverige","ej branschfördelade poster",..,..,..,..,..,..,..,..,..,..,..,..,..,..,..,..,..,..,..,..,..,..,..,..,..
"RIKS6 Norra mellansverige","offentliga myndigheter samt hushållens icke-vinstdrivande organisationer",5353,5534,6007,5907,6765,6620,7530,7133,9231,10253,10863,7740,8198,10178,9940,11172,10652,11363,12196,12643,14793,15586,16701,18605,20543
"RIKS7 Mellersta Norrland","hela ekonomin, totalt",20322,20415,20441,18725,25382,26153,25923,26715,32179,25526,23993,24645,26949,23558,25184,29901,33476,38149,32988,33749,36094,37166,49124,50897,50079
"RIKS7 Mellersta Norrland","A01-F43 varuproducenter",8348,8135,7839,7302,8761,9609,9268,8462,12257,7636,7089,7765,8556,6750,7316,12470,13749,15288,11545,9130,11695,12215,18231,19807,18448
"RIKS7 Mellersta Norrland","G45-T98 tjänsteproducenter",8821,8920,8146,7246,10507,11136,11254,12869,14277,13042,12264,11893,12230,11120,11904,12585,14569,16499,14439,17373,16092,17187,21373,21563,22408
"RIKS7 Mellersta Norrland","ej branschfördelade poster",..,..,..,..,..,..,..,..,..,..,..,..,..,..,..,..,..,..,..,..,..,..,..,..,..
"RIKS7 Mellersta Norrland","offentliga myndigheter samt hushållens icke-vinstdrivande organisationer",3153,3360,4456,4177,6114,5408,5401,5384,5645,4848,4640,4987,6163,5688,5964,4846,5158,6362,7004,7246,8307,7764,9520,9527,9223
"RIKS8 Övre Norrland","hela ekonomin, totalt",28978,28397,27770,29205,31324,34244,43412,51079,50472,39788,43205,46906,49344,47571,50118,62094,57936,56616,65848,67740,66972,81840,101965,100896,112682
"RIKS8 Övre Norrland","A01-F43 varuproducenter",11861,10614,10610,10923,10670,13223,18681,25917,21011,15466,15929,20081,23540,20162,18868,26394,20486,18957,27229,26673,32240,38514,42690,52391,54948
"RIKS8 Övre Norrland","G45-T98 tjänsteproducenter",10062,10434,9868,10944,12595,12509,14376,14401,17117,12633,15220,16027,14723,16143,18521,22162,23438,23278,23345,22829,18308,24736,38450,26692,30735
"RIKS8 Övre Norrland","ej branschfördelade poster",..,..,..,..,..,..,..,..,..,..,..,..,..,..,..,..,..,..,..,..,..,..,..,..,..
"RIKS8 Övre Norrland","offentliga myndigheter samt hushållens icke-vinstdrivande organisationer",7055,7349,7292,7338,8059,8512,10355,10761,12344,11689,12056,10798,11081,11266,12729,13538,14012,14381,15274,18238,16424,18590,20825,21813,26999
