"region","näringsgren SNI 2007","kön","Antal 2019","Antal 2020","Antal 2021"
"00 Riket","A jordbruk, skogsbruk och fiske","män",73520,73224,71554
"00 Riket","A jordbruk, skogsbruk och fiske","kvinnor",24165,25233,25062
"00 Riket","B+C tillverkning och utvinning","män",414160,405456,411536
"00 Riket","B+C tillverkning och utvinning","kvinnor",133619,131585,136752
"00 Riket","D+E energiförsörjning; miljöverksamhet","män",38541,40016,40857
"00 Riket","D+E energiförsörjning; miljöverksamhet","kvinnor",13213,13692,14338
"00 Riket","F byggverksamhet","män",326968,326975,334485
"00 Riket","F byggverksamhet","kvinnor",35935,36768,38622
"00 Riket","G handel","män",326167,323056,327987
"00 Riket","G handel","kvinnor",268188,262100,267205
"00 Riket","H transport och magasinering","män",185216,176421,180816
"00 Riket","H transport och magasinering","kvinnor",50809,47791,49096
"00 Riket","I hotell- och restaurangverksamhet","män",90007,80504,87358
"00 Riket","I hotell- och restaurangverksamhet","kvinnor",92568,78828,89007
"00 Riket","J information och kommunikation","män",154436,155043,162209
"00 Riket","J information och kommunikation","kvinnor",63251,63517,68358
"00 Riket","K finans- och försäkringsverksamhet","män",47716,49013,50548
"00 Riket","K finans- och försäkringsverksamhet","kvinnor",48330,49187,50221
"00 Riket","L fastighetsverksamhet","män",51360,51647,51715
"00 Riket","L fastighetsverksamhet","kvinnor",34943,35040,36124
"00 Riket","M+N företagstjänster","män",345829,336280,356243
"00 Riket","M+N företagstjänster","kvinnor",269660,262024,276645
"00 Riket","O offentlig förvaltning och försvar","män",125382,129561,131717
"00 Riket","O offentlig förvaltning och försvar","kvinnor",179091,185231,190144
"00 Riket","P utbildning ","män",143286,141882,141586
"00 Riket","P utbildning ","kvinnor",409508,403036,405537
"00 Riket","Q vård och omsorg; sociala tjänster","män",169596,172449,176441
"00 Riket","Q vård och omsorg; sociala tjänster","kvinnor",645103,636775,640892
"00 Riket","R+S+T+U kulturella och personliga tjänster m.m.","män",95771,91496,94786
"00 Riket","R+S+T+U kulturella och personliga tjänster m.m.","kvinnor",135218,129188,134034
"00 Riket","00 okänd verksamhet","män",25745,26160,25399
"00 Riket","00 okänd verksamhet","kvinnor",37592,37566,36905
"18 Örebro län","A jordbruk, skogsbruk och fiske","män",2272,2237,2220
"18 Örebro län","A jordbruk, skogsbruk och fiske","kvinnor",717,732,720
"18 Örebro län","B+C tillverkning och utvinning","män",15502,15138,15514
"18 Örebro län","B+C tillverkning och utvinning","kvinnor",4626,4577,4786
"18 Örebro län","D+E energiförsörjning; miljöverksamhet","män",930,940,976
"18 Örebro län","D+E energiförsörjning; miljöverksamhet","kvinnor",319,286,306
"18 Örebro län","F byggverksamhet","män",9848,9769,10025
"18 Örebro län","F byggverksamhet","kvinnor",991,987,1065
"18 Örebro län","G handel","män",9309,9328,9600
"18 Örebro län","G handel","kvinnor",6627,6466,6740
"18 Örebro län","H transport och magasinering","män",5503,5388,5538
"18 Örebro län","H transport och magasinering","kvinnor",1526,1490,1538
"18 Örebro län","I hotell- och restaurangverksamhet","män",2117,1945,2027
"18 Örebro län","I hotell- och restaurangverksamhet","kvinnor",2346,2076,2199
"18 Örebro län","J information och kommunikation","män",2474,2414,2515
"18 Örebro län","J information och kommunikation","kvinnor",823,809,853
"18 Örebro län","K finans- och försäkringsverksamhet","män",496,506,551
"18 Örebro län","K finans- och försäkringsverksamhet","kvinnor",541,524,554
"18 Örebro län","L fastighetsverksamhet","män",1588,1648,1557
"18 Örebro län","L fastighetsverksamhet","kvinnor",1039,1024,1040
"18 Örebro län","M+N företagstjänster","män",7295,6996,7629
"18 Örebro län","M+N företagstjänster","kvinnor",5630,5509,5866
"18 Örebro län","O offentlig förvaltning och försvar","män",4222,5381,5292
"18 Örebro län","O offentlig förvaltning och försvar","kvinnor",6155,6577,6529
"18 Örebro län","P utbildning ","män",4399,4340,4295
"18 Örebro län","P utbildning ","kvinnor",12272,12043,12082
"18 Örebro län","Q vård och omsorg; sociala tjänster","män",5492,5470,5661
"18 Örebro län","Q vård och omsorg; sociala tjänster","kvinnor",21988,21524,21816
"18 Örebro län","R+S+T+U kulturella och personliga tjänster m.m.","män",2692,2488,2503
"18 Örebro län","R+S+T+U kulturella och personliga tjänster m.m.","kvinnor",3444,3231,3320
"18 Örebro län","00 okänd verksamhet","män",709,671,685
"18 Örebro län","00 okänd verksamhet","kvinnor",993,956,918
"1814 Lekeberg","A jordbruk, skogsbruk och fiske","män",171,160,161
"1814 Lekeberg","A jordbruk, skogsbruk och fiske","kvinnor",37,43,46
"1814 Lekeberg","B+C tillverkning och utvinning","män",137,125,115
"1814 Lekeberg","B+C tillverkning och utvinning","kvinnor",32,29,29
"1814 Lekeberg","D+E energiförsörjning; miljöverksamhet","män",16,17,15
"1814 Lekeberg","D+E energiförsörjning; miljöverksamhet","kvinnor",4,5,6
"1814 Lekeberg","F byggverksamhet","män",293,294,284
"1814 Lekeberg","F byggverksamhet","kvinnor",22,33,29
"1814 Lekeberg","G handel","män",61,61,64
"1814 Lekeberg","G handel","kvinnor",80,79,83
"1814 Lekeberg","H transport och magasinering","män",141,151,162
"1814 Lekeberg","H transport och magasinering","kvinnor",22,24,24
"1814 Lekeberg","I hotell- och restaurangverksamhet","män",29,25,33
"1814 Lekeberg","I hotell- och restaurangverksamhet","kvinnor",47,59,67
"1814 Lekeberg","J information och kommunikation","män",6,5,8
"1814 Lekeberg","J information och kommunikation","kvinnor",3,2,3
"1814 Lekeberg","K finans- och försäkringsverksamhet","män",8,7,6
"1814 Lekeberg","K finans- och försäkringsverksamhet","kvinnor",20,19,19
"1814 Lekeberg","L fastighetsverksamhet","män",14,16,14
"1814 Lekeberg","L fastighetsverksamhet","kvinnor",13,14,19
"1814 Lekeberg","M+N företagstjänster","män",76,66,73
"1814 Lekeberg","M+N företagstjänster","kvinnor",58,41,45
"1814 Lekeberg","O offentlig förvaltning och försvar","män",39,40,47
"1814 Lekeberg","O offentlig förvaltning och försvar","kvinnor",76,84,83
"1814 Lekeberg","P utbildning ","män",69,66,75
"1814 Lekeberg","P utbildning ","kvinnor",278,277,267
"1814 Lekeberg","Q vård och omsorg; sociala tjänster","män",118,133,122
"1814 Lekeberg","Q vård och omsorg; sociala tjänster","kvinnor",455,472,461
"1814 Lekeberg","R+S+T+U kulturella och personliga tjänster m.m.","män",38,29,32
"1814 Lekeberg","R+S+T+U kulturella och personliga tjänster m.m.","kvinnor",61,50,59
"1814 Lekeberg","00 okänd verksamhet","män",28,24,29
"1814 Lekeberg","00 okänd verksamhet","kvinnor",50,54,50
"1860 Laxå","A jordbruk, skogsbruk och fiske","män",85,81,85
"1860 Laxå","A jordbruk, skogsbruk och fiske","kvinnor",40,37,39
"1860 Laxå","B+C tillverkning och utvinning","män",702,675,684
"1860 Laxå","B+C tillverkning och utvinning","kvinnor",154,152,151
"1860 Laxå","D+E energiförsörjning; miljöverksamhet","män",15,14,13
"1860 Laxå","D+E energiförsörjning; miljöverksamhet","kvinnor",4,3,2
"1860 Laxå","F byggverksamhet","män",106,98,94
"1860 Laxå","F byggverksamhet","kvinnor",10,8,8
"1860 Laxå","G handel","män",123,139,148
"1860 Laxå","G handel","kvinnor",103,97,107
"1860 Laxå","H transport och magasinering","män",34,28,31
"1860 Laxå","H transport och magasinering","kvinnor",5,1,1
"1860 Laxå","I hotell- och restaurangverksamhet","män",30,31,28
"1860 Laxå","I hotell- och restaurangverksamhet","kvinnor",34,30,31
"1860 Laxå","J information och kommunikation","män",6,5,7
"1860 Laxå","J information och kommunikation","kvinnor",1,1,0
"1860 Laxå","K finans- och försäkringsverksamhet","män",0,0,0
"1860 Laxå","K finans- och försäkringsverksamhet","kvinnor",0,0,0
"1860 Laxå","L fastighetsverksamhet","män",27,27,30
"1860 Laxå","L fastighetsverksamhet","kvinnor",9,8,10
"1860 Laxå","M+N företagstjänster","män",55,59,67
"1860 Laxå","M+N företagstjänster","kvinnor",54,48,48
"1860 Laxå","O offentlig förvaltning och försvar","män",32,32,19
"1860 Laxå","O offentlig förvaltning och försvar","kvinnor",53,67,54
"1860 Laxå","P utbildning ","män",37,35,37
"1860 Laxå","P utbildning ","kvinnor",160,157,160
"1860 Laxå","Q vård och omsorg; sociala tjänster","män",57,68,67
"1860 Laxå","Q vård och omsorg; sociala tjänster","kvinnor",334,288,287
"1860 Laxå","R+S+T+U kulturella och personliga tjänster m.m.","män",27,31,29
"1860 Laxå","R+S+T+U kulturella och personliga tjänster m.m.","kvinnor",47,48,44
"1860 Laxå","00 okänd verksamhet","män",29,25,34
"1860 Laxå","00 okänd verksamhet","kvinnor",43,41,40
"1861 Hallsberg","A jordbruk, skogsbruk och fiske","män",201,183,171
"1861 Hallsberg","A jordbruk, skogsbruk och fiske","kvinnor",56,56,47
"1861 Hallsberg","B+C tillverkning och utvinning","män",1019,1013,1041
"1861 Hallsberg","B+C tillverkning och utvinning","kvinnor",311,312,346
"1861 Hallsberg","D+E energiförsörjning; miljöverksamhet","män",52,57,67
"1861 Hallsberg","D+E energiförsörjning; miljöverksamhet","kvinnor",8,7,10
"1861 Hallsberg","F byggverksamhet","män",573,566,549
"1861 Hallsberg","F byggverksamhet","kvinnor",54,57,57
"1861 Hallsberg","G handel","män",840,820,889
"1861 Hallsberg","G handel","kvinnor",508,530,586
"1861 Hallsberg","H transport och magasinering","män",837,840,837
"1861 Hallsberg","H transport och magasinering","kvinnor",398,408,407
"1861 Hallsberg","I hotell- och restaurangverksamhet","män",46,45,46
"1861 Hallsberg","I hotell- och restaurangverksamhet","kvinnor",48,56,59
"1861 Hallsberg","J information och kommunikation","män",24,20,19
"1861 Hallsberg","J information och kommunikation","kvinnor",12,9,9
"1861 Hallsberg","K finans- och försäkringsverksamhet","män",7,8,8
"1861 Hallsberg","K finans- och försäkringsverksamhet","kvinnor",15,9,7
"1861 Hallsberg","L fastighetsverksamhet","män",75,80,66
"1861 Hallsberg","L fastighetsverksamhet","kvinnor",52,47,42
"1861 Hallsberg","M+N företagstjänster","män",158,167,185
"1861 Hallsberg","M+N företagstjänster","kvinnor",135,143,165
"1861 Hallsberg","O offentlig förvaltning och försvar","män",65,55,60
"1861 Hallsberg","O offentlig förvaltning och försvar","kvinnor",176,179,187
"1861 Hallsberg","P utbildning ","män",282,283,272
"1861 Hallsberg","P utbildning ","kvinnor",732,727,732
"1861 Hallsberg","Q vård och omsorg; sociala tjänster","män",122,129,139
"1861 Hallsberg","Q vård och omsorg; sociala tjänster","kvinnor",807,773,788
"1861 Hallsberg","R+S+T+U kulturella och personliga tjänster m.m.","män",64,66,59
"1861 Hallsberg","R+S+T+U kulturella och personliga tjänster m.m.","kvinnor",144,102,100
"1861 Hallsberg","00 okänd verksamhet","män",56,45,44
"1861 Hallsberg","00 okänd verksamhet","kvinnor",101,91,98
"1862 Degerfors","A jordbruk, skogsbruk och fiske","män",79,79,77
"1862 Degerfors","A jordbruk, skogsbruk och fiske","kvinnor",20,20,18
"1862 Degerfors","B+C tillverkning och utvinning","män",760,719,736
"1862 Degerfors","B+C tillverkning och utvinning","kvinnor",157,152,158
"1862 Degerfors","D+E energiförsörjning; miljöverksamhet","män",18,18,18
"1862 Degerfors","D+E energiförsörjning; miljöverksamhet","kvinnor",5,5,5
"1862 Degerfors","F byggverksamhet","män",156,148,163
"1862 Degerfors","F byggverksamhet","kvinnor",11,17,24
"1862 Degerfors","G handel","män",78,80,72
"1862 Degerfors","G handel","kvinnor",97,90,91
"1862 Degerfors","H transport och magasinering","män",70,54,54
"1862 Degerfors","H transport och magasinering","kvinnor",10,15,8
"1862 Degerfors","I hotell- och restaurangverksamhet","män",29,25,29
"1862 Degerfors","I hotell- och restaurangverksamhet","kvinnor",43,32,28
"1862 Degerfors","J information och kommunikation","män",8,8,9
"1862 Degerfors","J information och kommunikation","kvinnor",4,4,4
"1862 Degerfors","K finans- och försäkringsverksamhet","män",0,0,0
"1862 Degerfors","K finans- och försäkringsverksamhet","kvinnor",0,0,0
"1862 Degerfors","L fastighetsverksamhet","män",37,23,19
"1862 Degerfors","L fastighetsverksamhet","kvinnor",14,13,13
"1862 Degerfors","M+N företagstjänster","män",96,93,95
"1862 Degerfors","M+N företagstjänster","kvinnor",46,57,66
"1862 Degerfors","O offentlig förvaltning och försvar","män",27,24,28
"1862 Degerfors","O offentlig förvaltning och försvar","kvinnor",49,51,45
"1862 Degerfors","P utbildning ","män",72,61,53
"1862 Degerfors","P utbildning ","kvinnor",317,295,253
"1862 Degerfors","Q vård och omsorg; sociala tjänster","män",91,104,99
"1862 Degerfors","Q vård och omsorg; sociala tjänster","kvinnor",510,494,484
"1862 Degerfors","R+S+T+U kulturella och personliga tjänster m.m.","män",70,62,71
"1862 Degerfors","R+S+T+U kulturella och personliga tjänster m.m.","kvinnor",68,70,74
"1862 Degerfors","00 okänd verksamhet","män",51,53,46
"1862 Degerfors","00 okänd verksamhet","kvinnor",48,46,38
"1863 Hällefors","A jordbruk, skogsbruk och fiske","män",64,64,62
"1863 Hällefors","A jordbruk, skogsbruk och fiske","kvinnor",21,19,21
"1863 Hällefors","B+C tillverkning och utvinning","män",607,575,601
"1863 Hällefors","B+C tillverkning och utvinning","kvinnor",113,105,114
"1863 Hällefors","D+E energiförsörjning; miljöverksamhet","män",20,22,21
"1863 Hällefors","D+E energiförsörjning; miljöverksamhet","kvinnor",0,0,1
"1863 Hällefors","F byggverksamhet","män",180,183,190
"1863 Hällefors","F byggverksamhet","kvinnor",15,17,18
"1863 Hällefors","G handel","män",62,68,64
"1863 Hällefors","G handel","kvinnor",86,91,81
"1863 Hällefors","H transport och magasinering","män",65,70,61
"1863 Hällefors","H transport och magasinering","kvinnor",12,13,14
"1863 Hällefors","I hotell- och restaurangverksamhet","män",71,72,84
"1863 Hällefors","I hotell- och restaurangverksamhet","kvinnor",129,140,132
"1863 Hällefors","J information och kommunikation","män",7,9,14
"1863 Hällefors","J information och kommunikation","kvinnor",6,7,9
"1863 Hällefors","K finans- och försäkringsverksamhet","män",2,1,1
"1863 Hällefors","K finans- och försäkringsverksamhet","kvinnor",4,4,4
"1863 Hällefors","L fastighetsverksamhet","män",27,19,18
"1863 Hällefors","L fastighetsverksamhet","kvinnor",15,11,9
"1863 Hällefors","M+N företagstjänster","män",55,43,50
"1863 Hällefors","M+N företagstjänster","kvinnor",54,57,56
"1863 Hällefors","O offentlig förvaltning och försvar","män",22,24,25
"1863 Hällefors","O offentlig förvaltning och försvar","kvinnor",40,42,36
"1863 Hällefors","P utbildning ","män",101,108,102
"1863 Hällefors","P utbildning ","kvinnor",286,276,268
"1863 Hällefors","Q vård och omsorg; sociala tjänster","män",112,106,110
"1863 Hällefors","Q vård och omsorg; sociala tjänster","kvinnor",442,425,412
"1863 Hällefors","R+S+T+U kulturella och personliga tjänster m.m.","män",34,36,38
"1863 Hällefors","R+S+T+U kulturella och personliga tjänster m.m.","kvinnor",53,48,50
"1863 Hällefors","00 okänd verksamhet","män",32,41,37
"1863 Hällefors","00 okänd verksamhet","kvinnor",53,44,38
"1864 Ljusnarsberg","A jordbruk, skogsbruk och fiske","män",33,28,29
"1864 Ljusnarsberg","A jordbruk, skogsbruk och fiske","kvinnor",14,11,10
"1864 Ljusnarsberg","B+C tillverkning och utvinning","män",392,382,368
"1864 Ljusnarsberg","B+C tillverkning och utvinning","kvinnor",121,127,132
"1864 Ljusnarsberg","D+E energiförsörjning; miljöverksamhet","män",21,16,17
"1864 Ljusnarsberg","D+E energiförsörjning; miljöverksamhet","kvinnor",1,1,1
"1864 Ljusnarsberg","F byggverksamhet","män",104,96,82
"1864 Ljusnarsberg","F byggverksamhet","kvinnor",9,11,8
"1864 Ljusnarsberg","G handel","män",54,53,52
"1864 Ljusnarsberg","G handel","kvinnor",54,54,52
"1864 Ljusnarsberg","H transport och magasinering","män",25,17,6
"1864 Ljusnarsberg","H transport och magasinering","kvinnor",6,3,1
"1864 Ljusnarsberg","I hotell- och restaurangverksamhet","män",15,12,16
"1864 Ljusnarsberg","I hotell- och restaurangverksamhet","kvinnor",30,25,29
"1864 Ljusnarsberg","J information och kommunikation","män",6,5,7
"1864 Ljusnarsberg","J information och kommunikation","kvinnor",3,3,4
"1864 Ljusnarsberg","K finans- och försäkringsverksamhet","män",3,3,1
"1864 Ljusnarsberg","K finans- och försäkringsverksamhet","kvinnor",6,8,2
"1864 Ljusnarsberg","L fastighetsverksamhet","män",3,6,6
"1864 Ljusnarsberg","L fastighetsverksamhet","kvinnor",6,5,7
"1864 Ljusnarsberg","M+N företagstjänster","män",44,40,40
"1864 Ljusnarsberg","M+N företagstjänster","kvinnor",21,23,26
"1864 Ljusnarsberg","O offentlig förvaltning och försvar","män",19,20,21
"1864 Ljusnarsberg","O offentlig förvaltning och försvar","kvinnor",36,33,33
"1864 Ljusnarsberg","P utbildning ","män",49,58,57
"1864 Ljusnarsberg","P utbildning ","kvinnor",126,120,129
"1864 Ljusnarsberg","Q vård och omsorg; sociala tjänster","män",80,59,68
"1864 Ljusnarsberg","Q vård och omsorg; sociala tjänster","kvinnor",360,320,314
"1864 Ljusnarsberg","R+S+T+U kulturella och personliga tjänster m.m.","män",28,28,31
"1864 Ljusnarsberg","R+S+T+U kulturella och personliga tjänster m.m.","kvinnor",32,26,33
"1864 Ljusnarsberg","00 okänd verksamhet","män",24,17,21
"1864 Ljusnarsberg","00 okänd verksamhet","kvinnor",24,21,22
"1880 Örebro","A jordbruk, skogsbruk och fiske","män",651,670,643
"1880 Örebro","A jordbruk, skogsbruk och fiske","kvinnor",206,229,221
"1880 Örebro","B+C tillverkning och utvinning","män",4944,4740,4778
"1880 Örebro","B+C tillverkning och utvinning","kvinnor",1343,1262,1320
"1880 Örebro","D+E energiförsörjning; miljöverksamhet","män",363,367,411
"1880 Örebro","D+E energiförsörjning; miljöverksamhet","kvinnor",155,125,139
"1880 Örebro","F byggverksamhet","män",5498,5424,5624
"1880 Örebro","F byggverksamhet","kvinnor",577,543,559
"1880 Örebro","G handel","män",6112,6160,6348
"1880 Örebro","G handel","kvinnor",4107,3953,4100
"1880 Örebro","H transport och magasinering","män",3314,3312,3490
"1880 Örebro","H transport och magasinering","kvinnor",830,801,861
"1880 Örebro","I hotell- och restaurangverksamhet","män",1452,1292,1341
"1880 Örebro","I hotell- och restaurangverksamhet","kvinnor",1522,1269,1375
"1880 Örebro","J information och kommunikation","män",1965,1932,2018
"1880 Örebro","J information och kommunikation","kvinnor",616,628,668
"1880 Örebro","K finans- och försäkringsverksamhet","män",414,423,473
"1880 Örebro","K finans- och försäkringsverksamhet","kvinnor",404,399,441
"1880 Örebro","L fastighetsverksamhet","män",979,1044,1000
"1880 Örebro","L fastighetsverksamhet","kvinnor",606,612,614
"1880 Örebro","M+N företagstjänster","män",5271,5102,5652
"1880 Örebro","M+N företagstjänster","kvinnor",4013,3902,4188
"1880 Örebro","O offentlig förvaltning och försvar","män",2957,4103,4006
"1880 Örebro","O offentlig förvaltning och försvar","kvinnor",4176,4535,4527
"1880 Örebro","P utbildning ","män",2725,2721,2713
"1880 Örebro","P utbildning ","kvinnor",6935,6830,6898
"1880 Örebro","Q vård och omsorg; sociala tjänster","män",3608,3564,3721
"1880 Örebro","Q vård och omsorg; sociala tjänster","kvinnor",12901,12677,12888
"1880 Örebro","R+S+T+U kulturella och personliga tjänster m.m.","män",1813,1686,1678
"1880 Örebro","R+S+T+U kulturella och personliga tjänster m.m.","kvinnor",2139,2073,2159
"1880 Örebro","00 okänd verksamhet","män",191,170,208
"1880 Örebro","00 okänd verksamhet","kvinnor",284,274,265
"1881 Kumla","A jordbruk, skogsbruk och fiske","män",72,77,73
"1881 Kumla","A jordbruk, skogsbruk och fiske","kvinnor",39,37,34
"1881 Kumla","B+C tillverkning och utvinning","män",668,668,709
"1881 Kumla","B+C tillverkning och utvinning","kvinnor",221,202,228
"1881 Kumla","D+E energiförsörjning; miljöverksamhet","män",125,125,131
"1881 Kumla","D+E energiförsörjning; miljöverksamhet","kvinnor",52,51,51
"1881 Kumla","F byggverksamhet","män",649,634,671
"1881 Kumla","F byggverksamhet","kvinnor",54,49,47
"1881 Kumla","G handel","män",540,526,539
"1881 Kumla","G handel","kvinnor",360,333,352
"1881 Kumla","H transport och magasinering","män",206,171,162
"1881 Kumla","H transport och magasinering","kvinnor",74,65,57
"1881 Kumla","I hotell- och restaurangverksamhet","män",103,96,90
"1881 Kumla","I hotell- och restaurangverksamhet","kvinnor",68,61,62
"1881 Kumla","J information och kommunikation","män",122,124,119
"1881 Kumla","J information och kommunikation","kvinnor",18,14,15
"1881 Kumla","K finans- och försäkringsverksamhet","män",6,8,6
"1881 Kumla","K finans- och försäkringsverksamhet","kvinnor",10,8,8
"1881 Kumla","L fastighetsverksamhet","män",71,77,74
"1881 Kumla","L fastighetsverksamhet","kvinnor",108,106,115
"1881 Kumla","M+N företagstjänster","män",288,230,241
"1881 Kumla","M+N företagstjänster","kvinnor",199,209,205
"1881 Kumla","O offentlig förvaltning och försvar","män",456,472,470
"1881 Kumla","O offentlig förvaltning och försvar","kvinnor",512,545,563
"1881 Kumla","P utbildning ","män",200,185,190
"1881 Kumla","P utbildning ","kvinnor",784,750,763
"1881 Kumla","Q vård och omsorg; sociala tjänster","män",184,199,192
"1881 Kumla","Q vård och omsorg; sociala tjänster","kvinnor",917,879,862
"1881 Kumla","R+S+T+U kulturella och personliga tjänster m.m.","män",123,104,114
"1881 Kumla","R+S+T+U kulturella och personliga tjänster m.m.","kvinnor",205,159,160
"1881 Kumla","00 okänd verksamhet","män",84,86,72
"1881 Kumla","00 okänd verksamhet","kvinnor",101,99,98
"1882 Askersund","A jordbruk, skogsbruk och fiske","män",284,286,293
"1882 Askersund","A jordbruk, skogsbruk och fiske","kvinnor",88,82,72
"1882 Askersund","B+C tillverkning och utvinning","män",853,844,883
"1882 Askersund","B+C tillverkning och utvinning","kvinnor",280,277,284
"1882 Askersund","D+E energiförsörjning; miljöverksamhet","män",33,36,38
"1882 Askersund","D+E energiförsörjning; miljöverksamhet","kvinnor",22,23,27
"1882 Askersund","F byggverksamhet","män",423,436,428
"1882 Askersund","F byggverksamhet","kvinnor",40,40,36
"1882 Askersund","G handel","män",178,167,182
"1882 Askersund","G handel","kvinnor",171,176,179
"1882 Askersund","H transport och magasinering","män",214,201,188
"1882 Askersund","H transport och magasinering","kvinnor",40,39,46
"1882 Askersund","I hotell- och restaurangverksamhet","män",35,45,49
"1882 Askersund","I hotell- och restaurangverksamhet","kvinnor",63,56,72
"1882 Askersund","J information och kommunikation","män",19,17,16
"1882 Askersund","J information och kommunikation","kvinnor",7,5,4
"1882 Askersund","K finans- och försäkringsverksamhet","män",1,1,2
"1882 Askersund","K finans- och försäkringsverksamhet","kvinnor",4,2,2
"1882 Askersund","L fastighetsverksamhet","män",36,41,43
"1882 Askersund","L fastighetsverksamhet","kvinnor",16,19,23
"1882 Askersund","M+N företagstjänster","män",178,149,161
"1882 Askersund","M+N företagstjänster","kvinnor",112,101,106
"1882 Askersund","O offentlig förvaltning och försvar","män",42,41,46
"1882 Askersund","O offentlig förvaltning och försvar","kvinnor",60,61,69
"1882 Askersund","P utbildning ","män",53,54,59
"1882 Askersund","P utbildning ","kvinnor",355,334,354
"1882 Askersund","Q vård och omsorg; sociala tjänster","män",124,133,136
"1882 Askersund","Q vård och omsorg; sociala tjänster","kvinnor",581,598,590
"1882 Askersund","R+S+T+U kulturella och personliga tjänster m.m.","män",49,46,51
"1882 Askersund","R+S+T+U kulturella och personliga tjänster m.m.","kvinnor",95,94,98
"1882 Askersund","00 okänd verksamhet","män",56,58,57
"1882 Askersund","00 okänd verksamhet","kvinnor",86,89,85
"1883 Karlskoga","A jordbruk, skogsbruk och fiske","män",177,170,165
"1883 Karlskoga","A jordbruk, skogsbruk och fiske","kvinnor",53,61,58
"1883 Karlskoga","B+C tillverkning och utvinning","män",2958,3034,3171
"1883 Karlskoga","B+C tillverkning och utvinning","kvinnor",1121,1219,1269
"1883 Karlskoga","D+E energiförsörjning; miljöverksamhet","män",188,187,168
"1883 Karlskoga","D+E energiförsörjning; miljöverksamhet","kvinnor",51,48,45
"1883 Karlskoga","F byggverksamhet","män",894,903,972
"1883 Karlskoga","F byggverksamhet","kvinnor",113,120,182
"1883 Karlskoga","G handel","män",730,716,718
"1883 Karlskoga","G handel","kvinnor",590,589,604
"1883 Karlskoga","H transport och magasinering","män",241,233,233
"1883 Karlskoga","H transport och magasinering","kvinnor",56,56,56
"1883 Karlskoga","I hotell- och restaurangverksamhet","män",177,182,192
"1883 Karlskoga","I hotell- och restaurangverksamhet","kvinnor",221,220,218
"1883 Karlskoga","J information och kommunikation","män",265,249,247
"1883 Karlskoga","J information och kommunikation","kvinnor",137,114,117
"1883 Karlskoga","K finans- och försäkringsverksamhet","män",19,21,22
"1883 Karlskoga","K finans- och försäkringsverksamhet","kvinnor",30,34,29
"1883 Karlskoga","L fastighetsverksamhet","män",196,193,165
"1883 Karlskoga","L fastighetsverksamhet","kvinnor",142,125,117
"1883 Karlskoga","M+N företagstjänster","män",708,684,703
"1883 Karlskoga","M+N företagstjänster","kvinnor",666,665,689
"1883 Karlskoga","O offentlig förvaltning och försvar","män",282,263,263
"1883 Karlskoga","O offentlig förvaltning och försvar","kvinnor",422,432,385
"1883 Karlskoga","P utbildning ","män",311,311,291
"1883 Karlskoga","P utbildning ","kvinnor",934,956,956
"1883 Karlskoga","Q vård och omsorg; sociala tjänster","män",391,386,420
"1883 Karlskoga","Q vård och omsorg; sociala tjänster","kvinnor",2164,2116,2209
"1883 Karlskoga","R+S+T+U kulturella och personliga tjänster m.m.","män",262,228,223
"1883 Karlskoga","R+S+T+U kulturella och personliga tjänster m.m.","kvinnor",320,292,276
"1883 Karlskoga","00 okänd verksamhet","män",69,53,52
"1883 Karlskoga","00 okänd verksamhet","kvinnor",65,63,58
"1884 Nora","A jordbruk, skogsbruk och fiske","män",128,115,120
"1884 Nora","A jordbruk, skogsbruk och fiske","kvinnor",41,33,37
"1884 Nora","B+C tillverkning och utvinning","män",431,396,395
"1884 Nora","B+C tillverkning och utvinning","kvinnor",162,156,155
"1884 Nora","D+E energiförsörjning; miljöverksamhet","män",7,9,8
"1884 Nora","D+E energiförsörjning; miljöverksamhet","kvinnor",0,0,0
"1884 Nora","F byggverksamhet","män",280,278,298
"1884 Nora","F byggverksamhet","kvinnor",30,31,38
"1884 Nora","G handel","män",121,127,127
"1884 Nora","G handel","kvinnor",151,160,178
"1884 Nora","H transport och magasinering","män",86,81,85
"1884 Nora","H transport och magasinering","kvinnor",15,15,14
"1884 Nora","I hotell- och restaurangverksamhet","män",42,45,39
"1884 Nora","I hotell- och restaurangverksamhet","kvinnor",50,53,57
"1884 Nora","J information och kommunikation","män",16,15,17
"1884 Nora","J information och kommunikation","kvinnor",4,5,5
"1884 Nora","K finans- och försäkringsverksamhet","män",6,6,6
"1884 Nora","K finans- och försäkringsverksamhet","kvinnor",6,5,5
"1884 Nora","L fastighetsverksamhet","män",40,35,36
"1884 Nora","L fastighetsverksamhet","kvinnor",23,20,24
"1884 Nora","M+N företagstjänster","män",129,120,122
"1884 Nora","M+N företagstjänster","kvinnor",74,81,77
"1884 Nora","O offentlig förvaltning och försvar","män",54,63,60
"1884 Nora","O offentlig förvaltning och försvar","kvinnor",120,117,116
"1884 Nora","P utbildning ","män",95,95,100
"1884 Nora","P utbildning ","kvinnor",337,346,345
"1884 Nora","Q vård och omsorg; sociala tjänster","män",185,176,179
"1884 Nora","Q vård och omsorg; sociala tjänster","kvinnor",717,699,712
"1884 Nora","R+S+T+U kulturella och personliga tjänster m.m.","män",50,45,54
"1884 Nora","R+S+T+U kulturella och personliga tjänster m.m.","kvinnor",86,82,79
"1884 Nora","00 okänd verksamhet","män",27,36,30
"1884 Nora","00 okänd verksamhet","kvinnor",59,55,55
"1885 Lindesberg","A jordbruk, skogsbruk och fiske","män",327,324,341
"1885 Lindesberg","A jordbruk, skogsbruk och fiske","kvinnor",102,104,117
"1885 Lindesberg","B+C tillverkning och utvinning","män",2031,1967,2033
"1885 Lindesberg","B+C tillverkning och utvinning","kvinnor",611,584,600
"1885 Lindesberg","D+E energiförsörjning; miljöverksamhet","män",72,72,69
"1885 Lindesberg","D+E energiförsörjning; miljöverksamhet","kvinnor",17,18,19
"1885 Lindesberg","F byggverksamhet","män",692,709,670
"1885 Lindesberg","F byggverksamhet","kvinnor",56,61,59
"1885 Lindesberg","G handel","män",410,411,397
"1885 Lindesberg","G handel","kvinnor",320,314,327
"1885 Lindesberg","H transport och magasinering","män",270,230,229
"1885 Lindesberg","H transport och magasinering","kvinnor",58,50,49
"1885 Lindesberg","I hotell- och restaurangverksamhet","män",88,75,80
"1885 Lindesberg","I hotell- och restaurangverksamhet","kvinnor",91,75,69
"1885 Lindesberg","J information och kommunikation","män",30,25,34
"1885 Lindesberg","J information och kommunikation","kvinnor",12,17,15
"1885 Lindesberg","K finans- och försäkringsverksamhet","män",30,28,26
"1885 Lindesberg","K finans- och försäkringsverksamhet","kvinnor",42,36,37
"1885 Lindesberg","L fastighetsverksamhet","män",83,87,86
"1885 Lindesberg","L fastighetsverksamhet","kvinnor",35,44,47
"1885 Lindesberg","M+N företagstjänster","män",237,243,240
"1885 Lindesberg","M+N företagstjänster","kvinnor",198,182,195
"1885 Lindesberg","O offentlig förvaltning och försvar","män",227,244,247
"1885 Lindesberg","O offentlig förvaltning och försvar","kvinnor",435,431,431
"1885 Lindesberg","P utbildning ","män",405,363,346
"1885 Lindesberg","P utbildning ","kvinnor",1028,975,957
"1885 Lindesberg","Q vård och omsorg; sociala tjänster","män",420,413,408
"1885 Lindesberg","Q vård och omsorg; sociala tjänster","kvinnor",1800,1783,1809
"1885 Lindesberg","R+S+T+U kulturella och personliga tjänster m.m.","män",134,127,123
"1885 Lindesberg","R+S+T+U kulturella och personliga tjänster m.m.","kvinnor",194,187,188
"1885 Lindesberg","00 okänd verksamhet","män",62,63,55
"1885 Lindesberg","00 okänd verksamhet","kvinnor",79,79,71
