,OMXS30 vs olja,OMXS30 vs ränta
2026-03-13,-0.7725646364757409,-0.1327830491501926
2026-03-16,-0.7634365271891321,-0.12315085388327608
2026-03-17,-0.8151460710938722,-0.1806748568205996
2026-03-18,-0.8181776849247246,-0.20365074830541807
2026-03-19,-0.5868011869438082,-0.138284433100044
2026-03-20,-0.5784782109117605,-0.25613677653511424
2026-03-23,-0.5892067681591739,-0.37625861129971067
2026-03-24,-0.23146626705754011,-0.3176460562914049
2026-03-25,-0.28772640958197576,-0.43127923419835207
2026-03-26,-0.47393633578800626,-0.5533545727343271
2026-03-27,-0.4678865642146234,-0.5697384108221445
2026-03-30,-0.4408068456668478,-0.6103324664502833
2026-03-31,-0.3247172433413856,-0.6300146053328148
2026-04-01,-0.5564614111004631,-0.5571007440835233
2026-04-02,-0.7186287747677085,-0.609025025890155
2026-04-07,-0.7301883352332221,-0.5083159187479176
2026-04-08,-0.8567791611030081,-0.5421861898335455
2026-04-09,-0.8682461903576687,-0.5781898023377127
2026-04-10,-0.8661899215118836,-0.5542592361015615
2026-04-13,-0.8683896410999883,-0.37263552032177094
2026-04-14,-0.8544722146065797,-0.29312083529592947
2026-04-15,-0.8466130059876444,-0.47157298955084476
2026-04-16,-0.9216608897191761,-0.47068498979656836
2026-04-17,-0.9291174451037738,-0.6183631937132037
2026-04-20,-0.9238740451883871,-0.6673371348167662
2026-04-21,-0.9278357809531191,-0.6977247112117272
2026-04-22,-0.8717432297697683,-0.6486189015684206
2026-04-23,-0.8827881621953642,-0.6465015085753234
2026-04-24,-0.8063085885208021,-0.6690281677967177
2026-04-27,-0.8158370177830115,-0.7181016341074172
2026-04-28,-0.7797538428743676,-0.6631309245296567
2026-04-29,-0.7865731612531413,-0.6200631026130391
2026-04-30,-0.8547047492607414,-0.6892822201342289
2026-05-04,-0.4582337730636751,-0.3601097106508422
2026-05-05,-0.6490959931485216,-0.624267760360179
2026-05-06,-0.8237568098728637,-0.7651423861641926
2026-05-07,-0.7257692838907867,-0.778600499608012
2026-05-08,-0.7672302588706753,-0.6654590252144345
2026-05-11,-0.732435567479505,-0.6653020223430175
2026-05-12,-0.7427935184854283,-0.6839685272671249
2026-05-13,-0.7288395830844611,-0.6865664119586887
2026-05-15,-0.7700511309430739,-0.6010313257168807
2026-05-18,-0.6817872362851646,-0.5694859163441213
2026-05-19,-0.6890489476200763,-0.5365199880074135
2026-05-20,-0.6931913751852165,-0.54966224320724
2026-05-21,-0.4383681847838021,-0.37488708179895824
2026-05-22,-0.5631614804062669,-0.4545804255391899
2026-05-26,-0.6143587524040349,-0.747708027730758
2026-05-27,-0.4499472595706474,-0.703106341624755
2026-05-28,-0.22243028349070507,-0.4423505170082316
2026-05-29,-0.23542564042118297,-0.4335941524133646
2026-06-01,-0.3822506971114179,-0.38193716210857476
2026-06-02,-0.256885095779518,-0.41567591726945097
2026-06-03,-0.3213908859859431,-0.5150400937416412
2026-06-04,-0.16504046471697417,-0.4006867018304342
2026-06-05,-0.10444626482126453,-0.49644066058579084
2026-06-08,-0.22155084671335581,-0.46153828476150177
2026-06-09,-0.03180707326890551,-0.24692769267337936
2026-06-10,-0.03374749003985122,-0.24991028138171642
2026-06-11,-0.12953703436796868,-0.4165932580863123
2026-06-12,-0.2833676896037587,-0.24245865302159905
2026-06-15,-0.16229836071577802,-0.21514641300534768
2026-06-16,-0.4781788569468388,-0.16884720015061164
2026-06-17,-0.2988057814403342,-0.01953515140213164
2026-06-18,-0.2354660030171742,-0.03649548755148588
2026-06-22,-0.2703155942063649,0.1811254737185353
2026-06-23,-0.23156080318569952,0.23994478152463367
2026-06-24,-0.30909557388721726,0.20550192246294335
2026-06-25,0.059225993367854675,0.2932605809427111
2026-06-26,0.18025683551377109,0.32242766420547786
2026-06-29,0.33019512576824406,0.22526721435722266
2026-06-30,0.47315563720245146,0.3671755163773851
2026-07-01,0.5637183093951503,0.21694037398337432
2026-07-02,0.5643529918880159,0.18774749363315696
2026-07-06,0.5709349997492389,0.18607566090207436
2026-07-07,0.31138994320062957,-4.843783032066642e-05
2026-07-08,-0.18048961369442176,-0.23940022885842913
2026-07-09,-0.30166252891198736,-0.48221553674130513
2026-07-10,-0.3843951873541831,-0.4442962009375275
2026-07-13,-0.5308497101898694,-0.6616763810944986
2026-07-14,-0.5364480897203557,-0.5447860198729446
2026-07-15,-0.49798711579566746,-0.5792199374494348
2026-07-16,-0.578228076814428,-0.5647324031436078
2026-07-17,-0.5411547536781811,-0.5826903325708287
2026-07-20,-0.5119257795330884,-0.550610609645482
2026-07-21,-0.4970854463226713,-0.4298132154424203
2026-07-22,-0.24149848753411318,-0.13722104089495274
2026-07-23,-0.10829190570888772,0.03337769403760775
2026-07-24,-0.42403642308781553,-0.14011935410575813
2026-07-27,-0.41353490127689707,-0.1617409072283279
2026-07-28,-0.38017799957087334,-0.2010306996916282
2026-07-29,-0.44368966847081837,-0.3819471255867264
2026-07-30,-0.4764710290547772,-0.3163024155263491
2026-07-31,-0.44339977085033655,-0.32690470249754916
2026-08-03,-0.5145318231933139,-0.3195260420486281
2026-08-04,-0.5527215709305844,-0.47183978384805414
2026-08-05,-0.7378477492207065,-0.579451261068393
2026-08-06,-0.677063523481151,-0.5649805669423821
2026-08-07,-0.6799140869641083,-0.4784325033693979
2026-08-10,-0.7390770102718173,-0.49897514464779996
2026-08-11,-0.7899138065207303,-0.46234158866504554
2026-08-12,-0.8088798643062757,-0.43199930901258193
2026-08-13,-0.718246655546974,-0.37734888660992805
2026-08-14,-0.7594177381192724,-0.6064858082587931
2026-08-17,-0.7081115831937523,-0.5269563729307013
2026-08-18,0.23044889998537121,0.34978673932305404
2026-08-19,0.30345931861814124,0.16398700656422166
2026-08-20,0.28101603754673843,0.33435953803323426
2026-08-21,0.0732481640899452,0.4309081327832299
2026-08-24,0.1671957128200169,0.4602797119654501
2026-08-25,-0.18280039286049837,0.09755046587936636
2026-08-26,-0.20071951371545924,0.1180272523813727
