,OMXS30,Brent-olja,US10Y-ränta (bp)
2024-09-04,-1.3273799470475356,-1.4237329515360164,-0.7600021362304688
2024-09-05,-0.8853969532084394,-0.01374760282735199,-0.36999940872192383
2024-09-06,-1.128281366905004,-2.242405871600306,-0.20999908447265625
2024-09-09,1.227359108471604,1.097662265825039,-0.13000011444091797
2024-09-10,-0.6244465031637447,-3.68874447601647,-0.5100011825561523
2024-09-11,-0.23262106419930095,2.0523169805461983,0.07000207901000977
2024-09-12,0.8266909203720418,1.9260736419710156,0.26999950408935547
2024-09-13,0.5831958189534303,-0.500209259754747,-0.2999997138977051
2024-09-16,0.1807768590151193,1.5919555647701644,-0.29000043869018555
2024-09-17,1.0338997837834984,1.305837729542536,0.20999908447265625
2024-09-18,-0.4560048761257929,-0.06783639678898945,0.42999982833862305
2024-09-19,1.9128551836693264,1.670055264162995,0.5500006675720215
2024-09-20,-0.5307435918464276,-0.5208325373311062,-0.12000083923339844
2024-09-23,0.18202982278927582,-0.7920477309848128,0.1100015640258789
2024-09-24,0.23855208418668283,1.718533987609816,-0.03000020980834961
2024-09-25,0.8068298789293271,-2.2748425251114313,0.4499983787536621
2024-09-26,1.2072722281101012,-2.5319910611661167,0.09999990463256836
2024-09-27,-0.11282054788229745,0.5307330878643102,-0.4199981689453125
2024-09-30,-0.4928420341476336,-0.29175702149638605,0.5299997329711914
2024-10-01,-0.574703775554497,2.4940796979962876,-0.5900001525878906
2024-10-02,0.3566171630984938,0.46221313019256804,0.4200005531311035
2024-10-03,-0.9981453685264929,5.033831047216464,0.6499981880187988
2024-10-04,0.35831153756940015,0.5539813063131005,1.3100004196166992
2024-10-07,-0.04374062307462845,3.6899386813708857,0.4500007629394531
2024-10-08,-0.5673385377278573,-4.6336339872226295,0.06999969482421875
2024-10-09,0.2711510201370837,-0.7774014922889982,0.3399991989135742
2024-10-10,-0.8091082112374748,3.6824231227435833,0.29000282287597656
2024-10-11,0.5751635177227543,-0.4534012637697815,-0.23000240325927734
2024-10-14,0.3681279335577825,-1.998990147714308,0.2500009536743164
2024-10-15,-0.815172273430842,-4.144073228005141,-0.5999994277954102
2024-10-16,0.11742516502286637,-0.040402396359429105,-0.2200031280517578
2024-10-17,0.22175321965614003,0.3098837560715495,0.8000040054321289
2024-10-18,0.32838631093323745,-1.8670241056084502,-0.23000240325927734
2024-10-21,-0.6976860177654087,1.6835524199780183,1.0900020599365234
2024-10-22,-0.18208642575737732,2.3556332998162954,0.21999835968017578
2024-10-23,0.3816796067338535,-1.42030749349209,0.3800010681152344
2024-10-24,-0.12561098332375398,-0.7737484500247693,-0.42000293731689453
2024-10-25,0.550614455390841,2.245235090087472,0.32000064849853516
2024-10-28,1.2268808492158945,-6.088106110477643,0.46000003814697266
2024-10-29,-0.5076080736097333,-0.42004400735720093,-0.039997100830078125
2024-10-30,-1.2403384648934201,2.010686515678617,-0.08000373840332031
2024-10-31,-1.395248732702492,0.8408002545725379,0.18000125885009766
2024-11-01,0.5826553724453287,-0.0820191156159833,0.7700014114379883
2024-11-04,0.57727527331215,2.70862297984118,-0.5200004577636719
2024-11-05,0.08332348506314702,0.5993566026473607,-0.19999980926513672
2024-11-06,-0.8156114838324569,-0.8076269299752248,1.3700008392333984
2024-11-07,1.2373934127318353,0.9476763238456032,-0.8500003814697266
2024-11-08,-1.0051449745584917,-2.327111689477679,-0.34999847412109375
2024-11-11,0.6910186091178883,-2.761609367371698,0.019998550415039062
2024-11-12,-2.413987327630207,0.08352715726620552,1.2400007247924805
2024-11-13,-0.06635082779284929,0.5424946348025594,0.1900005340576172
2024-11-14,0.7493011678813888,0.3873807194599399,-0.3299999237060547
2024-11-15,-0.845478209627748,-2.0948135256467992,0.09999752044677734
2024-11-18,-0.12246975120675518,3.1813092723883996,-0.1399993896484375
2024-11-19,-0.5360080986997362,0.013635070149842221,-0.34999847412109375
2024-11-20,-0.36035450329551244,-0.6820352157294374,0.26999950408935547
2024-11-21,0.4757444426712887,1.950289583785647,0.26000022888183594
2024-11-22,0.7127218826693982,1.2663273198194158,-0.2200031280517578
2024-11-25,-0.0656647595530746,-2.8734815555805038,-1.4499998092651367
2024-11-26,-0.6628899682139755,-0.27394133924764086,0.37000179290771484
2024-11-27,0.07529262340648657,0.02747462317223004,-0.5999994277954102
2024-11-29,0.6474184295200969,0.15103749496907515,-0.6400012969970703
2024-12-02,1.3639402558797364,-1.5217995245383253,0.18000125885009766
2024-12-03,1.0031758660623336,2.4919961992169393,0.26999950408935547
2024-12-04,0.8036061202126188,-1.779414750224384,-0.43000221252441406
2024-12-05,0.4511709374547923,-0.3042473076075747,0.0
2024-12-06,0.3140657912795053,-1.3455314753550107,-0.28999805450439453
2024-12-09,0.13512276756530994,1.4341909500494632,0.4799985885620117
2024-12-10,-0.852412434440486,0.06931390654403291,0.2200031280517578
2024-12-11,-0.2714862579247357,1.842352343372844,0.4999971389770508
2024-12-12,-0.558740048218076,-0.14960961096208703,0.5299997329711914
2024-12-13,-0.6850701431697637,1.4711812393187529,0.7500028610229492
2024-12-16,-0.4591921080194461,-0.7786202420368871,-0.020003318786621094
2024-12-17,-0.45329904919071407,-0.9741593627768164,-0.1199960708618164
2024-12-18,0.17987646612862562,0.2732571957519747,1.0899972915649414
2024-12-19,-2.2276928381699035,-0.6949204802724207,0.7600021362304688
2024-12-20,-0.25985557981014207,0.08233423470040968,-0.46000003814697266
2024-12-23,-0.19311060598885543,-0.42501395340275305,0.7499980926513672
2024-12-27,0.8225601008087224,2.120337290051144,0.19999980926513672
2024-12-30,-0.28362318049146573,0.29661753557281845,-0.7399988174438477
2025-01-02,1.0352406362011068,2.070171969569401,0.29999732971191406
2025-01-03,0.10310266524524714,0.763863859770253,0.21000385284423828
2025-01-07,1.263643751774124,0.7057912697033375,0.8699989318847656
2025-01-08,-0.07332422748442813,-1.1550932568433314,0.09999752044677734
2025-01-10,-0.6910100863570467,4.726888525495365,0.8300018310546875
2025-01-13,-0.35317168644219965,1.5672015628397151,0.26999950408935547
2025-01-14,0.2547503202217749,-1.3455177614390745,-0.14999866485595703
2025-01-15,1.9678190437318444,2.6401409643318052,-1.3500022888183594
2025-01-16,0.5845416913181412,-0.9021063937359131,-0.4699993133544922
2025-01-17,1.2199949715262504,-0.6150817989528323,0.030002593994140625
2025-01-21,0.802731039116944,-1.8566654078496336,-0.3500032424926758
2025-01-22,0.3627846903491161,-0.36574714614557857,0.2500009536743164
2025-01-23,0.9313981612121491,-0.8987330183198194,0.3900003433227539
2025-01-24,-0.10921526148998106,0.26823231832535654,-0.12000083923339844
2025-01-27,-0.8544766128418702,-1.808914864898492,-0.9800004959106445
2025-01-28,-0.4265899561078146,0.5319097340104939,0.23000240325927734
2025-01-29,0.8232471493096805,-1.1743399894198592,0.039997100830078125
2025-01-30,0.1875341600749092,0.37869013919211714,-0.42999744415283203
2025-01-31,0.3089181866125612,-0.14309952702122875,0.5699968338012695
2025-02-03,-1.4191870268325246,-1.0422134308151754,-0.2599954605102539
2025-02-04,0.2213705331532756,0.3159529576911124,-0.3000020980834961
2025-02-05,-0.3545801024858686,-2.0866094508778077,-0.9100008010864258
2025-02-06,1.393494130141737,-0.4288965181697413,0.18000125885009766
2025-02-07,-0.9749798789107866,0.49805188049836246,0.4699993133544922
2025-02-10,0.702034278125141,1.6206791121371689,0.06000041961669922
2025-02-11,0.32288662497925724,1.4893860715839757,0.4400014877319336
2025-02-12,0.45364585102265487,-2.3636359673041785,0.9999990463256836
2025-02-13,1.690240628565265,-0.21282742944915833,-1.119999885559082
2025-02-14,-0.26640620211060284,-0.37323219384968187,-0.5299997329711914
2025-02-18,1.4826669944649096,1.4717667989850414,0.7200002670288086
2025-02-19,-1.706113088597283,0.2637191288164642,-0.09000301361083984
2025-02-20,0.5481431369731782,0.5786460232885204,-0.34999847412109375
2025-02-21,-0.030406832488727442,-2.680443203160454,-0.7999992370605469
2025-02-24,-0.3904980306170036,0.4702384424103645,-0.26999950408935547
2025-02-25,0.4092758639520966,-2.3535733684950655,-0.9500026702880859
2025-02-26,1.3864089097179289,-0.6710461329719308,-0.48999786376953125
2025-02-27,-0.74401571405871,2.0819001263536308,0.3599977493286133
2025-02-28,-0.6292832777329171,-1.161535115771728,-0.5399990081787109
2025-03-03,0.7357740201119123,-2.1317266358133913,-0.5100011825561523
2025-03-04,-3.2243089619710785,-0.8098321820887766,0.3000020980834961
2025-03-05,2.550446099206627,-2.4493212856775415,0.5499982833862305
2025-03-06,0.33149997217110094,0.2308744959150344,0.20999908447265625
2025-03-07,-0.13933685376705807,1.295711974865399,0.3100013732910156
2025-03-10,-0.6848464637168594,-1.5349656362791397,-1.0400009155273438
2025-03-11,-2.1342878744562643,0.4041552890161837,0.7500028610229492
2025-03-12,0.140759477174357,1.9982740633042395,0.29999732971191406
2025-03-13,-0.3224167849731563,-1.5081039335417823,-0.43999671936035156
2025-03-14,1.3042669273940488,1.0017238196191824,0.3399991989135742
2025-03-17,0.1049238960441512,0.6942446175368877,-0.019998550415039062
2025-03-18,0.011565172428817938,-0.7176053727598553,-0.2500009536743164
2025-03-19,-0.28165029380959883,0.31179312402955794,-0.2500009536743164
2025-03-20,-0.34257072085172036,1.7236525031701033,-0.23000240325927734
2025-03-21,-1.476518613509481,0.22222730848524552,0.1900005340576172
2025-03-24,0.05340834767273428,1.1640746885545061,0.7899999618530273
2025-03-25,0.4034298216601062,0.027392661734793045,-0.23999691009521484
2025-03-26,-1.4138453228353276,1.0545115144620532,0.3099966049194336
2025-03-27,-1.1991062159394383,0.3252444244366881,0.3100013732910156
2025-03-28,-1.1711852853989568,-0.5403235613597901,-1.139998435974121
2025-03-31,-1.9119730775202348,1.5075385736212699,-0.09000301361083984
2025-04-01,0.6301695739180158,-0.33449291831086914,-0.8999967575073242
2025-04-02,-1.2384777917671341,0.6175313433542051,0.39999961853027344
2025-04-03,-3.773470427588732,-6.417608745088232,-1.4100027084350586
2025-04-04,-4.105536217248318,-6.501279723801556,-0.6999993324279785
2025-04-07,-4.715100083065438,-2.08905566991503,1.7000031471252441
2025-04-08,2.6550774226280716,-2.1647709227028633,1.0699987411499023
2025-04-09,-2.748457080450062,4.234326130263466,1.380000114440918
2025-04-10,4.817046986327211,-3.283447488783986,-0.06000041961669922
2025-04-11,-0.1305075083835372,2.258013996258179,0.9899997711181641
2025-04-14,2.6828608406829657,0.18529202166341907,-1.2900018692016602
2025-04-15,2.2228198058755533,-0.32367307854901384,-0.40999889373779297
2025-04-16,-0.7567719369909853,1.8246487375693565,-0.4400014877319336
2025-04-17,-0.7171636150726246,3.2042530892096854,0.540003776550293
2025-04-22,0.36545766418440984,-0.7651510448375087,0.55999755859375
2025-04-23,1.190607609004446,-1.957294850294633,-0.019998550415039062
2025-04-24,0.27207861695359714,0.6503331629066134,-0.820002555847168
2025-04-25,1.1725717958892767,0.48084099196110675,-0.3900003433227539
2025-04-28,0.044332091323906475,-1.5103964329986397,-0.4999971389770508
2025-04-29,-0.6702571780985322,-2.444580314957534,-0.43000221252441406
2025-04-30,0.9239339713976502,-1.7587565262493943,0.040001869201660156
2025-05-02,1.1701220674229518,-2.899236450134046,1.4499998092651367
2025-05-05,0.08949532843705033,-1.7294850015616037,0.20999908447265625
2025-05-06,-1.4526941325947673,3.1877834936661076,-0.34999847412109375
2025-05-07,0.11141902811850901,-1.6572849053998029,-0.3299999237060547
2025-05-08,0.7219668566730952,2.814138172057201,0.9800004959106445
2025-05-09,-0.00950964331660753,1.7027366203469896,0.019998550415039062
2025-05-12,3.114684445210081,1.6429341880260795,0.8199977874755859
2025-05-13,0.13744995480693412,2.5708100253722055,0.42000293731689453
2025-05-14,-0.4254260004568633,-0.8104471526143464,0.28999805450439453
2025-05-15,0.9675035395170228,-2.3604140490765535,-0.7299995422363281
2025-05-16,0.06775925260469329,1.3637143955670394,-0.1399993896484375
2025-05-19,0.19068376877111604,0.19874215890507418,0.3399991989135742
2025-05-20,0.5558384347368994,-0.24413130893238266,0.06000041961669922
2025-05-21,-0.5937440317689724,-0.718864501457317,1.1500024795532227
2025-05-22,-1.8162867975180408,-0.7240813344422614,-0.43000221252441406
2025-05-23,-0.879527132172575,0.5276168916966917,-0.4400014877319336
2025-05-27,1.5416645538555152,-1.065147351664919,-0.7499980926513672
2025-05-28,-0.30308727802373925,1.2638558812171352,0.43000221252441406
2025-05-30,-0.5625284123679464,-1.5408320130797626,-0.6100034713745117
2025-06-02,-0.5912296404743556,1.142403302202455,0.46000003814697266
2025-06-03,0.25904892795483025,1.547269135845597,-0.019998550415039062
2025-06-04,0.9148588780056421,-1.173238877480387,-0.9500026702880859
2025-06-05,0.43963364349286493,0.7400489099940843,0.29000282287597656
2025-06-09,-0.34318068776918453,2.601782480742032,0.8799982070922852
2025-06-10,-0.025814555114755944,-0.25357721751751994,-0.07999897003173828
2025-06-11,-0.5080473384511897,4.336763537268751,-0.6199979782104492
2025-06-12,-0.718354147236866,-0.587639461719236,-0.5500030517578125
2025-06-13,-0.881725158928448,7.021341845050699,0.6699991226196289
2025-06-16,1.0454963474777257,-1.3471641583949756,0.28000354766845703
2025-06-17,-0.9625954112988055,4.397096058583916,-0.5900001525878906
2025-06-18,-0.11408583099010716,0.32701113143176475,0.039997100830078125
2025-06-23,-1.405269572223733,-6.805728551503187,-0.7699966430664062
2025-06-24,1.1715739915891588,-6.07163369259156,-0.26999950408935547
2025-06-25,-0.33204950150763635,0.8042909151569022,0.0
2025-06-26,0.2637878334778687,0.07388157732319822,-0.40000438690185547
2025-06-27,2.261461267528464,0.05904810888912593,0.3000020980834961
2025-06-30,-0.5055889990068452,-0.23608682402260772,-0.5299997329711914
2025-07-01,-0.09935031143047945,-0.7395355649848168,0.20999908447265625
2025-07-02,1.2578886953985347,2.9801817639851125,0.42000293731689453
2025-07-03,0.28324880102730265,-0.44855672964256854,0.5499982833862305
2025-07-07,-0.5953101960974649,1.133719105666442,0.4699993133544922
2025-07-08,0.31398744244421906,0.8192004596496272,0.19999980926513672
2025-07-09,0.5588165718044547,0.05702197385211161,-0.7299995422363281
2025-07-10,1.7292267650764526,-2.2082960504976934,0.040001869201660156
2025-07-11,-1.3658990565021067,2.505829306523144,0.7699966430664062
2025-07-14,-0.5014915339369153,-1.6344535473322819,0.040001869201660156
2025-07-15,0.005389393307608792,-0.7224389634649997,0.6199979782104492
2025-07-16,-0.7937888227499967,-0.2765280802473291,-0.3399991989135742
2025-07-17,1.7241332397060383,1.4594279757618622,0.07999897003173828
2025-07-18,-0.34937394600065286,-0.345221339698476,-0.3099966049194336
2025-07-21,0.19483678680356498,-0.10103882225404037,-0.5999994277954102
2025-07-22,-0.5610614011092419,-0.8958282831723507,-0.3600025177001953
2025-07-23,2.175459028638471,-0.11662663060381107,0.5200004577636719
2025-07-24,0.29593917511074874,0.9779567188058724,0.19999980926513672
2025-07-25,0.23451481151119946,-1.069670223337893,-0.21999835968017578
2025-07-28,-0.6455355578022459,2.3378118308673423,0.3399991989135742
2025-07-29,0.5185091532478481,3.5265579503376943,-0.9000015258789062
2025-07-30,0.11698101562820362,1.0067517666977333,0.46000003814697266
2025-07-31,-0.9942822912918259,-0.9694143981179404,-0.15999794006347656
2025-08-01,-1.8007644091291186,-3.9431968268113793,-1.400003433227539
2025-08-04,0.752996984465959,-1.3061519400476507,-0.19999980926513672
2025-08-05,0.3948835381442528,-1.6288579287170868,-0.039997100830078125
2025-08-06,0.1476227225817972,-1.1088113642336639,0.23999691009521484
2025-08-07,1.0608488445925213,-0.687694855239962,0.24000167846679688
2025-08-08,0.35541070177871337,0.24084906214034696,0.40999889373779297
2025-08-11,-0.4693763889532465,0.060070457617045214,-0.12000083923339844
2025-08-12,0.7099198040815491,-0.7654127688107915,0.20000457763671875
2025-08-13,0.14298550859976888,-0.7410851070924873,-0.5500030517578125
2025-08-14,0.766782858912296,1.8436677359599418,0.5500030517578125
2025-08-15,0.2953513960203047,-1.4811458976821013,0.34999847412109375
2025-08-18,-0.5662752880053024,1.1389521904009658,0.13000011444091797
2025-08-19,1.299473995643341,-1.2162125783058308,-0.3900003433227539
2025-08-20,-0.17391778447026773,1.5959802519404764,-0.06000041961669922
2025-08-21,-0.3259238009333476,1.2417742018698608,0.3399991989135742
2025-08-22,1.6157602186190667,0.08867325197567943,-0.6999969482421875
2025-08-25,-0.7751850722473308,1.5798016267404735,0.14999866485595703
2025-08-26,-0.4365988019218725,-2.2965141874573214,-0.17000198364257812
2025-08-27,-0.42220268209799405,1.2347542635852582,-0.19999980926513672
2025-08-28,-0.0716559444211895,0.8376189114799759,-0.3100013732910156
2025-08-29,-0.682138457475201,-0.7286505100364549,0.20000457763671875
2025-09-02,-1.8306399341024293,1.4973526158843065,0.4999971389770508
2025-09-03,0.7592259511516763,-2.227366110966311,-0.6599998474121094
2025-09-04,0.3979075683185007,-0.9023677871606517,-0.34999847412109375
2025-09-05,0.7328229379974349,-2.2242094510878774,-0.9000015258789062
2025-09-08,0.5175881059766407,0.7938880046815422,-0.39999961853027344
2025-09-09,-0.2770186585816736,0.5604404201691171,0.279998779296875
2025-09-10,-0.14336347913426195,1.656873752423338,-0.4199981689453125
2025-09-11,0.2570615789837749,-1.6594979295276313,-0.20999908447265625
2025-09-12,-0.022062300899772236,0.9341496030289553,0.4999971389770508
2025-09-15,0.08006991827920196,0.6717489057871617,-0.26999950408935547
2025-09-16,-0.8812492947534056,1.5272816459218852,-0.07999897003173828
2025-09-17,0.0703975566126891,-0.7594629227254956,0.5000019073486328
2025-09-18,0.7188508838206653,-0.7505438259613251,0.279998779296875
2025-09-19,0.4385988076895053,-1.126930766188483,0.34999847412109375
2025-09-22,0.04617304346687945,-0.1649679211879418,0.040001869201660156
2025-09-23,0.887883745211826,1.5923051877017924,-0.23000240325927734
2025-09-24,-0.9649435410139406,2.4841052393963725,0.26999950408935547
2025-09-25,-0.8258965054930734,0.15870814345155804,0.2500009536743164
2025-09-26,0.804754339520386,1.0227587196772303,0.14999866485595703
2025-09-29,0.28028964309367854,-3.0799887598877196,-0.46000003814697266
2025-09-30,0.4059569566687182,-1.397682154737634,0.06999969482421875
2025-10-01,0.5366914260849232,-2.4917908871875283,-0.4199981689453125
2025-10-02,1.1766688596327235,-1.897471909292514,-0.18000125885009766
2025-10-03,0.752236175623211,0.6551211432643367,0.3100013732910156
2025-10-06,0.4516971251343316,1.4566906232575727,0.43000221252441406
2025-10-07,-0.6995516877214336,-0.03055486801275542,-0.3500032424926758
2025-10-08,0.4179003973708628,1.2223118243847253,0.020003318786621094
2025-10-09,-0.1257191944432745,-1.5547151385613245,0.18999576568603516
2025-10-10,-0.8262607753946938,-3.8178497881971585,-0.969996452331543
2025-10-13,0.05657394875160371,0.9405390672618141,0.0
2025-10-14,0.44909132725268197,-1.468730748038527,-0.29000282287597656
2025-10-15,0.6226081139664608,-0.7693533369643957,0.24000167846679688
2025-10-16,0.1347609878263878,-1.3729582881861768,-0.6999993324279785
2025-10-17,-1.4744011099747212,0.3766779185447877,0.3099989891052246
2025-10-20,1.2869293587865815,-0.4568487352122119,-0.20999908447265625
2025-10-21,0.6607544108812258,0.5081156889355398,-0.23000001907348633
2025-10-22,-0.3162375146191998,2.071103170391675,-0.09999990463256836
2025-10-23,0.42099579591095004,5.432173994077005,0.37999868392944336
2025-10-24,1.0807963331822767,-0.07576212150588457,0.06000041961669922
2025-10-27,0.38884402148484654,-0.4852891764882239,0.0
2025-10-28,-0.2936078210714843,-1.8591910540062706,-0.1399993896484375
2025-10-29,-0.4161700591763018,0.8074481843877823,0.7500004768371582
2025-10-30,0.17503482723748576,0.12323141298693496,0.34999847412109375
2025-10-31,-0.5642721676878959,0.10769183819110406,0.07999897003173828
2025-11-03,-0.4202611173941273,-0.2766256431842251,0.05000114440917969
2025-11-04,-0.5209779595994224,-0.6934765795574505,-0.1699972152709961
2025-11-05,0.37653167787057296,-1.4276876920964021,0.6799983978271484
2025-11-06,-0.25808913241198717,-0.22040206020075281,-0.6400012969970703
2025-11-07,-0.40797411967833375,0.3944461908912178,0.0
2025-11-10,0.9816696226508714,0.6757763370429659,0.17000198364257812
2025-11-11,1.124717938139197,1.7171497743337927,0.09999752044677734
2025-11-12,0.5398952592700068,-3.7599822589657106,-0.5499982833862305
2025-11-13,-0.9075337534465988,0.4783913912300264,0.4699993133544922
2025-11-14,-0.8437247761245881,2.190130304516491,0.3599977493286133
2025-11-17,-0.761416308005769,-0.29508066968050306,-0.14999866485595703
2025-11-18,-2.280654619803002,1.0747702090430522,-0.09999752044677734
2025-11-19,0.4529300794953839,-2.126677579126901,0.09999752044677734
2025-11-20,0.5998536702825463,-0.20468785522529398,-0.26999950408935547
2025-11-21,-0.09620342103593416,-1.293783024621531,-0.42999744415283203
2025-11-24,0.9632590776470717,1.29475310232261,-0.2500009536743164
2025-11-25,1.2039383572381324,-1.4044491157481076,-0.3600025177001953
2025-11-26,0.7715916882305773,1.0403353563399165,-0.03999948501586914
2025-11-28,0.29958902362454687,0.11088182106744338,0.1900029182434082
2025-12-01,-0.1162391210280167,-0.04747245827840807,0.7899999618530273
2025-12-02,-0.03598286079524726,-1.1397774685385609,-0.10000228881835938
2025-12-03,-0.1330283863473447,0.3522776674430572,-0.28999805450439453
2025-12-04,1.215229824210251,0.9414395561291977,0.5099964141845703
2025-12-05,0.4626133463004667,0.7745837677330503,0.3100013732910156
2025-12-08,-0.09592462014290648,-1.9764679553462061,0.3299999237060547
2025-12-09,-0.5374636835718927,-0.8801456824849674,0.1399993896484375
2025-12-10,0.06611286925333193,0.43590646391657994,-0.21999835968017578
2025-12-11,0.6566005691018839,-1.4949370179429988,-0.23000240325927734
2025-12-12,-0.2838597924379349,-0.2610963619440576,0.5299997329711914
2025-12-15,0.4147082572110383,-0.9162263880564514,-0.1199960708618164
2025-12-16,-0.7017536904273647,-2.7080633539565913,-0.3299999237060547
2025-12-17,-0.6359488970318239,1.2898882550051338,0.019998550415039062
2025-12-18,1.1792615994834499,0.2345834264955604,-0.34999847412109375
2025-12-19,0.47258510006691345,1.0865956689985579,0.34999847412109375
2025-12-22,0.13348698156074867,2.6459375588259393,0.18000125885009766
2025-12-23,0.14170145058418626,0.49943833545220695,0.0
2025-12-29,0.5105533584001343,-0.7053581819047916,-0.5299997329711914
2025-12-30,0.6749922502879091,-0.032290051997263536,0.1399993896484375
2026-01-02,-0.0616836433591339,-1.8895319824671741,0.5699968338012695
2026-01-05,0.7147567860204651,1.6625486774209053,-0.21999835968017578
2026-01-07,2.120193428948447,-2.9145066158995703,-0.26999950408935547
2026-01-08,-0.8560841964561972,3.3855947714979795,0.4500007629394531
2026-01-09,1.2479018471224235,2.177768087704446,-0.12000083923339844
2026-01-12,0.3230310254400681,0.8367520966531261,0.15999794006347656
2026-01-13,-0.010512686112384984,2.505092086387406,-0.15999794006347656
2026-01-14,0.0003681872472682812,1.6037809726376695,-0.3100013732910156
2026-01-15,1.7672840980431648,-4.149125767914308,0.19999980926513672
2026-01-16,0.08065549635210001,0.580299469298784,0.7100009918212891
2026-01-20,-2.0637738170541153,1.2318742388301551,0.6400012969970703
2026-01-21,0.3913719196368959,0.4929138999533844,-0.42000293731689453
2026-01-22,0.5033855083736993,-1.8087068421427488,-0.039997100830078125
2026-01-23,0.35204961343564545,2.8410861133104426,-0.10000228881835938
2026-01-26,0.3489836998088913,-0.44019570069471214,-0.26000022888183594
2026-01-27,0.6545532985961611,3.0187581452718604,0.10000228881835938
2026-01-28,-0.5413458453641273,1.2283584946031434,0.279998779296875
2026-01-29,0.12965600997700832,3.3771893378098383,-0.23999691009521484
2026-01-30,-0.08697239812273105,-0.028279795397134766,0.1399993896484375
2026-02-02,1.2581067024865167,-6.210212530813298,0.3399991989135742
2026-02-03,0.6679583010862578,1.5535425820309534,-0.009999275207519531
2026-02-04,0.9905921110379134,3.163518781363739,0.009999275207519531
2026-02-05,-0.9063476281254479,-2.7497783730057845,-0.6500005722045898
2026-02-06,0.9962001654960417,0.7401924165967744,-0.040001869201660156
2026-02-09,0.5162204960974526,1.4548094333170836,-0.07999897003173828
2026-02-10,-0.0004203204710062636,-0.3476214666670918,-0.5100011825561523
2026-02-11,0.2847449648120337,0.8720907667252753,0.2500009536743164
2026-02-12,-0.6939065193775629,-2.708940693771389,-0.6799983978271484
2026-02-13,-0.12460856123264197,0.34064479912443435,-0.4799985885620117
2026-02-17,0.33225279635213933,-0.4870875735124569,-0.040001869201660156
2026-02-18,1.1496625062982657,4.345891997554796,0.26999950408935547
2026-02-19,-0.2572642469243269,1.8621253964492768,-0.040001869201660156
2026-02-20,0.7122759424708747,0.13954572845489288,0.1100015640258789
2026-02-23,-0.43417791829800656,-0.37626012322067304,-0.5700016021728516
2026-02-24,0.7648381680798177,-1.0071356024868638,0.040001869201660156
2026-02-25,0.14727090892272532,0.11304484223473299,0.14999866485595703
2026-02-26,0.3038954960711715,-0.14114110977380134,-0.3099966049194336
2026-02-27,0.5452281454778607,2.445234426761256,-0.5500030517578125
2026-03-02,-1.6869339848692433,7.2571664779493394,0.8599996566772461
2026-03-03,-2.6960753340572463,4.708005869157739,0.08000373840332031
2026-03-04,1.1368385075278598,0.0,0.23999691009521484
2026-03-05,-1.3086834356649701,4.9262924583061585,0.6599998474121094
2026-03-06,-1.256322471598459,8.523590290544059,-0.13000011444091797
2026-03-09,-1.5035234902294747,6.764479963230086,0.030002593994140625
2026-03-10,2.998791640695475,-11.277279846363609,0.0
2026-03-11,-0.7674801007984344,4.760820227661822,0.7200002670288086
2026-03-12,0.13512930024794922,9.219390539302296,0.6499958038330078
2026-03-13,-1.448525682083457,2.667728777224343,0.12000083923339844
2026-03-16,0.29853597434108536,-2.8407992267933335,-0.6500005722045898
2026-03-17,-0.13671637347704158,3.203272242091093,-0.17999649047851562
2026-03-18,-0.27512323337504085,3.829045788613983,0.5699968338012695
2026-03-19,-3.525629892541704,1.1827195985707695,0.2200031280517578
2026-03-20,-1.5219564647417805,3.2581692276222984,1.099996566772461
2026-03-23,0.9597247468654757,-10.918976498282762,-0.5699968338012695
2026-03-24,0.558938066633452,4.552726947381158,0.5800008773803711
2026-03-25,1.203330219825105,-2.1724535261508526,-0.6400012969970703
2026-03-26,-1.8188770611701877,5.664254398731772,0.8799982070922852
2026-03-27,-0.8960457804355837,4.2218289680638454,0.24000167846679688
2026-03-30,0.9208557781735127,0.18654977795324879,-0.9800004959106445
2026-03-31,1.3505698969272784,4.93881872239097,-0.3100013732910156
2026-04-01,2.630099159721433,-14.524710632565451,0.07999897003173828
2026-04-02,-1.3531974012866876,7.7797497353544465,-0.05999565124511719
2026-04-07,0.07515151315584667,0.22012094511285607,0.29999732971191406
2026-04-08,4.253619168995515,-13.288182565335294,-0.5200004577636719
2026-04-09,-0.48001039003339185,1.2348265635306666,0.020003318786621094
2026-04-10,0.9933600251616381,-0.7506268082230094,0.23999691009521484
2026-04-13,-0.23041825572650554,4.369751885991202,-0.19999980926513672
2026-04-14,0.917498905678582,-4.599436057519613,-0.40999889373779297
2026-04-15,-0.4084475546634381,0.14769425920060364,0.26000022888183594
2026-04-16,0.0749862581301386,4.698197693179074,0.26999950408935547
2026-04-17,1.9668165711395513,-9.06530052476172,-0.6300020217895508
2026-04-20,-0.9117005185286575,5.642848261231559,0.040001869201660156
2026-04-21,-0.6288267032458883,3.142019160582854,0.4199981689453125
2026-04-22,-0.15643663875891667,3.482940889780428,0.020003318786621094
2026-04-23,0.0947878912175959,3.1007711894428525,0.28999805450439453
2026-04-24,-0.9668471565495107,0.24745611210206242,-0.13000011444091797
2026-04-27,-0.6875525458134191,2.7532530859824655,0.26000022888183594
2026-04-28,-0.7709828185864076,2.7995922436629517,0.18000125885009766
2026-04-29,-0.5062784099056805,6.08484317192175,0.6400012969970703
2026-04-30,0.6559955445811783,-3.4059109418304367,-0.28000354766845703
2026-05-04,-0.8167683040163687,0.3771601588621776,0.560002326965332
2026-05-05,1.2165257366513638,-3.9933586135355803,-0.3000020980834961
2026-05-06,2.8288593379868,-7.827437779674728,-0.5999994277954102
2026-05-07,-1.51967286869078,-1.1948248489998314,0.3600025177001953
2026-05-08,-1.2095142490649913,1.2292658274484891,-0.28000354766845703
2026-05-11,0.18758808208441113,2.8828098949080783,0.46000003814697266
2026-05-12,-1.0631520229697933,3.416176556827355,0.5299997329711914
2026-05-13,0.04599603696864296,-1.985709804497915,0.18000125885009766
2026-05-15,-0.3829852537541645,3.4365284267722895,1.139998435974121
2026-05-18,0.6283055914244828,2.5993010089360835,0.28000354766845703
2026-05-19,0.19535126472944864,-0.7314894790239612,0.43999671936035156
2026-05-20,1.2417051459853612,-5.6254512984368565,-0.9499979019165039
2026-05-21,0.5315795024733339,-2.323362111983851,0.1399993896484375
2026-05-22,0.9676763732299642,0.9358540332780718,-0.279998779296875
2026-05-26,0.5105166602737077,-3.8246079287785673,-0.6500005722045898
2026-05-27,-0.1900737480583614,-5.3123125308857215,-0.12000083923339844
2026-05-28,-1.0180215818378469,-0.6151254909566695,-0.26000022888183594
2026-05-29,0.4492300983540698,-1.7714182573179582,-0.019998550415039062
2026-06-01,-1.3890195267488914,3.183052914760154,0.21999835968017578
2026-06-02,1.7908475383942912,1.073906724590512,-0.19999980926513672
2026-06-03,-0.49062742040005825,1.8854141235351562,0.3600025177001953
2026-06-04,0.027198909551162664,-2.8422439921149123,-0.1399993896484375
2026-06-05,-0.6033370185673181,-2.0414631867057276,0.5899953842163086
2026-06-08,-0.3092733431729222,1.2461099019693611,0.1600027084350586
2026-06-09,-1.1759582223796694,-2.9708255191064348,-0.24000167846679688
2026-06-10,-0.52704284267725,1.8042663542271686,0.1399993896484375
2026-06-11,0.3396496974785057,-2.921591047565053,-0.7899999618530273
2026-06-12,1.604018914507166,-3.3746354448444427,0.24000167846679688
2026-06-15,0.6663200341938236,-4.763544686689869,-0.18000125885009766
2026-06-16,0.2334057580534621,-5.061920376529017,-0.40999889373779297
2026-06-17,0.6258099957546337,0.7472188122165102,0.34999847412109375
2026-06-18,0.5487288909510557,0.3771155384721947,-0.1199960708618164
2026-06-22,0.380139152143677,-2.442075122736753,0.5799961090087891
2026-06-23,-1.412335981723134,-1.052631166575535,-0.15999794006347656
2026-06-24,0.04135939458973503,-4.333165396915584,-0.9100008010864258
2026-06-25,1.0779253010117174,2.0613023006442965,-0.09999752044677734
2026-06-26,-0.8592673006474594,-4.344943103432019,-0.19999980926513672
2026-06-29,0.41940280273853325,1.6113400424104807,0.019998550415039062
2026-06-30,1.1507031933730927,-0.31442700223625053,0.4400014877319336
2026-07-01,-0.5715006077190998,-1.8513418925125813,0.5699968338012695
2026-07-02,0.8007964193935901,0.3213683916645671,0.10000228881835938
2026-07-06,0.7823432273587727,0.26461671857418434,-0.06000041961669922
2026-07-07,-0.9293178191485341,3.0143156865294785,0.4999971389770508
2026-07-08,-1.9024687171828591,5.204952522041495,0.39999961853027344
2026-07-09,1.3330423347095888,-2.204554813270998,-0.29999732971191406
2026-07-10,-0.27049041721631806,-0.38007982166216037,0.29999732971191406
2026-07-13,-0.33420722030802485,9.59084424502672,0.40000438690185547
2026-07-14,-0.137812748719901,1.716686978135229,-0.24000167846679688
2026-07-15,-0.3772039036968322,0.2596407206333362,-0.39999961853027344
2026-07-16,-0.04275553619494943,-0.8475498730709408,0.23999691009521484
2026-07-17,-0.08179583087766229,4.594556527307714,-0.279998779296875
2026-07-20,-0.4112379489584872,1.2712857729628935,0.5700016021728516
2026-07-21,0.39390495474240783,2.0062776182881104,0.29999732971191406
2026-07-22,1.2642563467717194,3.362265121160335,0.29000282287597656
2026-07-23,-0.5970492127872706,7.037315582075276,0.46000003814697266
2026-07-24,1.026731227169364,-3.8832094222906566,-0.24000167846679688
2026-07-27,0.5710373326014428,-8.700142875747297,-0.3800010681152344
2026-07-28,0.19688233969965552,-4.832508197109153,-0.3699970245361328
2026-07-29,-0.15847606136141223,7.90819576107229,0.18000125885009766
2026-07-30,0.4451714393148398,-1.8845042150429925,0.40999889373779297
2026-07-31,0.4168925520492861,1.224310886476876,0.8199977874755859
2026-08-03,0.8472416111591219,-7.046167232564205,-0.5900001525878906
2026-08-04,1.583416790485459,-5.264409943222626,-0.5900001525878906
2026-08-05,0.019531076541046133,0.1134026426391932,-0.09999752044677734
2026-08-06,-0.1150941704259667,3.826307152041508,0.5299997329711914
2026-08-07,-0.3239045336790092,1.2850105654492294,-0.10000228881835938
2026-08-10,-0.2041742922151979,4.991020965447568,0.3900003433227539
2026-08-11,-0.25932763741163267,1.3565919115894776,-0.14999866485595703
2026-08-12,-0.17031338477340174,0.07873095483186265,-0.019998550415039062
2026-08-13,-0.30154618356376117,-2.1465538211406954,-0.410003662109375
2026-08-14,-0.2114745004487828,1.665323249482431,0.5500030517578125
2026-08-17,-0.25096850386655545,2.654774279975869,0.279998779296875
2026-08-18,-0.6624745053341541,0.1650642587770923,-0.18000125885009766
2026-08-19,-0.026320248653366463,0.6592025111454847,-0.5299997329711914
2026-08-20,0.44755450019380305,2.357559449860891,0.43000221252441406
2026-08-21,1.0437644213316055,0.6504591792404923,0.4199981689453125
2026-08-24,-0.045397187198581435,-2.3519453703339965,-0.3399991989135742
2026-08-25,0.8329812501321365,-3.89497277770392,-0.6500005722045898
2026-08-26,0.24375394315963028,-0.8354092096040433,0.2500009536743164
2026-08-27,-0.1475408091404562,2.117487121921968,0.07999897003173828
