,Adj Close,Close,High,Low,Open,Volume,CloseSmooth,MA20,MA50
2026-07-27 09:30:00-04:00,3225.209716796875,3225.209716796875,3240.51953125,3225.1123046875,3238.044921875,0.0,3225.209716796875,,
2026-07-27 10:30:00-04:00,3219.53662109375,3219.53662109375,3231.234619140625,3219.53662109375,3224.862548828125,0.0,3219.53662109375,,
2026-07-27 11:30:00-04:00,3217.885986328125,3217.885986328125,3217.885986328125,3217.885986328125,3217.885986328125,0.0,3217.885986328125,,
2026-07-27 12:30:00-04:00,,,,,,,3217.5869695490055,,
2026-07-27 13:30:00-04:00,,,,,,,3217.2879527698865,,
2026-07-27 14:30:00-04:00,,,,,,,3216.988935990767,,
2026-07-27 15:30:00-04:00,,,,,,,3216.6899192116475,,
2026-07-27 16:30:00-04:00,,,,,,,3216.3909024325285,,
2026-07-27 17:30:00-04:00,,,,,,,3216.091885653409,,
2026-07-27 18:30:00-04:00,,,,,,,3215.79286887429,,
2026-07-27 19:30:00-04:00,,,,,,,3215.4938520951705,,
2026-07-27 20:30:00-04:00,,,,,,,3215.194835316051,,
2026-07-27 21:30:00-04:00,,,,,,,3214.895818536932,,
2026-07-27 22:30:00-04:00,,,,,,,3214.5968017578125,,
2026-07-27 23:30:00-04:00,,,,,,,3214.297784978693,,
2026-07-28 00:30:00-04:00,,,,,,,3213.998768199574,,
2026-07-28 01:30:00-04:00,,,,,,,3213.6997514204545,,
2026-07-28 02:30:00-04:00,,,,,,,3213.400734641335,,
2026-07-28 03:30:00-04:00,,,,,,,3213.101717862216,,
2026-07-28 04:30:00-04:00,,,,,,,3212.8027010830965,3216.047226229581,
2026-07-28 05:30:00-04:00,,,,,,,3212.5036843039775,3215.4119246049363,
2026-07-28 06:30:00-04:00,,,,,,,3212.204667524858,3215.0453269264917,
2026-07-28 07:30:00-04:00,,,,,,,3211.9056507457385,3214.7463101473722,
2026-07-28 08:30:00-04:00,,,,,,,3211.6066339666195,3214.4472933682528,
2026-07-28 09:30:00-04:00,3211.3076171875,3211.3076171875,3214.79248046875,3204.30615234375,3206.22900390625,0.0,3211.3076171875,3214.1482765891333,
2026-07-28 10:30:00-04:00,3224.427490234375,3224.427490234375,3224.427490234375,3207.97998046875,3211.18115234375,0.0,3224.427490234375,3214.5202043013137,
2026-07-28 11:30:00-04:00,3224.221435546875,3224.221435546875,3224.221435546875,3224.221435546875,3224.221435546875,0.0,3224.221435546875,3214.896780118075,
2026-07-28 12:30:00-04:00,,,,,,,3224.098288796165,3215.282149436257,
2026-07-28 13:30:00-04:00,,,,,,,3223.9751420454545,3215.6763122558596,
2026-07-28 14:30:00-04:00,,,,,,,3223.8519952947445,3216.079268576882,
2026-07-28 15:30:00-04:00,,,,,,,3223.728848544034,3216.491018399325,
2026-07-28 16:30:00-04:00,,,,,,,3223.605701793324,3216.911561723189,
2026-07-28 17:30:00-04:00,,,,,,,3223.4825550426135,3217.340898548473,
2026-07-28 18:30:00-04:00,,,,,,,3223.3594082919035,3217.7790288751776,
2026-07-28 19:30:00-04:00,,,,,,,3223.236261541193,3218.225952703303,
2026-07-28 20:30:00-04:00,,,,,,,3223.113114790483,3218.681670032848,
2026-07-28 21:30:00-04:00,,,,,,,3222.9899680397725,3219.1461808638137,
2026-07-28 22:30:00-04:00,,,,,,,3222.8668212890625,3219.6194851962,
2026-07-28 23:30:00-04:00,,,,,,,3222.7436745383525,3220.101583030007,
2026-07-29 00:30:00-04:00,,,,,,,3222.620527787642,3220.5924743652345,
2026-07-29 01:30:00-04:00,,,,,,,3222.497381036932,3221.092159201882,
2026-07-29 02:30:00-04:00,,,,,,,3222.3742342862215,3221.60063753995,
2026-07-29 03:30:00-04:00,,,,,,,3222.2510875355115,3222.117909379439,
2026-07-29 04:30:00-04:00,,,,,,,3222.127940784801,3222.643974720348,
2026-07-29 05:30:00-04:00,,,,,,,3222.004794034091,3223.178833562678,
2026-07-29 06:30:00-04:00,,,,,,,3221.8816472833805,3223.0515414151278,
2026-07-29 07:30:00-04:00,,,,,,,3221.7585005326705,3222.9283946644177,
2026-07-29 08:30:00-04:00,,,,,,,3221.63535378196,3222.8052479137073,
2026-07-29 09:30:00-04:00,3221.51220703125,3221.51220703125,3233.974609375,3219.798095703125,3232.563720703125,0.0,3221.51220703125,3222.6821011629972,
2026-07-29 10:30:00-04:00,3219.11181640625,3219.11181640625,3221.9287109375,3213.40673828125,3221.222412109375,0.0,3219.11181640625,3222.4450922185724,3218.9989794921876
2026-07-29 11:30:00-04:00,3219.11181640625,3219.11181640625,3219.11181640625,3219.11181640625,3219.11181640625,0.0,3219.11181640625,3222.214240611683,3218.877021484375
2026-07-29 12:30:00-04:00,,,,,,,3220.181795987216,3222.0430453213776,3218.8899249822443
2026-07-29 13:30:00-04:00,,,,,,,3221.251775568182,3221.931506347656,3218.9572407670453
2026-07-29 14:30:00-04:00,,,,,,,3222.3217551491475,3221.8796236905187,3219.0519364790484
2026-07-29 15:30:00-04:00,,,,,,,3223.3917347301135,3221.8873973499644,3219.1740121182534
2026-07-29 16:30:00-04:00,,,,,,,3224.4617143110795,3221.9548273259943,3219.3234676846587
2026-07-29 17:30:00-04:00,,,,,,,3225.5316938920455,3222.0819136186083,3219.500303178267
2026-07-29 18:30:00-04:00,,,,,,,3226.6016734730115,3222.2686562278054,3219.7045185990773
2026-07-29 19:30:00-04:00,,,,,,,3227.6716530539775,3222.5150551535867,3219.936113947088
2026-07-29 20:30:00-04:00,,,,,,,3228.741632634943,3222.8211103959516,3220.1950892223012
2026-07-29 21:30:00-04:00,,,,,,,3229.811612215909,3223.1868219549006,3220.4814444247163
2026-07-29 22:30:00-04:00,,,,,,,3230.881591796875,3223.612189830433,3220.795179554332
2026-07-29 23:30:00-04:00,,,,,,,3231.951571377841,3224.0972140225495,3221.1362946111503
2026-07-30 00:30:00-04:00,,,,,,,3233.021550958807,3224.64189453125,3221.50478959517
2026-07-30 01:30:00-04:00,,,,,,,3234.0915305397725,3225.2462313565343,3221.9006645063923
2026-07-30 02:30:00-04:00,,,,,,,3235.1615101207385,3225.910224498402,3222.3239193448157
2026-07-30 03:30:00-04:00,,,,,,,3236.2314897017045,3226.6338739568537,3222.77455411044
2026-07-30 04:30:00-04:00,,,,,,,3237.3014692826705,3227.4171797318895,3223.2525688032674
2026-07-30 05:30:00-04:00,,,,,,,3238.3714488636365,3228.2601418235085,3223.7579634232957
2026-07-30 06:30:00-04:00,,,,,,,3239.4414284446025,3229.276622425426,3224.2907379705257
2026-07-30 07:30:00-04:00,,,,,,,3240.511408025568,3230.346602006392,3224.8508924449575
2026-07-30 08:30:00-04:00,,,,,,,3241.581387606534,3231.416581587358,3225.438426846591
2026-07-30 09:30:00-04:00,3242.6513671875,3242.6513671875,3244.528076171875,3234.091552734375,3243.896484375,0.0,3242.6513671875,3232.486561168324,3226.053341175426
2026-07-30 10:30:00-04:00,3233.465087890625,3233.465087890625,3246.251953125,3233.465087890625,3242.713134765625,0.0,3233.465087890625,3233.043727805398,3226.4905102539065
2026-07-30 11:30:00-04:00,3233.4423828125,3233.4423828125,3233.4423828125,3233.4423828125,3233.4423828125,0.0,3233.4423828125,3233.5462602095167,3226.9332055664063
2026-07-30 12:30:00-04:00,,,,,,,3234.3700617009945,3234.041677579013,3227.1320569957384
2026-07-30 13:30:00-04:00,,,,,,,3235.2977405894885,3234.5299799138847,3227.353583096591
2026-07-30 14:30:00-04:00,,,,,,,3236.225419477983,3235.0111672141334,3227.596125710227
2026-07-30 15:30:00-04:00,,,,,,,3237.1530983664775,3235.4852394797585,3227.859684836648
2026-07-30 16:30:00-04:00,,,,,,,3238.0807772549715,3235.9521967107603,3228.1442604758527
2026-07-30 17:30:00-04:00,,,,,,,3239.008456143466,3236.4120389071377,3228.449852627841
2026-07-30 18:30:00-04:00,,,,,,,3239.93613503196,3236.864766068892,3228.7764612926135
2026-07-30 19:30:00-04:00,,,,,,,3240.8638139204545,3237.3103781960226,3229.124086470171
2026-07-30 20:30:00-04:00,,,,,,,3241.791492808949,3237.74887528853,3229.4927281605114
2026-07-30 21:30:00-04:00,,,,,,,3242.719171697443,3238.1802573464133,3229.8823863636367
2026-07-30 22:30:00-04:00,,,,,,,3243.6468505859375,3238.604524369673,3230.293061079545
2026-07-30 23:30:00-04:00,,,,,,,3244.574529474432,3239.02167635831,3230.7247523082387
2026-07-31 00:30:00-04:00,,,,,,,3245.502208362926,3239.4317133123222,3231.177460049716
2026-07-31 01:30:00-04:00,,,,,,,3246.4298872514205,3239.8346352317117,3231.651184303977
2026-07-31 02:30:00-04:00,,,,,,,3247.357566139915,3240.230442116477,3232.145925071023
2026-07-31 03:30:00-04:00,,,,,,,3248.285245028409,3240.6191339666193,3232.6616823508525
2026-07-31 04:30:00-04:00,,,,,,,3249.2129239169035,3241.0007107821375,3233.198456143466
2026-07-31 05:30:00-04:00,,,,,,,3250.1406028053975,3241.3751725630327,3233.7562464488637
2026-07-31 06:30:00-04:00,,,,,,,3251.068281693892,3242.255332253196,3234.335053267046
2026-07-31 07:30:00-04:00,,,,,,,3251.9959605823865,3243.1830111416903,3234.9348765980117
2026-07-31 08:30:00-04:00,,,,,,,3252.9236394708805,3244.1106900301847,3235.5557164417614
2026-07-31 09:30:00-04:00,3253.851318359375,3253.851318359375,3262.723876953125,3241.75439453125,3261.2861328125,0.0,3253.851318359375,3245.038368918679,3236.1975727982954
2026-07-31 10:30:00-04:00,3247.2998046875,3247.2998046875,3263.365234375,3247.2998046875,3254.03466796875,0.0,3247.2998046875,3245.592088179155,3236.710861816406
2026-07-31 11:30:00-04:00,3246.92236328125,3246.92236328125,3246.92236328125,3246.92236328125,3246.92236328125,0.0,3246.92236328125,3246.0805514248937,3237.219064941406
2026-07-31 12:30:00-04:00,,,,,,,3247.427218191964,3246.547873471743,3237.7853729771205
2026-07-31 13:30:00-04:00,,,,,,,3247.9320731026787,3246.9940543197035,3238.3617781110493
2026-07-31 14:30:00-04:00,,,,,,,3248.436928013393,3247.4190939687755,3238.9268807515728
2026-07-31 15:30:00-04:00,,,,,,,3248.941782924107,3247.822992418958,3239.480680898691
2026-07-31 16:30:00-04:00,,,,,,,3249.4466378348216,3248.205749670252,3240.0231785524043
2026-07-31 17:30:00-04:00,,,,,,,3249.9514927455357,3248.567365722656,3240.554373712713
2026-07-31 18:30:00-04:00,,,,,,,3250.45634765625,3248.907840576172,3241.0742663796163
2026-07-31 19:30:00-04:00,,,,,,,3250.9612025669644,3249.2271742307985,3241.5828565531147
2026-07-31 20:30:00-04:00,,,,,,,3251.4660574776785,3249.5253666865365,3242.0801442332076
2026-07-31 21:30:00-04:00,,,,,,,3251.9709123883927,3249.8024179433846,3242.5661294198967
2026-07-31 22:30:00-04:00,,,,,,,3252.4757672991072,3250.0583280013443,3243.0408121131795
2026-07-31 23:30:00-04:00,,,,,,,3252.9806222098214,3250.293096860415,3243.5041923130584
2026-08-01 00:30:00-04:00,,,,,,,3253.4854771205355,3250.5067245205964,3243.9562700195315
2026-08-01 01:30:00-04:00,,,,,,,3253.99033203125,3250.6992109818893,3244.3970452325993
2026-08-01 02:30:00-04:00,,,,,,,3254.495186941964,3250.870556244293,3244.8265179522627
2026-08-01 03:30:00-04:00,,,,,,,3255.0000418526784,3251.0207603078074,3245.2446881785204
2026-08-01 04:30:00-04:00,,,,,,,3255.504896763393,3251.149823172433,3245.6515559113736
2026-08-01 05:30:00-04:00,,,,,,,3256.009751674107,3251.25774483817,3246.047121150822
2026-08-01 06:30:00-04:00,,,,,,,3256.5146065848216,3251.7184849330356,3246.4313838968646
2026-08-01 07:30:00-04:00,,,,,,,3257.019461495536,3252.22333984375,3246.8043441495024
2026-08-01 08:30:00-04:00,,,,,,,3257.52431640625,3252.7281947544643,3247.1660019087362
2026-08-01 09:30:00-04:00,,,,,,,3258.0291713169645,3253.2330496651784,3247.516357174564
2026-08-01 10:30:00-04:00,,,,,,,3258.5340262276786,3253.7379045758926,3247.8554099469866
2026-08-01 11:30:00-04:00,,,,,,,3259.0388811383928,3254.2427594866067,3248.1831602260045
2026-08-01 12:30:00-04:00,,,,,,,3259.5437360491073,3254.7476143973213,3248.704733189174
2026-08-01 13:30:00-04:00,,,,,,,3260.0485909598215,3255.252469308036,3249.2368573521208
2026-08-01 14:30:00-04:00,,,,,,,3260.5534458705356,3255.75732421875,3249.7605250355114
2026-08-01 15:30:00-04:00,,,,,,,3261.05830078125,3256.262179129464,3250.2757362393463
2026-08-01 16:30:00-04:00,,,,,,,3261.5631556919643,3256.7670340401787,3250.782490963626
2026-08-01 17:30:00-04:00,,,,,,,3262.0680106026784,3257.2718889508933,3251.2807892083497
2026-08-01 18:30:00-04:00,,,,,,,3262.572865513393,3257.7767438616074,3251.7706309735186
2026-08-01 19:30:00-04:00,,,,,,,3263.077720424107,3258.2815987723216,3252.2520162591313
2026-08-01 20:30:00-04:00,,,,,,,3263.5825753348213,3258.7864536830357,3252.724945065189
2026-08-01 21:30:00-04:00,,,,,,,3264.087430245536,3259.29130859375,3253.18941739169
2026-08-01 22:30:00-04:00,,,,,,,3264.59228515625,3259.7961635044644,3253.6454332386365
2026-08-01 23:30:00-04:00,,,,,,,3265.097140066964,3260.3010184151785,3254.0929926060267
2026-08-02 00:30:00-04:00,,,,,,,3265.6019949776787,3260.8058733258927,3254.5320954938616
2026-08-02 01:30:00-04:00,,,,,,,3266.106849888393,3261.3107282366072,3254.9627419021413
2026-08-02 02:30:00-04:00,,,,,,,3266.611704799107,3261.8155831473214,3255.384931830864
2026-08-02 03:30:00-04:00,,,,,,,3267.1165597098216,3262.320438058036,3255.7986652800323
2026-08-02 04:30:00-04:00,,,,,,,3267.6214146205357,3262.82529296875,3256.203942249645
2026-08-02 05:30:00-04:00,,,,,,,3268.12626953125,3263.3301478794647,3256.600762739701
2026-08-02 06:30:00-04:00,,,,,,,3268.6311244419644,3263.835002790179,3256.989126750203
2026-08-02 07:30:00-04:00,,,,,,,3269.1359793526785,3264.339857700893,3257.3690342811483
2026-08-02 08:30:00-04:00,,,,,,,3269.6408342633927,3264.844712611607,3257.7404853325384
2026-08-02 09:30:00-04:00,,,,,,,3270.1456891741072,3265.349567522321,3258.1034799043728
2026-08-02 10:30:00-04:00,,,,,,,3270.6505440848214,3265.8544224330353,3258.458017996652
2026-08-02 11:30:00-04:00,,,,,,,3271.1553989955355,3266.35927734375,3258.804099609375
2026-08-02 12:30:00-04:00,,,,,,,3271.66025390625,3266.864132254464,3259.29130859375
2026-08-02 13:30:00-04:00,,,,,,,3272.165108816964,3267.368987165178,3259.7961635044644
2026-08-02 14:30:00-04:00,,,,,,,3272.6699637276784,3267.8738420758928,3260.3010184151785
2026-08-02 15:30:00-04:00,,,,,,,3273.174818638393,3268.3786969866073,3260.8058733258927
2026-08-02 16:30:00-04:00,,,,,,,3273.679673549107,3268.8835518973215,3261.310728236607
2026-08-02 17:30:00-04:00,,,,,,,3274.1845284598216,3269.3884068080356,3261.8155831473214
2026-08-02 18:30:00-04:00,,,,,,,3274.689383370536,3269.89326171875,3262.320438058036
2026-08-02 19:30:00-04:00,,,,,,,3275.19423828125,3270.3981166294643,3262.82529296875
2026-08-02 20:30:00-04:00,,,,,,,3275.6990931919645,3270.9029715401784,3263.3301478794647
2026-08-02 21:30:00-04:00,,,,,,,3276.2039481026786,3271.4078264508926,3263.8350027901784
2026-08-02 22:30:00-04:00,,,,,,,3276.7088030133928,3271.9126813616067,3264.3398577008934
2026-08-02 23:30:00-04:00,,,,,,,3277.2136579241073,3272.4175362723213,3264.8447126116066
2026-08-03 00:30:00-04:00,,,,,,,3277.7185128348215,3272.922391183036,3265.3495675223216
2026-08-03 01:30:00-04:00,,,,,,,3278.2233677455356,3273.42724609375,3265.8544224330353
2026-08-03 02:30:00-04:00,,,,,,,3278.72822265625,3273.932101004464,3266.35927734375
2026-08-03 03:30:00-04:00,,,,,,,3279.2330775669643,3274.4369559151787,3266.864132254464
2026-08-03 04:30:00-04:00,,,,,,,3279.7379324776784,3274.9418108258933,3267.3689871651786
2026-08-03 05:30:00-04:00,,,,,,,3280.242787388393,3275.4466657366074,3267.873842075893
2026-08-03 06:30:00-04:00,,,,,,,3280.747642299107,3275.9515206473216,3268.3786969866073
2026-08-03 07:30:00-04:00,,,,,,,3281.2524972098213,3276.4563755580357,3268.8835518973215
2026-08-03 08:30:00-04:00,,,,,,,3281.757352120536,3276.96123046875,3269.3884068080356
2026-08-03 09:30:00-04:00,3282.26220703125,3282.26220703125,3282.668701171875,3261.8759765625,3264.2978515625,0.0,3282.26220703125,3277.4660853794644,3269.89326171875
2026-08-03 10:30:00-04:00,3274.99560546875,3274.99560546875,3283.34619140625,3274.822509765625,3282.1591796875,0.0,3274.99560546875,3277.582367466518,3270.2426875
2026-08-03 11:30:00-04:00,3274.431640625,3274.431640625,3274.431640625,3274.431640625,3274.431640625,0.0,3274.431640625,3277.6452085658484,3270.5707368861604
2026-08-03 12:30:00-04:00,,,,,,,3276.6035600142045,3277.7914028891028,3270.9321275618913
2026-08-03 13:30:00-04:00,,,,,,,3278.775479403409,3278.020950436282,3271.326859527191
2026-08-03 14:30:00-04:00,,,,,,,3280.9473987926135,3278.333851207386,3271.754932782062
2026-08-03 15:30:00-04:00,,,,,,,3283.119318181818,3278.730105202415,3272.216347326502
2026-08-03 16:30:00-04:00,,,,,,,3285.2912375710225,3279.209712421368,3272.711103160512
2026-08-03 17:30:00-04:00,,,,,,,3287.4631569602275,3279.7726728642456,3273.239200284091
2026-08-03 18:30:00-04:00,,,,,,,3289.635076349432,3280.4189865310473,3273.8006386972406
2026-08-03 19:30:00-04:00,,,,,,,3291.8069957386365,3281.148653421774,3274.3954183999595
2026-08-03 20:30:00-04:00,,,,,,,3293.978915127841,3281.9616735364243,3275.023539392248
2026-08-03 21:30:00-04:00,,,,,,,3296.1508345170455,3282.8580468749997,3275.685001674107
2026-08-03 22:30:00-04:00,,,,,,,3298.32275390625,3283.8377734375,3276.379805245536
2026-08-03 23:30:00-04:00,,,,,,,3300.4946732954545,3284.900853223924,3277.1079501065337
2026-08-04 00:30:00-04:00,,,,,,,3302.666592684659,3286.0472862342735,3277.8694362571023
2026-08-04 01:30:00-04:00,,,,,,,3304.8385120738635,3287.277072468547,3278.6642636972406
2026-08-04 02:30:00-04:00,,,,,,,3307.010431463068,3288.5902119267457,3279.492432426948
2026-08-04 03:30:00-04:00,,,,,,,3309.1823508522725,3289.986704608868,3280.3539424462256
2026-08-04 04:30:00-04:00,,,,,,,3311.3542702414775,3291.4665505149146,3281.2487937550736
2026-08-04 05:30:00-04:00,,,,,,,3313.526189630682,3293.029749644886,3282.1769863534905
2026-08-04 06:30:00-04:00,,,,,,,3315.6981090198865,3295.0648748224435,3283.1385202414767
2026-08-04 07:30:00-04:00,,,,,,,3317.870028409091,3297.236794211648,3284.133395419034
2026-08-04 08:30:00-04:00,,,,,,,3320.0419477982955,3299.408713600852,3285.1616118861607
2026-08-04 09:30:00-04:00,3322.2138671875,3322.2138671875,3325.27880859375,3316.172607421875,3319.024658203125,0.0,3322.2138671875,3301.5806329900574,3286.2231696428576
2026-08-04 10:30:00-04:00,3325.458984375,3325.458984375,3328.19580078125,3319.732177734375,3322.48291015625,0.0,3325.458984375,3303.806212269176,3287.339532645089
2026-08-04 11:30:00-04:00,3326.279541015625,3326.279541015625,3326.279541015625,3326.279541015625,3326.279541015625,0.0,3326.279541015625,3305.9642234108665,3288.46220968192
2026-08-04 12:30:00-04:00,,,,,,,3326.268399325284,3308.0130814985796,3289.5745667867286
2026-08-04 13:30:00-04:00,,,,,,,3326.257257634943,3309.9527865323153,3290.6766039595173
2026-08-04 14:30:00-04:00,,,,,,,3326.2461159446025,3311.7833385120734,3291.768321200284
2026-08-04 15:30:00-04:00,,,,,,,3326.2349742542615,3313.5047374378555,3292.84971850903
2026-08-04 16:30:00-04:00,,,,,,,3326.2238325639205,3315.1169833096587,3293.920795885755
2026-08-04 17:30:00-04:00,,,,,,,3326.2126908735795,3316.620076127486,3294.9815533304586
2026-08-04 18:30:00-04:00,,,,,,,3326.2015491832385,3318.0140158913355,3296.031990843141
2026-08-04 19:30:00-04:00,,,,,,,3326.1904074928975,3319.298802601207,3297.072108423803
2026-08-04 20:30:00-04:00,,,,,,,3326.179265802557,3320.4744362571023,3298.1019060724434
2026-08-04 21:30:00-04:00,,,,,,,3326.168124112216,3321.5409168590195,3299.1213837890623
2026-08-04 22:30:00-04:00,,,,,,,3326.156982421875,3322.49824440696,3300.1305415736606
2026-08-04 23:30:00-04:00,,,,,,,3326.145840731534,3323.3464189009233,3301.129379426238
2026-08-05 00:30:00-04:00,,,,,,,3326.134699041193,3324.085440340909,3302.117897346794
2026-08-05 01:30:00-04:00,,,,,,,3326.1235573508525,3324.715308726917,3303.0960953353288
2026-08-05 02:30:00-04:00,,,,,,,3326.1124156605115,3325.236024058949,3304.0639733918424
2026-08-05 03:30:00-04:00,,,,,,,3326.1012739701705,3325.6475863370024,3305.0215315163355
2026-08-05 04:30:00-04:00,,,,,,,3326.0901322798295,3325.9499955610795,3305.9687697088066
2026-08-05 05:30:00-04:00,,,,,,,3326.0789905894885,3326.143251731179,3306.905687969257
2026-08-05 06:30:00-04:00,,,,,,,3326.0678488991475,3326.173694957386,3307.832286297687
2026-08-05 07:30:00-04:00,,,,,,,3326.056707208807,3326.1625532670455,3308.748564694095
2026-08-05 08:30:00-04:00,,,,,,,3326.045565518466,3326.1514115767045,3309.654523158482
2026-08-05 09:30:00-04:00,3326.034423828125,3326.034423828125,3330.095703125,3323.150146484375,3329.616455078125,0.0,3326.034423828125,3326.140269886363,3310.550161690848
2026-08-05 10:30:00-04:00,3326.285888671875,3326.285888671875,3330.5498046875,3324.8994140625,3326.918701171875,0.0,3326.285888671875,3326.1422585227274,3311.440732421875
2026-08-05 11:30:00-04:00,3326.92919921875,3326.92919921875,3326.92919921875,3326.92919921875,3326.92919921875,0.0,3326.92919921875,3326.176969770952,3312.334072265625
2026-08-05 12:30:00-04:00,,,,,,,3327.072831587358,3326.219419722124,3313.3756167879974
2026-08-05 13:30:00-04:00,,,,,,,3327.216463955966,3326.269608376243,3314.4313132546167
2026-08-05 14:30:00-04:00,,,,,,,3327.360096324574,3326.32753573331,3315.446443980824
2026-08-05 15:30:00-04:00,,,,,,,3327.503728693182,3326.3932017933234,3316.4210089666194
2026-08-05 16:30:00-04:00,,,,,,,3327.64736106179,3326.466606556285,3317.3550082120028
2026-08-05 17:30:00-04:00,,,,,,,3327.7909934303975,3326.5477500221946,3318.248441716974
2026-08-05 18:30:00-04:00,,,,,,,3327.9346257990055,3326.6366321910514,3319.101309481534
2026-08-05 19:30:00-04:00,,,,,,,3328.0782581676135,3326.7332530628546,3319.9136115056817
2026-08-05 20:30:00-04:00,,,,,,,3328.2218905362215,3326.837612637607,3320.685347789418
2026-08-05 21:30:00-04:00,,,,,,,3328.3655229048295,3326.9497109153053,3321.416518332742
2026-08-05 22:30:00-04:00,,,,,,,3328.5091552734375,3327.069547895952,3322.1071231356536
2026-08-05 23:30:00-04:00,,,,,,,3328.6527876420455,3327.1971235795454,3322.7571621981538
2026-08-06 00:30:00-04:00,,,,,,,3328.7964200106535,3327.3324379660867,3323.3666355202417
2026-08-06 01:30:00-04:00,,,,,,,3328.9400523792615,3327.4754910555757,3323.9355431019176
2026-08-06 02:30:00-04:00,,,,,,,3329.0836847478695,3327.626282848011,3324.4638849431817
2026-08-06 03:30:00-04:00,,,,,,,3329.2273171164775,3327.7848133433945,3324.9516610440337
2026-08-06 04:30:00-04:00,,,,,,,3329.370949485085,3327.951082541726,3325.398871404474
2026-08-06 05:30:00-04:00,,,,,,,3329.514581853693,3328.1250904430044,3325.8055160245026
2026-08-06 06:30:00-04:00,,,,,,,3329.658214222301,3328.2937067205253,3326.171594904119
2026-08-06 07:30:00-04:00,,,,,,,3329.801846590909,3328.4373390891333,3326.497108043324
2026-08-06 08:30:00-04:00,,,,,,,3329.945478959517,3328.5809714577417,3326.782055442117
2026-08-06 09:30:00-04:00,3330.089111328125,3330.089111328125,3334.501220703125,3327.87060546875,3332.380859375,0.0,3330.089111328125,3328.724603826349,3327.0264371004973
2026-08-06 10:30:00-04:00,3322.95849609375,3322.95849609375,3333.507080078125,3322.768310546875,3330.022705078125,0.0,3322.95849609375,3328.5045238148086,3327.0847680664065
2026-08-06 11:30:00-04:00,3323.10009765625,3323.10009765625,3323.10009765625,3323.10009765625,3323.10009765625,0.0,3323.10009765625,3328.2843422629617,3327.1024926757814
2026-08-06 12:30:00-04:00,,,,,,,3322.989413174716,3328.051444868608,3327.0531012517754
2026-08-06 13:30:00-04:00,,,,,,,3322.878728693182,3327.8058316317474,3326.9850850053267
2026-08-06 14:30:00-04:00,,,,,,,3322.7680442116475,3327.5475025523797,3326.915077903054
2026-08-06 15:30:00-04:00,,,,,,,3322.6573597301135,3327.276457630504,3326.8430799449575
2026-08-06 16:30:00-04:00,,,,,,,3322.5466752485795,3326.9926968661225,3326.769091131037
2026-08-06 17:30:00-04:00,,,,,,,3322.4359907670455,3326.696220259233,3326.6931114612926
2026-08-06 18:30:00-04:00,,,,,,,3322.3253062855115,3326.3870278098366,3326.6151409357244
2026-08-06 19:30:00-04:00,,,,,,,3322.2146218039775,3326.0651195179335,3326.5351795543324
2026-08-06 20:30:00-04:00,,,,,,,3322.103937322443,3325.730495383523,3326.4532273171167
2026-08-06 21:30:00-04:00,,,,,,,3321.993252840909,3325.3831554066055,3326.3692842240766
2026-08-06 22:30:00-04:00,,,,,,,3321.882568359375,3325.0230995871802,3326.283350275213
2026-08-06 23:30:00-04:00,,,,,,,3321.771883877841,3324.650327925249,3326.1954254705256
2026-08-07 00:30:00-04:00,,,,,,,3321.661199396307,3324.26484042081,3326.105509810014
2026-08-07 01:30:00-04:00,,,,,,,3321.5505149147725,3323.866637073864,3326.0136032936794
2026-08-07 02:30:00-04:00,,,,,,,3321.4398304332385,3323.45571788441,3325.91970592152
2026-08-07 03:30:00-04:00,,,,,,,3321.3291459517045,3323.0320828524505,3325.823817693537
2026-08-07 04:30:00-04:00,,,,,,,3321.2184614701705,3322.595731977983,3325.7259386097303
2026-08-07 05:30:00-04:00,,,,,,,3321.1077769886365,3322.1466652610084,3325.6260686700994
2026-08-07 06:30:00-04:00,,,,,,,3320.9970925071025,3322.0485950816765,3325.5242078746446
2026-08-07 07:30:00-04:00,,,,,,,3320.886408025568,3321.937910600142,3325.4203562233665
2026-08-07 08:30:00-04:00,,,,,,,3320.775723544034,3321.827226118608,3325.314513716264
2026-08-07 09:30:00-04:00,3320.6650390625,3320.6650390625,3329.27587890625,3317.92138671875,3328.299560546875,0.0,3320.6650390625,3321.7165416370744,3325.206680353338
2026-08-07 10:30:00-04:00,3312.33642578125,3312.33642578125,3321.327880859375,3312.33642578125,3320.77001953125,0.0,3312.33642578125,3321.194960715554,3324.9324975585937
2026-08-07 11:30:00-04:00,3312.33642578125,3312.33642578125,3312.33642578125,3312.33642578125,3312.33642578125,0.0,3312.33642578125,3320.678914018111,3324.658537597656
2026-08-07 12:30:00-04:00,,,,,,,3312.1532993861606,3320.1592452249897,3324.3758858119418
2026-08-07 13:30:00-04:00,,,,,,,3311.9701729910716,3319.6359543361914,3324.076705287388
2026-08-07 14:30:00-04:00,,,,,,,3311.7870465959822,3319.1090413517145,3323.770989587561
2026-08-07 15:30:00-04:00,,,,,,,3311.603920200893,3318.578506271561,3323.4587387124593
2026-08-07 16:30:00-04:00,,,,,,,3311.4207938058034,3318.0443490957286,3323.1399526620844
2026-08-07 17:30:00-04:00,,,,,,,3311.2376674107145,3317.506569824219,3322.8146314364353
2026-08-07 18:30:00-04:00,,,,,,,3311.054541015625,3316.9651684570317,3322.4827750355116
2026-08-07 19:30:00-04:00,,,,,,,3310.8714146205357,3316.420144994166,3322.144383459314
2026-08-07 20:30:00-04:00,,,,,,,3310.6882882254463,3315.8714994356233,3321.7994567078435
2026-08-07 21:30:00-04:00,,,,,,,3310.5051618303573,3315.319231781402,3321.4479947810973
2026-08-07 22:30:00-04:00,,,,,,,3310.322035435268,3314.7633420315033,3321.0899976790784
2026-08-07 23:30:00-04:00,,,,,,,3310.1389090401785,3314.2038301859275,3320.725465401786
2026-08-08 00:30:00-04:00,,,,,,,3309.955782645089,3313.640696244673,3320.3543979492188
2026-08-08 01:30:00-04:00,,,,,,,3309.77265625,3313.0739402077415,3319.9767953213777
2026-08-08 02:30:00-04:00,,,,,,,3309.589529854911,3312.503562075132,3319.592657518263
2026-08-08 03:30:00-04:00,,,,,,,3309.4064034598214,3311.9295618468445,3319.201984539874
2026-08-08 04:30:00-04:00,,,,,,,3309.223277064732,3311.3519395228795,3318.804776386212
2026-08-08 05:30:00-04:00,,,,,,,3309.040150669643,3310.7706951032364,3318.4010330572746
2026-08-08 06:30:00-04:00,,,,,,,3308.8570242745536,3310.596725027902,3317.9907545530646
2026-08-08 07:30:00-04:00,,,,,,,3308.673897879464,3310.4135986328124,3317.57394087358
2026-08-08 08:30:00-04:00,,,,,,,3308.490771484375,3310.230472237723,3317.150592018821
2026-08-08 09:30:00-04:00,,,,,,,3308.307645089286,3310.0473458426336,3316.7207079887885
2026-08-08 10:30:00-04:00,,,,,,,3308.1245186941965,3309.8642194475447,3316.284288783482
2026-08-08 11:30:00-04:00,,,,,,,3307.941392299107,3309.6810930524553,3315.841334402902
2026-08-08 12:30:00-04:00,,,,,,,3307.7582659040177,3309.4979666573663,3315.5373297991073
2026-08-08 13:30:00-04:00,,,,,,,3307.5751395089287,3309.314840262277,3315.2268306361602
2026-08-08 14:30:00-04:00,,,,,,,3307.3920131138393,3309.1317138671875,3314.9148826349433
2026-08-08 15:30:00-04:00,,,,,,,3307.20888671875,3308.948587472098,3314.601485795455
2026-08-08 16:30:00-04:00,,,,,,,3307.0257603236605,3308.765461077009,3314.286640117695
2026-08-08 17:30:00-04:00,,,,,,,3306.8426339285716,3308.5823346819197,3313.970345601664
2026-08-08 18:30:00-04:00,,,,,,,3306.659507533482,3308.3992082868303,3313.652602247362
2026-08-08 19:30:00-04:00,,,,,,,3306.4763811383928,3308.216081891741,3313.3334100547886
2026-08-08 20:30:00-04:00,,,,,,,3306.2932547433034,3308.032955496652,3313.012769023944
2026-08-08 21:30:00-04:00,,,,,,,3306.1101283482144,3307.8498291015626,3312.69067915483
2026-08-08 22:30:00-04:00,,,,,,,3305.927001953125,3307.666702706473,3312.367140447443
2026-08-08 23:30:00-04:00,,,,,,,3305.7438755580356,3307.4835763113833,3312.0421529017854
2026-08-09 00:30:00-04:00,,,,,,,3305.5607491629466,3307.300449916295,3311.715716517857
2026-08-09 01:30:00-04:00,,,,,,,3305.3776227678572,3307.1173235212054,3311.3878312956576
2026-08-09 02:30:00-04:00,,,,,,,3305.194496372768,3306.9341971261165,3311.058497235187
2026-08-09 03:30:00-04:00,,,,,,,3305.0113699776784,3306.751070731027,3310.7277143364445
2026-08-09 04:30:00-04:00,,,,,,,3304.8282435825895,3306.5679443359377,3310.395482599432
2026-08-09 05:30:00-04:00,,,,,,,3304.6451171875,3306.384817940848,3310.061802024148
2026-08-09 06:30:00-04:00,,,,,,,3304.4619907924107,3306.2016915457584,3309.7266726105922
2026-08-09 07:30:00-04:00,,,,,,,3304.2788643973213,3306.01856515067,3309.3900943587664
2026-08-09 08:30:00-04:00,,,,,,,3304.0957380022323,3305.83543875558,3309.052067268669
2026-08-09 09:30:00-04:00,,,,,,,3303.912611607143,3305.6523123604907,3308.7125913403
2026-08-09 10:30:00-04:00,,,,,,,3303.7294852120535,3305.469185965402,3308.371666573661
2026-08-09 11:30:00-04:00,,,,,,,3303.546358816964,3305.2860595703123,3308.0292929687503
2026-08-09 12:30:00-04:00,,,,,,,3303.363232421875,3305.102933175224,3307.8498291015626
2026-08-09 13:30:00-04:00,,,,,,,3303.180106026786,3304.9198067801344,3307.666702706473
2026-08-09 14:30:00-04:00,,,,,,,3302.9969796316964,3304.7366803850446,3307.4835763113842
2026-08-09 15:30:00-04:00,,,,,,,3302.813853236607,3304.553553989955,3307.300449916295
2026-08-09 16:30:00-04:00,,,,,,,3302.630726841518,3304.3704275948658,3307.117323521205
2026-08-09 17:30:00-04:00,,,,,,,3302.4476004464286,3304.187301199777,3306.934197126116
2026-08-09 18:30:00-04:00,,,,,,,3302.264474051339,3304.0041748046874,3306.7510707310266
2026-08-09 19:30:00-04:00,,,,,,,3302.08134765625,3303.821048409598,3306.5679443359377
2026-08-09 20:30:00-04:00,,,,,,,3301.898221261161,3303.6379220145086,3306.3848179408483
2026-08-09 21:30:00-04:00,,,,,,,3301.7150948660715,3303.4547956194197,3306.201691545759
2026-08-09 22:30:00-04:00,,,,,,,3301.531968470982,3303.2716692243303,3306.0185651506695
2026-08-09 23:30:00-04:00,,,,,,,3301.3488420758927,3303.0885428292413,3305.8354387555805
2026-08-10 00:30:00-04:00,,,,,,,3301.1657156808037,3302.905416434152,3305.652312360491
2026-08-10 01:30:00-04:00,,,,,,,3300.9825892857143,3302.7222900390625,3305.4691859654017
2026-08-10 02:30:00-04:00,,,,,,,3300.799462890625,3302.539163643973,3305.2860595703123
2026-08-10 03:30:00-04:00,,,,,,,3300.6163364955355,3302.356037248884,3305.1029331752234
2026-08-10 04:30:00-04:00,,,,,,,3300.4332101004466,3302.1729108537947,3304.919806780134
2026-08-10 05:30:00-04:00,,,,,,,3300.250083705357,3301.9897844587053,3304.736680385045
2026-08-10 06:30:00-04:00,,,,,,,3300.0669573102678,3301.806658063616,3304.553553989955
2026-08-10 07:30:00-04:00,,,,,,,3299.8838309151784,3301.623531668527,3304.3704275948658
2026-08-10 08:30:00-04:00,,,,,,,3299.7007045200894,3301.4404052734376,3304.187301199777
2026-08-10 09:30:00-04:00,3299.517578125,3299.517578125,3302.11962890625,3294.46435546875,3301.577880859375,0.0,3299.517578125,3301.257278878348,3304.0041748046874
2026-08-10 10:30:00-04:00,3305.3076171875,3305.3076171875,3305.36181640625,3296.66748046875,3299.451171875,0.0,3305.3076171875,3301.3728107561387,3303.94051171875
2026-08-10 11:30:00-04:00,3305.573486328125,3305.573486328125,3305.573486328125,3305.573486328125,3305.573486328125,0.0,3305.573486328125,3301.510792410714,3303.8858285435267
2026-08-10 12:30:00-04:00,,,,,,,3305.6924050071025,3301.6638763189935,3303.837186269785
2026-08-10 13:30:00-04:00,,,,,,,3305.8113236860795,3301.832062480976,3303.794584897524
2026-08-10 14:30:00-04:00,,,,,,,3305.930242365057,3302.0153508966623,3303.7580244267447
2026-08-10 15:30:00-04:00,,,,,,,3306.049161044034,3302.213741566052,3303.7275048574475
2026-08-10 16:30:00-04:00,,,,,,,3306.1680797230115,3302.4272344891433,3303.7030261896307
2026-08-10 17:30:00-04:00,,,,,,,3306.2869984019885,3302.6558296659396,3303.6845884232953
2026-08-10 18:30:00-04:00,,,,,,,3306.405917080966,3302.8995270964383,3303.672191558441
2026-08-10 19:30:00-04:00,,,,,,,3306.524835759943,3303.158326780641,3303.6658355950685
2026-08-10 20:30:00-04:00,,,,,,,3306.6437544389205,3303.432228718547,3303.6655205331776
2026-08-10 21:30:00-04:00,,,,,,,3306.7626731178975,3303.721232910156,3303.671246372768
2026-08-10 22:30:00-04:00,,,,,,,3306.881591796875,3304.025339355469,3303.6830131138395
2026-08-10 23:30:00-04:00,,,,,,,3307.0005104758525,3304.3445480544847,3303.700820756392
2026-08-11 00:30:00-04:00,,,,,,,3307.1194291548295,3304.6788590072038,3303.724669300426
2026-08-11 01:30:00-04:00,,,,,,,3307.238347833807,3305.028272213626,3303.7545587459417
2026-08-11 02:30:00-04:00,,,,,,,3307.357266512784,3305.392787673752,3303.7904890929385
2026-08-11 03:30:00-04:00,,,,,,,3307.4761851917615,3305.7724053875813,3303.832460341416
2026-08-11 04:30:00-04:00,,,,,,,3307.5951038707385,3306.167125355114,3303.8804724913753
2026-08-11 05:30:00-04:00,,,,,,,3307.714022549716,3306.5769475763495,3303.934525542816
2026-08-11 06:30:00-04:00,,,,,,,3307.832941228693,3306.703213778409,3303.9946194957383
2026-08-11 07:30:00-04:00,,,,,,,3307.9518599076705,3306.822132457386,3304.060754350142
2026-08-11 08:30:00-04:00,,,,,,,3308.0707785866475,3306.941051136363,3304.132930106027
2026-08-11 09:30:00-04:00,3308.189697265625,3308.189697265625,3312.723388671875,3303.461181640625,3304.498291015625,0.0,3308.189697265625,3307.059969815341,3304.2111467633927
2026-08-11 10:30:00-04:00,3297.014892578125,3297.014892578125,3308.1875,3297.014892578125,3308.007080078125,0.0,3297.014892578125,3306.614202325995,3304.069529854911
2026-08-11 11:30:00-04:00,3297.001220703125,3297.001220703125,3297.001220703125,3297.001220703125,3297.001220703125,0.0,3297.001220703125,3306.161805308949,3303.9313020368304
2026-08-11 12:30:00-04:00,,,,,,,3296.8603515625,3305.696418900923,3303.793919363839
2026-08-11 13:30:00-04:00,,,,,,,3296.719482421875,3305.218043101918,3303.6573818359375
2026-08-11 14:30:00-04:00,,,,,,,3296.57861328125,3304.7266779119323,3303.521689453125
2026-08-11 15:30:00-04:00,,,,,,,3296.437744140625,3304.222323330966,3303.386842215402
2026-08-11 16:30:00-04:00,,,,,,,3296.296875,3303.7049793590195,3303.252840122768
2026-08-11 17:30:00-04:00,,,,,,,3296.156005859375,3303.1746459960937,3303.119683175223
2026-08-11 18:30:00-04:00,,,,,,,3296.01513671875,3302.6313232421876,3302.987371372768
2026-08-11 19:30:00-04:00,,,,,,,3295.874267578125,3302.075011097301,3302.8559047154017
2026-08-11 20:30:00-04:00,,,,,,,3295.7333984375,3301.5057095614347,3302.725283203125
2026-08-11 21:30:00-04:00,,,,,,,3295.592529296875,3300.9234186345884,3302.595506835937
2026-08-11 22:30:00-04:00,,,,,,,3295.45166015625,3300.328138316762,3302.4665756138393
2026-08-11 23:30:00-04:00,,,,,,,3295.310791015625,3299.7198686079546,3302.3384895368304
2026-08-12 00:30:00-04:00,,,,,,,3295.169921875,3299.098609508168,3302.211248604911
2026-08-12 01:30:00-04:00,,,,,,,3295.029052734375,3298.464361017401,3302.08485281808
2026-08-12 02:30:00-04:00,,,,,,,3294.88818359375,3297.8171231356537,3301.9593021763394
2026-08-12 03:30:00-04:00,,,,,,,3294.747314453125,3297.156895862926,3301.8345966796874
2026-08-12 04:30:00-04:00,,,,,,,3294.6064453125,3296.483679199219,3301.7107363281248
2026-08-12 05:30:00-04:00,,,,,,,3294.465576171875,3295.797473144531,3301.5877211216516
2026-08-12 06:30:00-04:00,,,,,,,3294.32470703125,3295.6629638671875,3301.4655510602674
2026-08-12 07:30:00-04:00,,,,,,,3294.183837890625,3295.5220947265625,3301.344226143973
2026-08-12 08:30:00-04:00,,,,,,,3294.04296875,3295.3812255859375,3301.223746372768
2026-08-12 09:30:00-04:00,3293.902099609375,3293.902099609375,3305.12744140625,3293.902099609375,3305.027099609375,0.0,3293.902099609375,3295.2403564453125,3301.104111746652
2026-08-12 10:30:00-04:00,3291.634521484375,3291.634521484375,3296.00439453125,3290.89501953125,3293.826904296875,0.0,3291.634521484375,3294.9931518554686,3300.9427880859375
2026-08-12 11:30:00-04:00,3291.385986328125,3291.385986328125,3291.385986328125,3291.385986328125,3291.385986328125,0.0,3291.385986328125,3294.7405639648437,3300.78015625
2026-08-12 12:30:00-04:00,,,,,,,3291.126453746449,3294.482042902166,3300.4965329811794
2026-08-12 13:30:00-04:00,,,,,,,3290.8669211647725,3294.2175886674363,3300.202401677912
2026-08-12 14:30:00-04:00,,,,,,,3290.6073885830965,3293.947201260654,3299.900701349432
2026-08-12 15:30:00-04:00,,,,,,,3290.3478560014205,3293.6708806818183,3299.5914319957387
2026-08-12 16:30:00-04:00,,,,,,,3290.0883234197445,3293.3886269309305,3299.274593616833
2026-08-12 17:30:00-04:00,,,,,,,3289.828790838068,3293.10044000799,3298.950186212713
2026-08-12 18:30:00-04:00,,,,,,,3289.569258256392,3292.8063199129974,3298.6182097833807
2026-08-12 19:30:00-04:00,,,,,,,3289.309725674716,3292.5062666459517,3298.2786643288355
2026-08-12 20:30:00-04:00,,,,,,,3289.05019309304,3292.2002802068537,3297.9315498490773
2026-08-12 21:30:00-04:00,,,,,,,3288.7906605113635,3291.888360595703,3297.5768663441054
2026-08-12 22:30:00-04:00,,,,,,,3288.5311279296875,3291.5705078125,3297.21461381392
2026-08-12 23:30:00-04:00,,,,,,,3288.2715953480115,3291.246721857244,3296.844792258523
2026-08-13 00:30:00-04:00,,,,,,,3288.012062766335,3290.917002729936,3296.4674016779118
2026-08-13 01:30:00-04:00,,,,,,,3287.752530184659,3290.5813504305756,3296.082442072088
2026-08-13 02:30:00-04:00,,,,,,,3287.492997602983,3290.239764959162,3295.689913441051
2026-08-13 03:30:00-04:00,,,,,,,3287.233465021307,3289.892246315696,3295.2898157848017
2026-08-13 04:30:00-04:00,,,,,,,3286.9739324396305,3289.5387945001776,3294.882149103338
2026-08-13 05:30:00-04:00,,,,,,,3286.7143998579545,3289.179409512607,3294.4669133966618
2026-08-13 06:30:00-04:00,,,,,,,3286.4548672762785,3288.9204268022017,3294.044108664773
2026-08-13 07:30:00-04:00,,,,,,,3286.1953346946025,3288.6608942205253,3293.6137349076707
2026-08-13 08:30:00-04:00,,,,,,,3285.935802112926,3288.401361638849,3293.175792125355
2026-08-13 09:30:00-04:00,3285.67626953125,3285.67626953125,3290.68310546875,3283.56591796875,3290.4970703125,0.0,3285.67626953125,3288.1418290571733,3292.7302803178263
2026-08-13 10:30:00-04:00,3281.43994140625,3281.43994140625,3286.712890625,3279.82763671875,3285.72509765625,0.0,3281.43994140625,3287.6834566983307,3292.197663574219
2026-08-13 11:30:00-04:00,3281.4609375,3281.4609375,3281.4609375,3281.4609375,3281.4609375,0.0,3281.4609375,3287.2391107732606,3291.663088378906
2026-08-13 12:30:00-04:00,,,,,,,3281.043956409801,3286.7868924227632,3291.3436696555395
2026-08-13 13:30:00-04:00,,,,,,,3280.6269753196025,3286.32680164684,3291.0161847478694
2026-08-13 14:30:00-04:00,,,,,,,3280.2099942294035,3285.85883844549,3290.6831776012073
2026-08-13 15:30:00-04:00,,,,,,,3279.7930131392045,3285.383002818714,3290.344648215554
2026-08-13 16:30:00-04:00,,,,,,,3279.3760320490055,3284.8992947665124,3290.000596590909
2026-08-13 17:30:00-04:00,,,,,,,3278.959050958807,3284.4077142888846,3289.651022727273
2026-08-13 18:30:00-04:00,,,,,,,3278.542069868608,3283.908261385831,3289.295926624645
2026-08-13 19:30:00-04:00,,,,,,,3278.125088778409,3283.400936057351,3288.9353082830257
2026-08-13 20:30:00-04:00,,,,,,,3277.70810768821,3282.8857383034447,3288.5691677024147
2026-08-13 21:30:00-04:00,,,,,,,3277.2911265980115,3282.362668124112,3288.1975048828126
2026-08-13 22:30:00-04:00,,,,,,,3276.8741455078125,3281.831725519354,3287.8203198242186
2026-08-13 23:30:00-04:00,,,,,,,3276.4571644176135,3281.292910489169,3287.4376125266335
2026-08-14 00:30:00-04:00,,,,,,,3276.040183327415,3280.7462230335586,3287.049382990057
2026-08-14 01:30:00-04:00,,,,,,,3275.623202237216,3280.1916631525214,3286.6556312144885
2026-08-14 02:30:00-04:00,,,,,,,3275.206221147017,3279.629230846058,3286.256357199929
2026-08-14 03:30:00-04:00,,,,,,,3274.789240056818,3279.0589261141686,3285.8515609463775
2026-08-14 04:30:00-04:00,,,,,,,3274.3722589666195,3278.4807489568534,3285.4412424538355
2026-08-14 05:30:00-04:00,,,,,,,3273.9552778764205,3277.894699374112,3285.025401722301
2026-08-14 06:30:00-04:00,,,,,,,3273.5382967862215,3277.4996171431108,3284.6040387517755
2026-08-14 07:30:00-04:00,,,,,,,3273.1213156960225,3277.082636052912,3284.177153542258
2026-08-14 08:30:00-04:00,,,,,,,3272.704334605824,3276.6656549627132,3283.74474609375
2026-08-14 09:30:00-04:00,3272.287353515625,3272.287353515625,3275.648193359375,3270.652587890625,3274.076171875,0.0,3272.287353515625,3276.2486738725142,3283.30681640625
2026-08-14 10:30:00-04:00,3274.423828125,3274.423828125,3274.423828125,3268.83642578125,3272.3046875,0.0,3274.423828125,3275.959365567294,3282.91443359375
2026-08-14 11:30:00-04:00,3274.521484375,3274.521484375,3274.521484375,3274.521484375,3274.521484375,0.0,3274.521484375,3275.6957891290836,3282.5268212890624
2026-08-14 12:30:00-04:00,,,,,,,3274.4302525111607,3275.4485001521916,3282.1827359095983
2026-08-14 13:30:00-04:00,,,,,,,3274.3390206473214,3275.217498636617,3281.841796595982
2026-08-14 14:30:00-04:00,,,,,,,3274.247788783482,3275.002784582361,3281.5042232967226
2026-08-14 15:30:00-04:00,,,,,,,3274.1565569196428,3274.804357989423,3281.1700160118203
2026-08-14 16:30:00-04:00,,,,,,,3274.0653250558034,3274.622218857802,3280.8391747412743
2026-08-14 17:30:00-04:00,,,,,,,3273.974093191964,3274.4563671875,3280.5116994850855
2026-08-14 18:30:00-04:00,,,,,,,3273.882861328125,3274.306802978516,3280.1875902432525
2026-08-14 19:30:00-04:00,,,,,,,3273.7916294642855,3274.1735262308493,3279.8668470157777
2026-08-14 20:30:00-04:00,,,,,,,3273.7003976004466,3274.0565369445007,3279.549469802658
2026-08-14 21:30:00-04:00,,,,,,,3273.6091657366073,3273.9558351194705,3279.235458603896
2026-08-14 22:30:00-04:00,,,,,,,3273.517933872768,3273.8714207557578,3278.9248134194904
2026-08-14 23:30:00-04:00,,,,,,,3273.4267020089287,3273.8032938533634,3278.6175342494416
2026-08-15 00:30:00-04:00,,,,,,,3273.3354701450894,3273.751454412287,3278.31362109375
2026-08-15 01:30:00-04:00,,,,,,,3273.24423828125,3273.7159024325283,3278.0130739524147
2026-08-15 02:30:00-04:00,,,,,,,3273.153006417411,3273.6966379140877,3277.715892825436
2026-08-15 03:30:00-04:00,,,,,,,3273.0617745535715,3273.6936608569654,3277.4220777128144
2026-08-15 04:30:00-04:00,,,,,,,3272.970542689732,3273.7069712611606,3277.13162861455
2026-08-15 05:30:00-04:00,,,,,,,3272.879310825893,3273.736569126674,3276.844545530641
2026-08-15 06:30:00-04:00,,,,,,,3272.7880789620535,3273.6547816685265,3276.56082846109
2026-08-15 07:30:00-04:00,,,,,,,3272.696847098214,3273.5635498046877,3276.280477405895
2026-08-15 08:30:00-04:00,,,,,,,3272.605615234375,3273.472317940848,3276.003492365057
2026-08-15 09:30:00-04:00,,,,,,,3272.5143833705356,3273.381086077009,3275.729873338575
2026-08-15 10:30:00-04:00,,,,,,,3272.4231515066963,3273.2898542131693,3275.4596203264505
2026-08-15 11:30:00-04:00,,,,,,,3272.331919642857,3273.1986223493304,3275.192733328683
2026-08-15 12:30:00-04:00,,,,,,,3272.2406877790177,3273.107390485491,3275.0087482561385
2026-08-15 13:30:00-04:00,,,,,,,3272.1494559151784,3273.016158621652,3274.822518624442
2026-08-15 14:30:00-04:00,,,,,,,3272.0582240513395,3272.9249267578125,3274.6428039772727
2026-08-15 15:30:00-04:00,,,,,,,3271.9669921875,3272.833694893973,3274.469604314631
2026-08-15 16:30:00-04:00,,,,,,,3271.875760323661,3272.742463030134,3274.302919636516
2026-08-15 17:30:00-04:00,,,,,,,3271.7845284598216,3272.6512311662946,3274.1427499429283
2026-08-15 18:30:00-04:00,,,,,,,3271.6932965959822,3272.5599993024557,3273.989095233868
2026-08-15 19:30:00-04:00,,,,,,,3271.602064732143,3272.468767438616,3273.841955509334
2026-08-15 20:30:00-04:00,,,,,,,3271.5108328683036,3272.377535574777,3273.7013307693287
2026-08-15 21:30:00-04:00,,,,,,,3271.4196010044643,3272.2863037109373,3273.5672210138496
2026-08-15 22:30:00-04:00,,,,,,,3271.328369140625,3272.1950718470985,3273.439626242898
2026-08-15 23:30:00-04:00,,,,,,,3271.2371372767857,3272.1038399832587,3273.3185464564735
2026-08-16 00:30:00-04:00,,,,,,,3271.1459054129464,3272.01260811942,3273.2039816545757
2026-08-16 01:30:00-04:00,,,,,,,3271.054673549107,3271.92137625558,3273.095931837206
2026-08-16 02:30:00-04:00,,,,,,,3270.9634416852678,3271.830144391741,3272.9943970043632
2026-08-16 03:30:00-04:00,,,,,,,3270.8722098214284,3271.7389125279014,3272.899377156047
2026-08-16 04:30:00-04:00,,,,,,,3270.780977957589,3271.6476806640626,3272.8108722922584
2026-08-16 05:30:00-04:00,,,,,,,3270.68974609375,3271.556448800223,3272.7288824129973
2026-08-16 06:30:00-04:00,,,,,,,3270.5985142299105,3271.4652169363844,3272.653407518263
2026-08-16 07:30:00-04:00,,,,,,,3270.5072823660716,3271.373985072544,3272.5844476080565
2026-08-16 08:30:00-04:00,,,,,,,3270.4160505022323,3271.2827532087053,3272.5220026823763
2026-08-16 09:30:00-04:00,,,,,,,3270.324818638393,3271.191521344866,3272.466072741224
2026-08-16 10:30:00-04:00,,,,,,,3270.2335867745537,3271.100289481027,3272.416657784598
2026-08-16 11:30:00-04:00,,,,,,,3270.1423549107144,3271.0090576171874,3272.3737578125
2026-08-16 12:30:00-04:00,,,,,,,3270.051123046875,3270.9178257533486,3272.2863037109373
2026-08-16 13:30:00-04:00,,,,,,,3269.959891183036,3270.826593889509,3272.1950718470985
2026-08-16 14:30:00-04:00,,,,,,,3269.8686593191965,3270.73536202567,3272.1038399832587
2026-08-16 15:30:00-04:00,,,,,,,3269.777427455357,3270.64413016183,3272.01260811942
2026-08-16 16:30:00-04:00,,,,,,,3269.686195591518,3270.552898297991,3271.92137625558
2026-08-16 17:30:00-04:00,,,,,,,3269.5949637276785,3270.4616664341515,3271.8301443917408
2026-08-16 18:30:00-04:00,,,,,,,3269.503731863839,3270.3704345703127,3271.738912527902
2026-08-16 19:30:00-04:00,,,,,,,3269.4125,3270.279202706473,3271.6476806640626
2026-08-16 20:30:00-04:00,,,,,,,3269.3212681361606,3270.187970842634,3271.5564488002233
2026-08-16 21:30:00-04:00,,,,,,,3269.2300362723213,3270.0967389787943,3271.4652169363835
2026-08-16 22:30:00-04:00,,,,,,,3269.138804408482,3270.0055071149554,3271.373985072544
2026-08-16 23:30:00-04:00,,,,,,,3269.0475725446427,3269.914275251116,3271.282753208706
2026-08-17 00:30:00-04:00,,,,,,,3268.9563406808034,3269.823043387277,3271.1915213448665
2026-08-17 01:30:00-04:00,,,,,,,3268.8651088169645,3269.7318115234375,3271.1002894810267
2026-08-17 02:30:00-04:00,,,,,,,3268.773876953125,3269.640579659598,3271.0090576171874
2026-08-17 03:30:00-04:00,,,,,,,3268.682645089286,3269.549347795759,3270.917825753348
2026-08-17 04:30:00-04:00,,,,,,,3268.5914132254466,3269.4581159319196,3270.8265938895092
2026-08-17 05:30:00-04:00,,,,,,,3268.5001813616072,3269.3668840680807,3270.73536202567
2026-08-17 06:30:00-04:00,,,,,,,3268.408949497768,3269.275652204241,3270.64413016183
2026-08-17 07:30:00-04:00,,,,,,,3268.3177176339286,3269.184420340402,3270.5528982979913
2026-08-17 08:30:00-04:00,,,,,,,3268.2264857700893,3269.0931884765623,3270.4616664341515
2026-08-17 09:30:00-04:00,3268.13525390625,3268.13525390625,3270.95703125,3264.252197265625,3265.288818359375,0.0,3268.13525390625,3269.0019566127235,3270.3704345703127
2026-08-17 10:30:00-04:00,3266.303466796875,3266.303466796875,3268.048828125,3261.718994140625,3268.048828125,0.0,3266.303466796875,3268.823696986607,3270.2443916015623
2026-08-17 11:30:00-04:00,3266.303466796875,3266.303466796875,3266.303466796875,3266.303466796875,3266.303466796875,0.0,3266.303466796875,3268.6499989536833,3270.1201732700893
2026-08-17 12:30:00-04:00,,,,,,,3265.5057262073865,3268.4409754844764,3269.9818247641033
2026-08-17 13:30:00-04:00,,,,,,,3264.7079856178975,3268.196626578988,3269.829346083604
2026-08-17 14:30:00-04:00,,,,,,,3263.910245028409,3267.916952237216,3269.6627372285916
2026-08-17 15:30:00-04:00,,,,,,,3263.1125044389205,3267.601952459162,3269.4819981990663
2026-08-17 16:30:00-04:00,,,,,,,3262.314763849432,3267.2516272448256,3269.287128995029
2026-08-17 17:30:00-04:00,,,,,,,3261.517023259943,3266.8659765942066,3269.078129616477
2026-08-17 18:30:00-04:00,,,,,,,3260.7192826704545,3266.445000507305,3268.855000063413
2026-08-17 19:30:00-04:00,,,,,,,3259.921542080966,3265.9886989841216,3268.617740335836
2026-08-17 20:30:00-04:00,,,,,,,3259.1238014914775,3265.4970720246556,3268.366350433746
2026-08-17 21:30:00-04:00,,,,,,,3258.3260609019885,3264.9701196289066,3268.100830357143
2026-08-17 22:30:00-04:00,,,,,,,3257.5283203125,3264.407841796875,3267.8211801060265
2026-08-17 23:30:00-04:00,,,,,,,3256.7305797230115,3263.8102385285615,3267.527399680398
2026-08-18 00:30:00-04:00,,,,,,,3255.9328391335225,3263.1773098239655,3267.2194890802557
2026-08-18 01:30:00-04:00,,,,,,,3255.135098544034,3262.5090556830864,3266.8974483056004
2026-08-18 02:30:00-04:00,,,,,,,3254.3373579545455,3261.805476105925,3266.5612773564326
2026-08-18 03:30:00-04:00,,,,,,,3253.539617365057,3261.0665710924814,3266.210976232752
2026-08-18 04:30:00-04:00,,,,,,,3252.741876775568,3260.2923406427553,3265.846544934557
2026-08-18 05:30:00-04:00,,,,,,,3251.9441361860795,3259.482784756747,3265.4679834618505
2026-08-18 06:30:00-04:00,,,,,,,3251.146395596591,3258.724931196733,3265.0752918146304
2026-08-18 07:30:00-04:00,,,,,,,3250.3486550071025,3257.9271906072445,3264.6684699928983
2026-08-18 08:30:00-04:00,,,,,,,3249.5509144176135,3257.1294500177555,3264.2475179966514
2026-08-18 09:30:00-04:00,3248.753173828125,3248.753173828125,3253.92529296875,3242.881591796875,3250.048828125,0.0,3248.753173828125,3256.331709428267,3263.8124358258924
2026-08-18 10:30:00-04:00,3244.00537109375,3244.00537109375,3250.277099609375,3240.67822265625,3248.847900390625,0.0,3244.00537109375,3255.336465731534,3263.2842222377235
2026-08-18 11:30:00-04:00,3244.6650390625,3244.6650390625,3244.6650390625,3244.6650390625,3244.6650390625,0.0,3244.6650390625,3254.414092462713,3262.7710266462054
2026-08-18 12:30:00-04:00,,,,,,,3244.5329034978695,3253.524999445135,3262.257012980672
2026-08-18 13:30:00-04:00,,,,,,,3244.4007679332385,3252.6691866787996,3261.742181241122
2026-08-18 14:30:00-04:00,,,,,,,3244.268632368608,3251.846654163707,3261.226531427557
2026-08-18 15:30:00-04:00,,,,,,,3244.1364968039775,3251.0574018998577,3260.7100635399756
2026-08-18 16:30:00-04:00,,,,,,,3244.0043612393465,3250.3014298872513,3260.192777578379
2026-08-18 17:30:00-04:00,,,,,,,3243.872225674716,3249.578738125888,3259.6746735427655
2026-08-18 18:30:00-04:00,,,,,,,3243.740090110085,3248.889326615767,3259.1557514331375
2026-08-18 19:30:00-04:00,,,,,,,3243.6079545454545,3248.233195356889,3258.636011249493
2026-08-18 20:30:00-04:00,,,,,,,3243.475818980824,3247.6103443492543,3258.115452991832
2026-08-18 21:30:00-04:00,,,,,,,3243.343683416193,3247.0207735928625,3257.594076660156
2026-08-18 22:30:00-04:00,,,,,,,3243.2115478515625,3246.4644830877132,3257.0718822544645
2026-08-18 23:30:00-04:00,,,,,,,3243.079412286932,3245.941472833807,3256.5488697747564
2026-08-19 00:30:00-04:00,,,,,,,3242.947276722301,3245.4517428311437,3256.0250392210332
2026-08-19 01:30:00-04:00,,,,,,,3242.8151411576705,3244.995293079723,3255.500390593293
2026-08-19 02:30:00-04:00,,,,,,,3242.68300559304,3244.5721235795454,3254.974923891538
2026-08-19 03:30:00-04:00,,,,,,,3242.550870028409,3244.1822343306108,3254.4486391157675
2026-08-19 04:30:00-04:00,,,,,,,3242.4187344637785,3243.825625332919,3253.92153626598
2026-08-19 05:30:00-04:00,,,,,,,3242.2865988991475,3243.50229658647,3253.3936153421773
2026-08-19 06:30:00-04:00,,,,,,,3242.154463334517,3243.4097511985083,3252.864876344359
2026-08-19 07:30:00-04:00,,,,,,,3242.0223277698865,3243.2776156338778,3252.3353192725244
2026-08-19 08:30:00-04:00,,,,,,,3241.8901922052555,3243.1454800692472,3251.804944126674
2026-08-19 09:30:00-04:00,3241.758056640625,3241.758056640625,3243.40087890625,3235.68408203125,3243.40087890625,0.0,3241.758056640625,3243.0133445046167,3251.273750906808
2026-08-19 10:30:00-04:00,3243.63330078125,3243.63330078125,3245.356689453125,3239.731689453125,3241.47412109375,0.0,3243.63330078125,3242.9815779252485,3250.781887207031
2026-08-19 11:30:00-04:00,3243.81103515625,3243.81103515625,3243.81103515625,3243.81103515625,3243.81103515625,0.0,3243.81103515625,3242.965304842862,3250.2954028320314
2026-08-19 12:30:00-04:00,,,,,,,3244.1738836115055,3242.97378096147,3249.852811168324
2026-08-19 13:30:00-04:00,,,,,,,3244.5367320667615,3243.007006281073,3249.4174764737213
2026-08-19 14:30:00-04:00,,,,,,,3244.899580522017,3243.064980801669,3249.005353560014
2026-08-19 15:30:00-04:00,,,,,,,3245.2624289772725,3243.14770452326,3248.6164424272015
2026-08-19 16:30:00-04:00,,,,,,,3245.6252774325285,3243.255177445845,3248.250743075284
2026-08-19 17:30:00-04:00,,,,,,,3245.988125887784,3243.387399569425,3247.9082555042614
2026-08-19 18:30:00-04:00,,,,,,,3246.35097434304,3243.544370893999,3247.5889797141335
2026-08-19 19:30:00-04:00,,,,,,,3246.7138227982955,3243.7260914195667,3247.2929157049007
2026-08-19 20:30:00-04:00,,,,,,,3247.076671253551,3243.932561146129,3247.0200634765624
2026-08-19 21:30:00-04:00,,,,,,,3247.439519708807,3244.163780073686,3246.7704230291192
2026-08-19 22:30:00-04:00,,,,,,,3247.8023681640625,3244.4197482022373,3246.5439943625706
2026-08-19 23:30:00-04:00,,,,,,,3248.165216619318,3244.7004655317824,3246.3407774769175
2026-08-20 00:30:00-04:00,,,,,,,3248.528065074574,3245.0059320623227,3246.160772372159
2026-08-20 01:30:00-04:00,,,,,,,3248.8909135298295,3245.336147793857,3246.003979048295
2026-08-20 02:30:00-04:00,,,,,,,3249.253761985085,3245.691112726385,3245.8703975053268
2026-08-20 03:30:00-04:00,,,,,,,3249.616610440341,3246.0708268599074,3245.7600277432525
2026-08-20 04:30:00-04:00,,,,,,,3249.9794588955965,3246.475290194425,3245.672869762074
2026-08-20 05:30:00-04:00,,,,,,,3250.3423073508525,3246.904502729936,3245.6089235617897
2026-08-20 06:30:00-04:00,,,,,,,3250.705155806108,3247.258095481179,3245.5681891424006
2026-08-20 07:30:00-04:00,,,,,,,3251.0680042613635,3247.6209439364347,3245.550666503906
2026-08-20 08:30:00-04:00,,,,,,,3251.4308527166195,3247.9837923916903,3245.5563556463067
2026-08-20 09:30:00-04:00,3251.793701171875,3251.793701171875,3254.15087890625,3248.3125,3249.6982421875,0.0,3251.793701171875,3248.346640846946,3245.5852565696023
2026-08-20 10:30:00-04:00,3258.916259765625,3258.916259765625,3263.005615234375,3251.706298828125,3251.706298828125,0.0,3258.916259765625,3249.0474748091265,3245.7725634765625
2026-08-20 11:30:00-04:00,3258.328857421875,3258.328857421875,3258.328857421875,3258.328857421875,3258.328857421875,0.0,3258.328857421875,3249.7007962313564,3245.9640771484374
2026-08-20 12:30:00-04:00,,,,,,,3260.1788441051135,3250.4284745649857,3246.2875466086643
2026-08-20 13:30:00-04:00,,,,,,,3262.0288307883525,3251.230509810014,3246.6348224431817
2026-08-20 14:30:00-04:00,,,,,,,3263.878817471591,3252.106901966442,3247.0217407226564
2026-08-20 15:30:00-04:00,,,,,,,3265.7288041548295,3253.0576510342685,3247.448301447088
2026-08-20 16:30:00-04:00,,,,,,,3267.578790838068,3254.0827570134943,3247.914504616477
2026-08-20 17:30:00-04:00,,,,,,,3269.428777521307,3255.1822199041194,3248.420350230824
2026-08-20 18:30:00-04:00,,,,,,,3271.2787642045455,3256.3560397061437,3248.9658382901275
2026-08-20 19:30:00-04:00,,,,,,,3273.128750887784,3257.604216419567,3249.550968794389
2026-08-20 20:30:00-04:00,,,,,,,3274.9787375710225,3258.926750044389,3250.175741743608
2026-08-20 21:30:00-04:00,,,,,,,3276.8287242542615,3260.3236405806106,3250.840157137784
2026-08-20 22:30:00-04:00,,,,,,,3278.6787109375,3261.7948880282315,3251.544214976918
2026-08-20 23:30:00-04:00,,,,,,,3280.5286976207385,3263.3404923872513,3252.2879152610085
2026-08-21 00:30:00-04:00,,,,,,,3282.3786843039775,3264.9604536576703,3253.071257990057
2026-08-21 01:30:00-04:00,,,,,,,3284.228670987216,3266.6547718394886,3253.8942431640626
2026-08-21 02:30:00-04:00,,,,,,,3286.0786576704545,3268.423446932706,3254.7568707830255
2026-08-21 03:30:00-04:00,,,,,,,3287.928644353693,3270.2664789373225,3255.659140846946
2026-08-21 04:30:00-04:00,,,,,,,3289.778631036932,3272.183867853338,3256.6010533558238
2026-08-21 05:30:00-04:00,,,,,,,3291.6286177201705,3274.175613680753,3257.582608309659
2026-08-21 06:30:00-04:00,,,,,,,3293.478604403409,3275.903730912642,3258.6038057084515
2026-08-21 07:30:00-04:00,,,,,,,3295.3285910866475,3277.753717595881,3259.6646455522014
2026-08-21 08:30:00-04:00,,,,,,,3297.1785777698865,3279.60370427912,3260.765127840909
2026-08-21 09:30:00-04:00,3299.028564453125,3299.028564453125,3302.638916015625,3296.420654296875,3296.98828125,0.0,3299.028564453125,3281.453690962358,3261.9052525745738
2026-08-21 10:30:00-04:00,3291.54931640625,3291.54931640625,3300.142822265625,3291.3701171875,3299.067138671875,0.0,3291.54931640625,3282.8372159090914,3262.898435058594
2026-08-21 11:30:00-04:00,3292.338134765625,3292.338134765625,3292.338134765625,3292.338134765625,3292.338134765625,0.0,3292.338134765625,3284.16768243963,3263.9100366210937
2026-08-21 12:30:00-04:00,,,,,,,3292.380238560268,3285.40775482574,3264.884975376674
2026-08-21 13:30:00-04:00,,,,,,,3292.4223423549106,3286.557433067421,3265.8572015206473
2026-08-21 14:30:00-04:00,,,,,,,3292.4644461495536,3287.616717164671,3266.823012771408
2026-08-21 15:30:00-04:00,,,,,,,3292.5065499441966,3288.585607117492,3267.782409128957
2026-08-21 16:30:00-04:00,,,,,,,3292.548653738839,3289.464102925883,3268.7353905932932
2026-08-21 17:30:00-04:00,,,,,,,3292.5907575334822,3290.252204589844,3269.681957164418
2026-08-21 18:30:00-04:00,,,,,,,3292.632861328125,3290.949912109375,3270.6221088423295
2026-08-21 19:30:00-04:00,,,,,,,3292.674965122768,3291.5572254844765,3271.555845627029
2026-08-21 20:30:00-04:00,,,,,,,3292.717068917411,3292.0741447151486,3272.4831675185164
2026-08-21 21:30:00-04:00,,,,,,,3292.7591727120534,3292.5006698013904,3273.404074516792
2026-08-21 22:30:00-04:00,,,,,,,3292.8012765066965,3292.8368007432023,3274.3185666218546
2026-08-21 23:30:00-04:00,,,,,,,3292.8433803013395,3293.082537540585,3275.2266438337056
2026-08-22 00:30:00-04:00,,,,,,,3292.885484095982,3293.2378801935365,3276.128306152344
2026-08-22 01:30:00-04:00,,,,,,,3292.927587890625,3293.3028287020597,3277.0235535777697
2026-08-22 02:30:00-04:00,,,,,,,3292.9696916852677,3293.2773830661527,3277.912386109984
2026-08-22 03:30:00-04:00,,,,,,,3293.0117954799107,3293.161543285816,3278.7948037489855
2026-08-22 04:30:00-04:00,,,,,,,3293.0538992745537,3292.9553093610493,3279.6708064947748
2026-08-22 05:30:00-04:00,,,,,,,3293.0960030691963,3292.6586812918526,3280.540394347352
2026-08-22 06:30:00-04:00,,,,,,,3293.1381068638393,3292.738120814732,3281.4035673067165
2026-08-22 07:30:00-04:00,,,,,,,3293.1802106584823,3292.780224609375,3282.2603253728694
2026-08-22 08:30:00-04:00,,,,,,,3293.222314453125,3292.8223284040178,3283.11066854581
2026-08-22 09:30:00-04:00,,,,,,,3293.264418247768,3292.8644321986603,3283.954596825538
2026-08-22 10:30:00-04:00,,,,,,,3293.3065220424105,3292.906535993304,3284.7921102120536
2026-08-22 11:30:00-04:00,,,,,,,3293.3486258370535,3292.948639787947,3285.6232087053572
2026-08-22 12:30:00-04:00,,,,,,,3293.3907296316966,3292.9907435825894,3286.3126981026785
2026-08-22 13:30:00-04:00,,,,,,,3293.432833426339,3293.0328473772324,3287.0147776227677
2026-08-22 14:30:00-04:00,,,,,,,3293.474937220982,3293.074951171875,3287.6806994850854
2026-08-22 15:30:00-04:00,,,,,,,3293.517041015625,3293.1170549665176,3288.310463689631
2026-08-22 16:30:00-04:00,,,,,,,3293.5591448102678,3293.1591587611606,3288.904070236404
2026-08-22 17:30:00-04:00,,,,,,,3293.601248604911,3293.201262555804,3289.4615191254056
2026-08-22 18:30:00-04:00,,,,,,,3293.6433523995534,3293.2433663504466,3289.9828103566356
2026-08-22 19:30:00-04:00,,,,,,,3293.6854561941964,3293.2854701450897,3290.4679439300935
2026-08-22 20:30:00-04:00,,,,,,,3293.7275599888394,3293.3275739397322,3290.9169198457794
2026-08-22 21:30:00-04:00,,,,,,,3293.769663783482,3293.369677734375,3291.329738103693
2026-08-22 22:30:00-04:00,,,,,,,3293.811767578125,3293.411781529018,3291.7063987038355
2026-08-22 23:30:00-04:00,,,,,,,3293.853871372768,3293.4538853236604,3292.0469016462052
2026-08-23 00:30:00-04:00,,,,,,,3293.8959751674106,3293.4959891183034,3292.351246930804
2026-08-23 01:30:00-04:00,,,,,,,3293.9380789620536,3293.538092912947,3292.61943455763
2026-08-23 02:30:00-04:00,,,,,,,3293.9801827566966,3293.5801967075895,3292.851464526684
2026-08-23 03:30:00-04:00,,,,,,,3294.022286551339,3293.622300502232,3293.0473368379667
2026-08-23 04:30:00-04:00,,,,,,,3294.0643903459822,3293.664404296875,3293.207051491477
2026-08-23 05:30:00-04:00,,,,,,,3294.106494140625,3293.7065080915177,3293.330608487216
2026-08-23 06:30:00-04:00,,,,,,,3294.148597935268,3293.7486118861607,3293.4180078251825
2026-08-23 07:30:00-04:00,,,,,,,3294.190701729911,3293.790715680804,3293.4692495053773
2026-08-23 08:30:00-04:00,,,,,,,3294.2328055245534,3293.8328194754467,3293.4843335278006
2026-08-23 09:30:00-04:00,,,,,,,3294.2749093191965,3293.8749232700893,3293.4632598924513
2026-08-23 10:30:00-04:00,,,,,,,3294.3170131138395,3293.9170270647323,3293.4060285993305
2026-08-23 11:30:00-04:00,,,,,,,3294.359116908482,3293.959130859375,3293.3126396484377
2026-08-23 12:30:00-04:00,,,,,,,3294.401220703125,3294.001234654018,3293.369677734375
2026-08-23 13:30:00-04:00,,,,,,,3294.4433244977677,3294.0433384486605,3293.4117815290174
2026-08-23 14:30:00-04:00,,,,,,,3294.4854282924107,3294.085442243304,3293.453885323661
2026-08-23 15:30:00-04:00,,,,,,,3294.5275320870537,3294.127546037946,3293.4959891183034
2026-08-23 16:30:00-04:00,,,,,,,3294.5696358816963,3294.1696498325896,3293.5380929129465
2026-08-23 17:30:00-04:00,,,,,,,3294.6117396763393,3294.211753627232,3293.580196707589
2026-08-23 18:30:00-04:00,,,,,,,3294.6538434709823,3294.253857421875,3293.6223005022325
2026-08-23 19:30:00-04:00,,,,,,,3294.695947265625,3294.2959612165178,3293.664404296875
2026-08-23 20:30:00-04:00,,,,,,,3294.738051060268,3294.3380650111603,3293.706508091518
2026-08-23 21:30:00-04:00,,,,,,,3294.7801548549105,3294.380168805804,3293.7486118861607
2026-08-23 22:30:00-04:00,,,,,,,3294.8222586495535,3294.422272600447,3293.790715680804
2026-08-23 23:30:00-04:00,,,,,,,3294.8643624441966,3294.4643763950894,3293.832819475446
2026-08-24 00:30:00-04:00,,,,,,,3294.906466238839,3294.5064801897324,3293.8749232700893
2026-08-24 01:30:00-04:00,,,,,,,3294.948570033482,3294.548583984375,3293.917027064732
2026-08-24 02:30:00-04:00,,,,,,,3294.990673828125,3294.5906877790176,3293.959130859375
2026-08-24 03:30:00-04:00,,,,,,,3295.0327776227678,3294.6327915736606,3294.0012346540175
2026-08-24 04:30:00-04:00,,,,,,,3295.074881417411,3294.674895368304,3294.043338448661
2026-08-24 05:30:00-04:00,,,,,,,3295.1169852120534,3294.7169991629466,3294.0854422433035
2026-08-24 06:30:00-04:00,,,,,,,3295.1590890066964,3294.7591029575897,3294.1275460379466
2026-08-24 07:30:00-04:00,,,,,,,3295.2011928013394,3294.8012067522322,3294.169649832589
2026-08-24 08:30:00-04:00,,,,,,,3295.243296595982,3294.843310546875,3294.2117536272326
2026-08-24 09:30:00-04:00,3295.285400390625,3295.285400390625,3298.64990234375,3289.315185546875,3296.955078125,0.0,3295.285400390625,3294.885414341518,3294.253857421875
2026-08-24 10:30:00-04:00,3290.941162109375,3290.941162109375,3297.60498046875,3290.941162109375,3295.12353515625,0.0,3290.941162109375,3294.708201032366,3294.208234375
2026-08-24 11:30:00-04:00,3290.843505859375,3290.843505859375,3290.843505859375,3290.843505859375,3290.843505859375,0.0,3290.843505859375,3294.523999720982,3294.1598161272323
2026-08-24 12:30:00-04:00,,,,,,,3292.3502197265625,3294.4130289132254,3294.140690080915
2026-08-24 13:30:00-04:00,,,,,,,3293.85693359375,3294.375288609096,3294.1508562360486
2026-08-24 14:30:00-04:00,,,,,,,3295.3636474609375,3294.410778808594,3294.190314592634
2026-08-24 15:30:00-04:00,,,,,,,3296.870361328125,3294.5194995117185,3294.25906515067
2026-08-24 16:30:00-04:00,,,,,,,3298.3770751953125,3294.701450718471,3294.3571079101566
2026-08-24 17:30:00-04:00,,,,,,,3299.8837890625,3294.9566324288508,3294.4844428710935
2026-08-24 18:30:00-04:00,,,,,,,3301.3905029296875,3295.2850446428574,3294.6410700334823
2026-08-24 19:30:00-04:00,,,,,,,3302.897216796875,3295.6866873604913,3294.8269893973215
2026-08-24 20:30:00-04:00,,,,,,,3304.4039306640625,3296.1615605817524,3295.042200962612
2026-08-24 21:30:00-04:00,,,,,,,3305.91064453125,3296.7096643066407,3295.2867047293526
2026-08-24 22:30:00-04:00,,,,,,,3307.4173583984375,3297.330998535156,3295.5605006975447
2026-08-24 23:30:00-04:00,,,,,,,3308.924072265625,3298.025563267299,3295.8635888671874
2026-08-25 00:30:00-04:00,,,,,,,3310.4307861328125,3298.7933585030696,3296.195969238281
2026-08-25 01:30:00-04:00,,,,,,,3311.9375,3299.634384242467,3296.557641810826
2026-08-25 02:30:00-04:00,,,,,,,3313.4442138671875,3300.5486404854905,3296.9486065848214
2026-08-25 03:30:00-04:00,,,,,,,3314.950927734375,3301.5361272321434,3297.368863560268
2026-08-25 04:30:00-04:00,,,,,,,3316.4576416015625,3302.596844482422,3297.8184127371655
2026-08-25 05:30:00-04:00,,,,,,,3317.96435546875,3303.730792236328,3298.2972541155136
2026-08-25 06:30:00-04:00,,,,,,,3319.4710693359375,3305.1572875976562,3298.805387695312
2026-08-25 07:30:00-04:00,,,,,,,3320.977783203125,3306.6640014648438,3299.3428134765627
2026-08-25 08:30:00-04:00,,,,,,,3322.4844970703125,3308.1707153320312,3299.9095314592637
2026-08-25 09:30:00-04:00,3323.9912109375,3323.9912109375,3326.478759765625,3318.636474609375,3322.751708984375,0.0,3323.9912109375,3309.6774291992188,3300.505541643415
2026-08-25 10:30:00-04:00,3318.1865234375,3318.1865234375,3326.527099609375,3318.1865234375,3323.855712890625,0.0,3318.1865234375,3310.818572998047,3300.9846160016737
2026-08-25 11:30:00-04:00,3318.255615234375,3318.255615234375,3318.255615234375,3318.255615234375,3318.255615234375,0.0,3318.255615234375,3311.887835693359,3301.464230119978
2026-08-25 12:30:00-04:00,,,,,,,3319.1021839488635,3312.924091131037,3301.959933536678
2026-08-25 13:30:00-04:00,,,,,,,3319.9487526633525,3313.9273393110793,3302.471726251775
2026-08-25 14:30:00-04:00,,,,,,,3320.795321377841,3314.897580233487,3302.9996082652697
2026-08-25 15:30:00-04:00,,,,,,,3321.6418900923295,3315.8348138982597,3303.5435795771614
2026-08-25 16:30:00-04:00,,,,,,,3322.488458806818,3316.739040305398,3304.103640187449
2026-08-25 17:30:00-04:00,,,,,,,3323.335027521307,3317.6102594549,3304.6797900961346
2026-08-25 18:30:00-04:00,,,,,,,3324.1815962357955,3318.448471346768,3305.272029303216
2026-08-25 19:30:00-04:00,,,,,,,3325.028164950284,3319.2536759810014,3305.8803578086954
2026-08-25 20:30:00-04:00,,,,,,,3325.8747336647725,3320.0258733575997,3306.504775612571
2026-08-25 21:30:00-04:00,,,,,,,3326.7213023792615,3320.7650634765623,3307.1452827148437
2026-08-25 22:30:00-04:00,,,,,,,3327.56787109375,3321.4712463378905,3307.801879115513
2026-08-25 23:30:00-04:00,,,,,,,3328.4144398082385,3322.144421941584,3308.47456481458
2026-08-26 00:30:00-04:00,,,,,,,3329.2610085227275,3322.784590287642,3309.163339812043
2026-08-26 01:30:00-04:00,,,,,,,3330.107577237216,3323.3917513760653,3309.8682041079037
2026-08-26 02:30:00-04:00,,,,,,,3330.9541459517045,3323.9659052068537,3310.5891577021616
2026-08-26 03:30:00-04:00,,,,,,,3331.800714666193,3324.5070517800073,3311.3262005948154
2026-08-26 04:30:00-04:00,,,,,,,3332.647283380682,3325.0151910955256,3312.0793327858664
2026-08-26 05:30:00-04:00,,,,,,,3333.4938520951705,3325.490323153409,3312.8485542753147
2026-08-26 06:30:00-04:00,,,,,,,3334.340420809659,3326.298018022017,3313.6338650631596
2026-08-26 07:30:00-04:00,,,,,,,3335.1869895241475,3327.144586736506,3314.4352651494014
2026-08-26 08:30:00-04:00,,,,,,,3336.0335582386365,3327.991155450995,3315.25275453404
2026-08-26 09:30:00-04:00,3336.880126953125,3336.880126953125,3341.0654296875,3330.16162109375,3334.736572265625,0.0,3336.880126953125,3328.837724165483,3316.086333217076
2026-08-26 10:30:00-04:00,3326.620849609375,3326.620849609375,3337.521728515625,3325.774169921875,3336.87890625,0.0,3326.620849609375,3329.1290005770597,3316.713884277344
2026-08-26 11:30:00-04:00,3326.343994140625,3326.343994140625,3326.343994140625,3326.343994140625,3326.343994140625,0.0,3326.343994140625,3329.364105779474,3317.335056152344
