geo,tid,varde
DK,2008,63.02
DK,2009,67.51
DK,2010,71.26
DK,2011,70.98
DK,2012,68.61
DK,2013,73.02
DK,2014,63.67
DK,2015,56.59
DK,2016,59.71
DK,2017,59.46
DK,2018,62.88
DK,2019,67.52
DK,2020,71.55
DK,2021,72.29
DK,2022,71.64
DK,2023,70.02
DK,2024,69.9
FI,2008,66.6
FI,2009,67.38
FI,2010,62.86
FI,2011,60.8
FI,2012,61.21
FI,2013,60.72
FI,2014,57.75
FI,2015,57.29
FI,2016,57.51
FI,2017,56.0
FI,2018,53.62
FI,2019,53.37
FI,2020,49.79
FI,2021,50.8
FI,2022,51.57
FI,2023,53.24
FI,2024,56.87
SE,2008,77.02
SE,2009,78.71
SE,2010,73.29
SE,2011,70.83
SE,2012,66.39
SE,2013,59.89
SE,2014,60.21
SE,2015,58.39
SE,2016,57.44
SE,2017,57.16
SE,2018,60.41
SE,2019,65.68
SE,2020,70.66
SE,2021,74.92
SE,2022,80.5
SE,2023,92.65
SE,2024,106.48
IS,2008,44.38
IS,2009,46.34
IS,2010,52.58
IS,2011,47.1
IS,2012,47.88
IS,2013,47.23
IS,2014,47.29
IS,2015,42.24
IS,2016,34.88
IS,2017,40.49
IS,2018,39.03
IS,2019,44.26
IS,2020,38.72
IS,2021,38.5
IS,2022,36.68
IS,2023,35.59
IS,2024,35.46
NO,2008,73.4
NO,2009,69.59
NO,2010,73.36
NO,2011,78.57
NO,2012,81.27
NO,2013,76.59
NO,2016,80.45
NO,2017,79.19
NO,2018,71.59
NO,2019,66.83
NO,2020,65.82
NO,2021,67.72
NO,2022,67.96
NO,2023,62.53
NO,2024,60.52
